{
    "type": "FeatureCollection",
    "features": [
        {
            "type": "Feature",
            "properties": {
                "index": "0",
                "index_0": "8a31aa4230c7fff",
                "id": "8a31aa4230c7fff",
                "detour_factor": 2.086094,
                "color": "#eea321",
                "label": "Medium Detour"
            },
            "geometry": {
                "type": "Polygon",
                "coordinates": [
                    [
                        [
                            116.3537978,
                            39.9066062
                        ],
                        [
                            116.3530809,
                            39.906497
                        ],
                        [
                            116.3527487,
                            39.9059198
                        ],
                        [
                            116.3531334,
                            39.9054518
                        ],
                        [
                            116.3538502,
                            39.9055611
                        ],
                        [
                            116.3541824,
                            39.9061383
                        ],
                        [
                            116.3537978,
                            39.9066062
                        ]
                    ]
                ]
            }
        },
        {
            "type": "Feature",
            "properties": {
                "index": "1",
                "index_0": "8a31aa423057fff",
                "id": "8a31aa423057fff",
                "detour_factor": 3.786508,
                "color": "#e75a13",
                "label": "High Detour"
            },
            "geometry": {
                "type": "Polygon",
                "coordinates": [
                    [
                        [
                            116.3547945,
                            39.9083378
                        ],
                        [
                            116.3540776,
                            39.9082285
                        ],
                        [
                            116.3537454,
                            39.9076513
                        ],
                        [
                            116.35413,
                            39.9071834
                        ],
                        [
                            116.3548469,
                            39.9072926
                        ],
                        [
                            116.3551791,
                            39.9078698
                        ],
                        [
                            116.3547945,
                            39.9083378
                        ]
                    ]
                ]
            }
        },
        {
            "type": "Feature",
            "properties": {
                "index": "2",
                "index_0": "8a31aa42171ffff",
                "id": "8a31aa42171ffff",
                "detour_factor": 2.260871,
                "color": "#eea321",
                "label": "Medium Detour"
            },
            "geometry": {
                "type": "Polygon",
                "coordinates": [
                    [
                        [
                            116.3661267,
                            39.9200679
                        ],
                        [
                            116.3654097,
                            39.9199588
                        ],
                        [
                            116.3650774,
                            39.9193817
                        ],
                        [
                            116.3654619,
                            39.9189136
                        ],
                        [
                            116.3661788,
                            39.9190227
                        ],
                        [
                            116.3665112,
                            39.9195998
                        ],
                        [
                            116.3661267,
                            39.9200679
                        ]
                    ]
                ]
            }
        },
        {
            "type": "Feature",
            "properties": {
                "index": "3",
                "index_0": "8a31aa4230e7fff",
                "id": "8a31aa4230e7fff",
                "detour_factor": 2.217053,
                "color": "#eea321",
                "label": "Medium Detour"
            },
            "geometry": {
                "type": "Polygon",
                "coordinates": [
                    [
                        [
                            116.3537454,
                            39.9076513
                        ],
                        [
                            116.3530285,
                            39.9075421
                        ],
                        [
                            116.3526963,
                            39.9069649
                        ],
                        [
                            116.3530809,
                            39.906497
                        ],
                        [
                            116.3537978,
                            39.9066062
                        ],
                        [
                            116.35413,
                            39.9071834
                        ],
                        [
                            116.3537454,
                            39.9076513
                        ]
                    ]
                ]
            }
        },
        {
            "type": "Feature",
            "properties": {
                "index": "4",
                "index_0": "8a31aa4236c7fff",
                "id": "8a31aa4236c7fff",
                "detour_factor": 3.630441,
                "color": "#e75a13",
                "label": "High Detour"
            },
            "geometry": {
                "type": "Polygon",
                "coordinates": [
                    [
                        [
                            116.3541646,
                            39.8992905
                        ],
                        [
                            116.3534478,
                            39.8991813
                        ],
                        [
                            116.3531157,
                            39.8986041
                        ],
                        [
                            116.3535002,
                            39.8981362
                        ],
                        [
                            116.354217,
                            39.8982455
                        ],
                        [
                            116.3545491,
                            39.8988226
                        ],
                        [
                            116.3541646,
                            39.8992905
                        ]
                    ]
                ]
            }
        },
        {
            "type": "Feature",
            "properties": {
                "index": "5",
                "index_0": "8a31aa423b17fff",
                "id": "8a31aa423b17fff",
                "detour_factor": 2.397724,
                "color": "#eea321",
                "label": "Medium Detour"
            },
            "geometry": {
                "type": "Polygon",
                "coordinates": [
                    [
                        [
                            116.3576802,
                            39.9156228
                        ],
                        [
                            116.3569633,
                            39.9155136
                        ],
                        [
                            116.356631,
                            39.9149364
                        ],
                        [
                            116.3570156,
                            39.9144684
                        ],
                        [
                            116.3577325,
                            39.9145776
                        ],
                        [
                            116.3580648,
                            39.9151548
                        ],
                        [
                            116.3576802,
                            39.9156228
                        ]
                    ]
                ]
            }
        },
        {
            "type": "Feature",
            "properties": {
                "index": "6",
                "index_0": null,
                "id": "8a31aa423aaffff",
                "detour_factor": null,
                "color": "#990404",
                "label": "Unreachable"
            },
            "geometry": {
                "type": "Polygon",
                "coordinates": [
                    [
                        [
                            116.3589387,
                            39.9121284
                        ],
                        [
                            116.3582218,
                            39.9120192
                        ],
                        [
                            116.3578895,
                            39.911442
                        ],
                        [
                            116.3582741,
                            39.9109741
                        ],
                        [
                            116.358991,
                            39.9110832
                        ],
                        [
                            116.3593233,
                            39.9116604
                        ],
                        [
                            116.3589387,
                            39.9121284
                        ]
                    ]
                ]
            }
        },
        {
            "type": "Feature",
            "properties": {
                "index": "7",
                "index_0": "8a31aa4202affff",
                "id": "8a31aa4202affff",
                "detour_factor": 2.223105,
                "color": "#eea321",
                "label": "Medium Detour"
            },
            "geometry": {
                "type": "Polygon",
                "coordinates": [
                    [
                        [
                            116.3508602,
                            39.921957
                        ],
                        [
                            116.3501431,
                            39.9218478
                        ],
                        [
                            116.3498108,
                            39.9212705
                        ],
                        [
                            116.3501956,
                            39.9208025
                        ],
                        [
                            116.3509127,
                            39.9209117
                        ],
                        [
                            116.351245,
                            39.9214889
                        ],
                        [
                            116.3508602,
                            39.921957
                        ]
                    ]
                ]
            }
        },
        {
            "type": "Feature",
            "properties": {
                "index": "8",
                "index_0": "8a31aa423a17fff",
                "id": "8a31aa423a17fff",
                "detour_factor": 2.09163,
                "color": "#eea321",
                "label": "Medium Detour"
            },
            "geometry": {
                "type": "Polygon",
                "coordinates": [
                    [
                        [
                            116.3588864,
                            39.9131736
                        ],
                        [
                            116.3581695,
                            39.9130644
                        ],
                        [
                            116.3578372,
                            39.9124872
                        ],
                        [
                            116.3582218,
                            39.9120192
                        ],
                        [
                            116.3589387,
                            39.9121284
                        ],
                        [
                            116.359271,
                            39.9127056
                        ],
                        [
                            116.3588864,
                            39.9131736
                        ]
                    ]
                ]
            }
        },
        {
            "type": "Feature",
            "properties": {
                "index": "9",
                "index_0": "8a31aa42178ffff",
                "id": "8a31aa42178ffff",
                "detour_factor": 2.746135,
                "color": "#eea321",
                "label": "Medium Detour"
            },
            "geometry": {
                "type": "Polygon",
                "coordinates": [
                    [
                        [
                            116.3651295,
                            39.9183365
                        ],
                        [
                            116.3644126,
                            39.9182274
                        ],
                        [
                            116.3640803,
                            39.9176502
                        ],
                        [
                            116.3644648,
                            39.9171822
                        ],
                        [
                            116.3651817,
                            39.9172913
                        ],
                        [
                            116.3655141,
                            39.9178684
                        ],
                        [
                            116.3651295,
                            39.9183365
                        ]
                    ]
                ]
            }
        },
        {
            "type": "Feature",
            "properties": {
                "index": "10",
                "index_0": "8a31aa423baffff",
                "id": "8a31aa423baffff",
                "detour_factor": 2.363067,
                "color": "#eea321",
                "label": "Medium Detour"
            },
            "geometry": {
                "type": "Polygon",
                "coordinates": [
                    [
                        [
                            116.3577325,
                            39.9145776
                        ],
                        [
                            116.3570156,
                            39.9144684
                        ],
                        [
                            116.3566833,
                            39.9138912
                        ],
                        [
                            116.3570679,
                            39.9134232
                        ],
                        [
                            116.3577849,
                            39.9135324
                        ],
                        [
                            116.3581172,
                            39.9141096
                        ],
                        [
                            116.3577325,
                            39.9145776
                        ]
                    ]
                ]
            }
        },
        {
            "type": "Feature",
            "properties": {
                "index": "11",
                "index_0": null,
                "id": "8a31aa4202c7fff",
                "detour_factor": null,
                "color": "#990404",
                "label": "Unreachable"
            },
            "geometry": {
                "type": "Polygon",
                "coordinates": [
                    [
                        [
                            116.3530639,
                            39.9212392
                        ],
                        [
                            116.3523468,
                            39.9211301
                        ],
                        [
                            116.3520145,
                            39.9205528
                        ],
                        [
                            116.3523993,
                            39.9200848
                        ],
                        [
                            116.3531163,
                            39.9201939
                        ],
                        [
                            116.3534486,
                            39.9207712
                        ],
                        [
                            116.3530639,
                            39.9212392
                        ]
                    ]
                ]
            }
        },
        {
            "type": "Feature",
            "properties": {
                "index": "12",
                "index_0": "8a31aa42320ffff",
                "id": "8a31aa42320ffff",
                "detour_factor": 2.354365,
                "color": "#eea321",
                "label": "Medium Detour"
            },
            "geometry": {
                "type": "Polygon",
                "coordinates": [
                    [
                        [
                            116.3614028,
                            39.9061853
                        ],
                        [
                            116.360686,
                            39.9060761
                        ],
                        [
                            116.3603538,
                            39.9054989
                        ],
                        [
                            116.3607383,
                            39.905031
                        ],
                        [
                            116.3614551,
                            39.9051402
                        ],
                        [
                            116.3617873,
                            39.9057173
                        ],
                        [
                            116.3614028,
                            39.9061853
                        ]
                    ]
                ]
            }
        },
        {
            "type": "Feature",
            "properties": {
                "index": "13",
                "index_0": null,
                "id": "8a31aa423b2ffff",
                "detour_factor": null,
                "color": "#990404",
                "label": "Unreachable"
            },
            "geometry": {
                "type": "Polygon",
                "coordinates": [
                    [
                        [
                            116.3597787,
                            39.9169954
                        ],
                        [
                            116.3590618,
                            39.9168863
                        ],
                        [
                            116.3587294,
                            39.9163091
                        ],
                        [
                            116.3591141,
                            39.9158411
                        ],
                        [
                            116.359831,
                            39.9159502
                        ],
                        [
                            116.3601633,
                            39.9165274
                        ],
                        [
                            116.3597787,
                            39.9169954
                        ]
                    ]
                ]
            }
        },
        {
            "type": "Feature",
            "properties": {
                "index": "14",
                "index_0": null,
                "id": "8a31aa423667fff",
                "detour_factor": null,
                "color": "#990404",
                "label": "Unreachable"
            },
            "geometry": {
                "type": "Polygon",
                "coordinates": [
                    [
                        [
                            116.3561577,
                            39.9027535
                        ],
                        [
                            116.355441,
                            39.9026442
                        ],
                        [
                            116.3551088,
                            39.9020671
                        ],
                        [
                            116.3554933,
                            39.9015992
                        ],
                        [
                            116.3562101,
                            39.9017084
                        ],
                        [
                            116.3565423,
                            39.9022856
                        ],
                        [
                            116.3561577,
                            39.9027535
                        ]
                    ]
                ]
            }
        },
        {
            "type": "Feature",
            "properties": {
                "index": "15",
                "index_0": "8a31aa423047fff",
                "id": "8a31aa423047fff",
                "detour_factor": 2.480398,
                "color": "#eea321",
                "label": "Medium Detour"
            },
            "geometry": {
                "type": "Polygon",
                "coordinates": [
                    [
                        [
                            116.3558436,
                            39.9090242
                        ],
                        [
                            116.3551267,
                            39.9089149
                        ],
                        [
                            116.3547945,
                            39.9083378
                        ],
                        [
                            116.3551791,
                            39.9078698
                        ],
                        [
                            116.355896,
                            39.907979
                        ],
                        [
                            116.3562282,
                            39.9085562
                        ],
                        [
                            116.3558436,
                            39.9090242
                        ]
                    ]
                ]
            }
        },
        {
            "type": "Feature",
            "properties": {
                "index": "16",
                "index_0": "8a31aa4214cffff",
                "id": "8a31aa4214cffff",
                "detour_factor": 4.130158,
                "color": "#e75a13",
                "label": "High Detour"
            },
            "geometry": {
                "type": "Polygon",
                "coordinates": [
                    [
                        [
                            116.3618773,
                            39.9183681
                        ],
                        [
                            116.3611603,
                            39.9182589
                        ],
                        [
                            116.360828,
                            39.9176818
                        ],
                        [
                            116.3612126,
                            39.9172137
                        ],
                        [
                            116.3619295,
                            39.9173229
                        ],
                        [
                            116.3622619,
                            39.9179
                        ],
                        [
                            116.3618773,
                            39.9183681
                        ]
                    ]
                ]
            }
        },
        {
            "type": "Feature",
            "properties": {
                "index": "17",
                "index_0": "8a31aa423a37fff",
                "id": "8a31aa423a37fff",
                "detour_factor": 2.05301,
                "color": "#eea321",
                "label": "Medium Detour"
            },
            "geometry": {
                "type": "Polygon",
                "coordinates": [
                    [
                        [
                            116.3588341,
                            39.9142187
                        ],
                        [
                            116.3581172,
                            39.9141096
                        ],
                        [
                            116.3577849,
                            39.9135324
                        ],
                        [
                            116.3581695,
                            39.9130644
                        ],
                        [
                            116.3588864,
                            39.9131736
                        ],
                        [
                            116.3592187,
                            39.9137507
                        ],
                        [
                            116.3588341,
                            39.9142187
                        ]
                    ]
                ]
            }
        },
        {
            "type": "Feature",
            "properties": {
                "index": "18",
                "index_0": "8a31aa40591ffff",
                "id": "8a31aa40591ffff",
                "detour_factor": 2.117968,
                "color": "#eea321",
                "label": "Medium Detour"
            },
            "geometry": {
                "type": "Polygon",
                "coordinates": [
                    [
                        [
                            116.3595139,
                            39.9006324
                        ],
                        [
                            116.3587972,
                            39.9005232
                        ],
                        [
                            116.358465,
                            39.899946
                        ],
                        [
                            116.3588495,
                            39.8994781
                        ],
                        [
                            116.3595662,
                            39.8995874
                        ],
                        [
                            116.3598984,
                            39.9001645
                        ],
                        [
                            116.3595139,
                            39.9006324
                        ]
                    ]
                ]
            }
        },
        {
            "type": "Feature",
            "properties": {
                "index": "19",
                "index_0": "8a31aa42376ffff",
                "id": "8a31aa42376ffff",
                "detour_factor": 2.117104,
                "color": "#eea321",
                "label": "Medium Detour"
            },
            "geometry": {
                "type": "Polygon",
                "coordinates": [
                    [
                        [
                            116.356053,
                            39.9048437
                        ],
                        [
                            116.3553362,
                            39.9047344
                        ],
                        [
                            116.355004,
                            39.9041573
                        ],
                        [
                            116.3553886,
                            39.9036893
                        ],
                        [
                            116.3561054,
                            39.9037986
                        ],
                        [
                            116.3564376,
                            39.9043757
                        ],
                        [
                            116.356053,
                            39.9048437
                        ]
                    ]
                ]
            }
        },
        {
            "type": "Feature",
            "properties": {
                "index": "20",
                "index_0": "8a31aa423237fff",
                "id": "8a31aa423237fff",
                "detour_factor": 2.696652,
                "color": "#eea321",
                "label": "Medium Detour"
            },
            "geometry": {
                "type": "Polygon",
                "coordinates": [
                    [
                        [
                            116.3592002,
                            39.9069028
                        ],
                        [
                            116.3584834,
                            39.9067936
                        ],
                        [
                            116.3581511,
                            39.9062164
                        ],
                        [
                            116.3585357,
                            39.9057485
                        ],
                        [
                            116.3592525,
                            39.9058577
                        ],
                        [
                            116.3595847,
                            39.9064348
                        ],
                        [
                            116.3592002,
                            39.9069028
                        ]
                    ]
                ]
            }
        },
        {
            "type": "Feature",
            "properties": {
                "index": "21",
                "index_0": "8a31aa421447fff",
                "id": "8a31aa421447fff",
                "detour_factor": 3.098832,
                "color": "#e75a13",
                "label": "High Detour"
            },
            "geometry": {
                "type": "Polygon",
                "coordinates": [
                    [
                        [
                            116.3628221,
                            39.9211448
                        ],
                        [
                            116.3621051,
                            39.9210356
                        ],
                        [
                            116.3617728,
                            39.9204585
                        ],
                        [
                            116.3621574,
                            39.9199904
                        ],
                        [
                            116.3628743,
                            39.9200995
                        ],
                        [
                            116.3632067,
                            39.9206767
                        ],
                        [
                            116.3628221,
                            39.9211448
                        ]
                    ]
                ]
            }
        },
        {
            "type": "Feature",
            "properties": {
                "index": "22",
                "index_0": "8a31aa42172ffff",
                "id": "8a31aa42172ffff",
                "detour_factor": 2.099815,
                "color": "#eea321",
                "label": "Medium Detour"
            },
            "geometry": {
                "type": "Polygon",
                "coordinates": [
                    [
                        [
                            116.3671238,
                            39.9217993
                        ],
                        [
                            116.3664069,
                            39.9216902
                        ],
                        [
                            116.3660745,
                            39.9211131
                        ],
                        [
                            116.366459,
                            39.920645
                        ],
                        [
                            116.367176,
                            39.9207541
                        ],
                        [
                            116.3675084,
                            39.9213312
                        ],
                        [
                            116.3671238,
                            39.9217993
                        ]
                    ]
                ]
            }
        },
        {
            "type": "Feature",
            "properties": {
                "index": "23",
                "index_0": "8a31aa421557fff",
                "id": "8a31aa421557fff",
                "detour_factor": 3.238248,
                "color": "#e75a13",
                "label": "High Detour"
            },
            "geometry": {
                "type": "Polygon",
                "coordinates": [
                    [
                        [
                            116.3605666,
                            39.9229079
                        ],
                        [
                            116.3598496,
                            39.9227988
                        ],
                        [
                            116.3595172,
                            39.9222216
                        ],
                        [
                            116.3599019,
                            39.9217535
                        ],
                        [
                            116.3606189,
                            39.9218626
                        ],
                        [
                            116.3609513,
                            39.9224398
                        ],
                        [
                            116.3605666,
                            39.9229079
                        ]
                    ]
                ]
            }
        },
        {
            "type": "Feature",
            "properties": {
                "index": "24",
                "index_0": "8a31aa4236effff",
                "id": "8a31aa4236effff",
                "detour_factor": 2.218305,
                "color": "#eea321",
                "label": "Medium Detour"
            },
            "geometry": {
                "type": "Polygon",
                "coordinates": [
                    [
                        [
                            116.3552135,
                            39.899977
                        ],
                        [
                            116.3544968,
                            39.8998677
                        ],
                        [
                            116.3541646,
                            39.8992905
                        ],
                        [
                            116.3545491,
                            39.8988226
                        ],
                        [
                            116.3552659,
                            39.8989319
                        ],
                        [
                            116.3555981,
                            39.8995091
                        ],
                        [
                            116.3552135,
                            39.899977
                        ]
                    ]
                ]
            }
        },
        {
            "type": "Feature",
            "properties": {
                "index": "25",
                "index_0": "8a31aa42312ffff",
                "id": "8a31aa42312ffff",
                "detour_factor": 2.073752,
                "color": "#eea321",
                "label": "Medium Detour"
            },
            "geometry": {
                "type": "Polygon",
                "coordinates": [
                    [
                        [
                            116.3524341,
                            39.9121908
                        ],
                        [
                            116.3517172,
                            39.9120816
                        ],
                        [
                            116.3513849,
                            39.9115044
                        ],
                        [
                            116.3517696,
                            39.9110364
                        ],
                        [
                            116.3524866,
                            39.9111456
                        ],
                        [
                            116.3528188,
                            39.9117228
                        ],
                        [
                            116.3524341,
                            39.9121908
                        ]
                    ]
                ]
            }
        },
        {
            "type": "Feature",
            "properties": {
                "index": "26",
                "index_0": null,
                "id": "8a31aa42e527fff",
                "detour_factor": null,
                "color": "#990404",
                "label": "Unreachable"
            },
            "geometry": {
                "type": "Polygon",
                "coordinates": [
                    [
                        [
                            116.3667524,
                            39.9075265
                        ],
                        [
                            116.3660357,
                            39.9074174
                        ],
                        [
                            116.3657034,
                            39.9068403
                        ],
                        [
                            116.3660878,
                            39.9063723
                        ],
                        [
                            116.3668045,
                            39.9064815
                        ],
                        [
                            116.3671368,
                            39.9070586
                        ],
                        [
                            116.3667524,
                            39.9075265
                        ]
                    ]
                ]
            }
        },
        {
            "type": "Feature",
            "properties": {
                "index": "27",
                "index_0": "8a31aa423367fff",
                "id": "8a31aa423367fff",
                "detour_factor": 2.861815,
                "color": "#eea321",
                "label": "Medium Detour"
            },
            "geometry": {
                "type": "Polygon",
                "coordinates": [
                    [
                        [
                            116.3622952,
                            39.9100068
                        ],
                        [
                            116.3615783,
                            39.9098977
                        ],
                        [
                            116.3612461,
                            39.9093205
                        ],
                        [
                            116.3616306,
                            39.9088526
                        ],
                        [
                            116.3623474,
                            39.9089617
                        ],
                        [
                            116.3626797,
                            39.9095389
                        ],
                        [
                            116.3622952,
                            39.9100068
                        ]
                    ]
                ]
            }
        },
        {
            "type": "Feature",
            "properties": {
                "index": "28",
                "index_0": "8a31aa4215a7fff",
                "id": "8a31aa4215a7fff",
                "detour_factor": 3.123014,
                "color": "#e75a13",
                "label": "High Detour"
            },
            "geometry": {
                "type": "Polygon",
                "coordinates": [
                    [
                        [
                            116.3562644,
                            39.9222531
                        ],
                        [
                            116.3555474,
                            39.922144
                        ],
                        [
                            116.355215,
                            39.9215667
                        ],
                        [
                            116.3555998,
                            39.9210987
                        ],
                        [
                            116.3563168,
                            39.9212078
                        ],
                        [
                            116.3566491,
                            39.921785
                        ],
                        [
                            116.3562644,
                            39.9222531
                        ]
                    ]
                ]
            }
        },
        {
            "type": "Feature",
            "properties": {
                "index": "29",
                "index_0": "8a31aa423247fff",
                "id": "8a31aa423247fff",
                "detour_factor": 3.682976,
                "color": "#e75a13",
                "label": "High Detour"
            },
            "geometry": {
                "type": "Polygon",
                "coordinates": [
                    [
                        [
                            116.3635531,
                            39.9065128
                        ],
                        [
                            116.3628363,
                            39.9064036
                        ],
                        [
                            116.3625041,
                            39.9058265
                        ],
                        [
                            116.3628886,
                            39.9053586
                        ],
                        [
                            116.3636053,
                            39.9054677
                        ],
                        [
                            116.3639376,
                            39.9060448
                        ],
                        [
                            116.3635531,
                            39.9065128
                        ]
                    ]
                ]
            }
        },
        {
            "type": "Feature",
            "properties": {
                "index": "30",
                "index_0": "8a31aa42e48ffff",
                "id": "8a31aa42e48ffff",
                "detour_factor": 2.219228,
                "color": "#eea321",
                "label": "Medium Detour"
            },
            "geometry": {
                "type": "Polygon",
                "coordinates": [
                    [
                        [
                            116.3670652,
                            39.9012564
                        ],
                        [
                            116.3663485,
                            39.9011473
                        ],
                        [
                            116.3660163,
                            39.9005702
                        ],
                        [
                            116.3664006,
                            39.9001023
                        ],
                        [
                            116.3671173,
                            39.9002115
                        ],
                        [
                            116.3674496,
                            39.9007885
                        ],
                        [
                            116.3670652,
                            39.9012564
                        ]
                    ]
                ]
            }
        },
        {
            "type": "Feature",
            "properties": {
                "index": "31",
                "index_0": null,
                "id": "8a31aa423af7fff",
                "detour_factor": null,
                "color": "#990404",
                "label": "Unreachable"
            },
            "geometry": {
                "type": "Polygon",
                "coordinates": [
                    [
                        [
                            116.3600401,
                            39.9117696
                        ],
                        [
                            116.3593233,
                            39.9116604
                        ],
                        [
                            116.358991,
                            39.9110832
                        ],
                        [
                            116.3593756,
                            39.9106153
                        ],
                        [
                            116.3600924,
                            39.9107244
                        ],
                        [
                            116.3604247,
                            39.9113016
                        ],
                        [
                            116.3600401,
                            39.9117696
                        ]
                    ]
                ]
            }
        },
        {
            "type": "Feature",
            "properties": {
                "index": "32",
                "index_0": "8a31aa423357fff",
                "id": "8a31aa423357fff",
                "detour_factor": 2.594298,
                "color": "#eea321",
                "label": "Medium Detour"
            },
            "geometry": {
                "type": "Polygon",
                "coordinates": [
                    [
                        [
                            116.3612983,
                            39.9082754
                        ],
                        [
                            116.3605815,
                            39.9081662
                        ],
                        [
                            116.3602492,
                            39.9075891
                        ],
                        [
                            116.3606338,
                            39.9071212
                        ],
                        [
                            116.3613506,
                            39.9072303
                        ],
                        [
                            116.3616828,
                            39.9078075
                        ],
                        [
                            116.3612983,
                            39.9082754
                        ]
                    ]
                ]
            }
        },
        {
            "type": "Feature",
            "properties": {
                "index": "33",
                "index_0": null,
                "id": "8a31aa42374ffff",
                "detour_factor": null,
                "color": "#990404",
                "label": "Unreachable"
            },
            "geometry": {
                "type": "Polygon",
                "coordinates": [
                    [
                        [
                            116.3561054,
                            39.9037986
                        ],
                        [
                            116.3553886,
                            39.9036893
                        ],
                        [
                            116.3550564,
                            39.9031122
                        ],
                        [
                            116.355441,
                            39.9026442
                        ],
                        [
                            116.3561577,
                            39.9027535
                        ],
                        [
                            116.35649,
                            39.9033306
                        ],
                        [
                            116.3561054,
                            39.9037986
                        ]
                    ]
                ]
            }
        },
        {
            "type": "Feature",
            "properties": {
                "index": "34",
                "index_0": null,
                "id": "8a31aa42ecb7fff",
                "detour_factor": null,
                "color": "#990404",
                "label": "Unreachable"
            },
            "geometry": {
                "type": "Polygon",
                "coordinates": [
                    [
                        [
                            116.3644978,
                            39.9092892
                        ],
                        [
                            116.363781,
                            39.9091801
                        ],
                        [
                            116.3634487,
                            39.9086029
                        ],
                        [
                            116.3638332,
                            39.908135
                        ],
                        [
                            116.36455,
                            39.9082441
                        ],
                        [
                            116.3648823,
                            39.9088212
                        ],
                        [
                            116.3644978,
                            39.9092892
                        ]
                    ]
                ]
            }
        },
        {
            "type": "Feature",
            "properties": {
                "index": "35",
                "index_0": "8a31aa4217a7fff",
                "id": "8a31aa4217a7fff",
                "detour_factor": 2.040108,
                "color": "#eea321",
                "label": "Medium Detour"
            },
            "geometry": {
                "type": "Polygon",
                "coordinates": [
                    [
                        [
                            116.3639759,
                            39.9197406
                        ],
                        [
                            116.3632589,
                            39.9196315
                        ],
                        [
                            116.3629266,
                            39.9190543
                        ],
                        [
                            116.3633111,
                            39.9185863
                        ],
                        [
                            116.3640281,
                            39.9186954
                        ],
                        [
                            116.3643604,
                            39.9192726
                        ],
                        [
                            116.3639759,
                            39.9197406
                        ]
                    ]
                ]
            }
        },
        {
            "type": "Feature",
            "properties": {
                "index": "36",
                "index_0": "8a31aa42324ffff",
                "id": "8a31aa42324ffff",
                "detour_factor": 3.355142,
                "color": "#e75a13",
                "label": "High Detour"
            },
            "geometry": {
                "type": "Polygon",
                "coordinates": [
                    [
                        [
                            116.3646543,
                            39.906154
                        ],
                        [
                            116.3639376,
                            39.9060448
                        ],
                        [
                            116.3636053,
                            39.9054677
                        ],
                        [
                            116.3639898,
                            39.9049998
                        ],
                        [
                            116.3647065,
                            39.905109
                        ],
                        [
                            116.3650388,
                            39.9056861
                        ],
                        [
                            116.3646543,
                            39.906154
                        ]
                    ]
                ]
            }
        },
        {
            "type": "Feature",
            "properties": {
                "index": "37",
                "index_0": "8a31aa42e487fff",
                "id": "8a31aa42e487fff",
                "detour_factor": 3.220543,
                "color": "#e75a13",
                "label": "High Detour"
            },
            "geometry": {
                "type": "Polygon",
                "coordinates": [
                    [
                        [
                            116.3659641,
                            39.9016152
                        ],
                        [
                            116.3652474,
                            39.901506
                        ],
                        [
                            116.3649152,
                            39.9009289
                        ],
                        [
                            116.3652996,
                            39.900461
                        ],
                        [
                            116.3660163,
                            39.9005702
                        ],
                        [
                            116.3663485,
                            39.9011473
                        ],
                        [
                            116.3659641,
                            39.9016152
                        ]
                    ]
                ]
            }
        },
        {
            "type": "Feature",
            "properties": {
                "index": "38",
                "index_0": "8a31aa42328ffff",
                "id": "8a31aa42328ffff",
                "detour_factor": 2.659834,
                "color": "#eea321",
                "label": "Medium Detour"
            },
            "geometry": {
                "type": "Polygon",
                "coordinates": [
                    [
                        [
                            116.359357,
                            39.9037675
                        ],
                        [
                            116.3586403,
                            39.9036583
                        ],
                        [
                            116.358308,
                            39.9030812
                        ],
                        [
                            116.3586926,
                            39.9026133
                        ],
                        [
                            116.3594093,
                            39.9027225
                        ],
                        [
                            116.3597416,
                            39.9032996
                        ],
                        [
                            116.359357,
                            39.9037675
                        ]
                    ]
                ]
            }
        },
        {
            "type": "Feature",
            "properties": {
                "index": "39",
                "index_0": "8a31aa4232a7fff",
                "id": "8a31aa4232a7fff",
                "detour_factor": 3.294509,
                "color": "#e75a13",
                "label": "High Detour"
            },
            "geometry": {
                "type": "Polygon",
                "coordinates": [
                    [
                        [
                            116.3582034,
                            39.9051713
                        ],
                        [
                            116.3574866,
                            39.9050621
                        ],
                        [
                            116.3571544,
                            39.904485
                        ],
                        [
                            116.357539,
                            39.904017
                        ],
                        [
                            116.3582557,
                            39.9041262
                        ],
                        [
                            116.358588,
                            39.9047034
                        ],
                        [
                            116.3582034,
                            39.9051713
                        ]
                    ]
                ]
            }
        },
        {
            "type": "Feature",
            "properties": {
                "index": "40",
                "index_0": "8a31aa42325ffff",
                "id": "8a31aa42325ffff",
                "detour_factor": 2.389431,
                "color": "#eea321",
                "label": "Medium Detour"
            },
            "geometry": {
                "type": "Polygon",
                "coordinates": [
                    [
                        [
                            116.3636053,
                            39.9054677
                        ],
                        [
                            116.3628886,
                            39.9053586
                        ],
                        [
                            116.3625563,
                            39.9047814
                        ],
                        [
                            116.3629408,
                            39.9043135
                        ],
                        [
                            116.3636575,
                            39.9044227
                        ],
                        [
                            116.3639898,
                            39.9049998
                        ],
                        [
                            116.3636053,
                            39.9054677
                        ]
                    ]
                ]
            }
        },
        {
            "type": "Feature",
            "properties": {
                "index": "41",
                "index_0": "8a31aa423177fff",
                "id": "8a31aa423177fff",
                "detour_factor": 2.209406,
                "color": "#eea321",
                "label": "Medium Detour"
            },
            "geometry": {
                "type": "Polygon",
                "coordinates": [
                    [
                        [
                            116.3535357,
                            39.911832
                        ],
                        [
                            116.3528188,
                            39.9117228
                        ],
                        [
                            116.3524866,
                            39.9111456
                        ],
                        [
                            116.3528712,
                            39.9106776
                        ],
                        [
                            116.3535881,
                            39.9107868
                        ],
                        [
                            116.3539204,
                            39.911364
                        ],
                        [
                            116.3535357,
                            39.911832
                        ]
                    ]
                ]
            }
        },
        {
            "type": "Feature",
            "properties": {
                "index": "42",
                "index_0": "8a31aa421487fff",
                "id": "8a31aa421487fff",
                "detour_factor": 2.087774,
                "color": "#eea321",
                "label": "Medium Detour"
            },
            "geometry": {
                "type": "Polygon",
                "coordinates": [
                    [
                        [
                            116.3575232,
                            39.9187584
                        ],
                        [
                            116.3568062,
                            39.9186493
                        ],
                        [
                            116.3564739,
                            39.9180721
                        ],
                        [
                            116.3568586,
                            39.917604
                        ],
                        [
                            116.3575755,
                            39.9177132
                        ],
                        [
                            116.3579078,
                            39.9182904
                        ],
                        [
                            116.3575232,
                            39.9187584
                        ]
                    ]
                ]
            }
        },
        {
            "type": "Feature",
            "properties": {
                "index": "43",
                "index_0": "8a31aa42370ffff",
                "id": "8a31aa42370ffff",
                "detour_factor": 2.263373,
                "color": "#eea321",
                "label": "Medium Detour"
            },
            "geometry": {
                "type": "Polygon",
                "coordinates": [
                    [
                        [
                            116.3528536,
                            39.9038295
                        ],
                        [
                            116.3521368,
                            39.9037203
                        ],
                        [
                            116.3518046,
                            39.9031431
                        ],
                        [
                            116.3521892,
                            39.9026751
                        ],
                        [
                            116.352906,
                            39.9027844
                        ],
                        [
                            116.3532382,
                            39.9033616
                        ],
                        [
                            116.3528536,
                            39.9038295
                        ]
                    ]
                ]
            }
        },
        {
            "type": "Feature",
            "properties": {
                "index": "44",
                "index_0": "8a31aa42028ffff",
                "id": "8a31aa42028ffff",
                "detour_factor": 2.108057,
                "color": "#eea321",
                "label": "Medium Detour"
            },
            "geometry": {
                "type": "Polygon",
                "coordinates": [
                    [
                        [
                            116.3509127,
                            39.9209117
                        ],
                        [
                            116.3501956,
                            39.9208025
                        ],
                        [
                            116.3498633,
                            39.9202252
                        ],
                        [
                            116.3502481,
                            39.9197572
                        ],
                        [
                            116.3509652,
                            39.9198664
                        ],
                        [
                            116.3512975,
                            39.9204436
                        ],
                        [
                            116.3509127,
                            39.9209117
                        ]
                    ]
                ]
            }
        },
        {
            "type": "Feature",
            "properties": {
                "index": "45",
                "index_0": "8a31aa42390ffff",
                "id": "8a31aa42390ffff",
                "detour_factor": 2.203634,
                "color": "#eea321",
                "label": "Medium Detour"
            },
            "geometry": {
                "type": "Polygon",
                "coordinates": [
                    [
                        [
                            116.3521194,
                            39.9184622
                        ],
                        [
                            116.3514024,
                            39.918353
                        ],
                        [
                            116.3510701,
                            39.9177758
                        ],
                        [
                            116.3514549,
                            39.9173078
                        ],
                        [
                            116.3521719,
                            39.917417
                        ],
                        [
                            116.3525042,
                            39.9179942
                        ],
                        [
                            116.3521194,
                            39.9184622
                        ]
                    ]
                ]
            }
        },
        {
            "type": "Feature",
            "properties": {
                "index": "46",
                "index_0": "8a31aa405917fff",
                "id": "8a31aa405917fff",
                "detour_factor": 3.060498,
                "color": "#e75a13",
                "label": "High Detour"
            },
            "geometry": {
                "type": "Polygon",
                "coordinates": [
                    [
                        [
                            116.3584127,
                            39.9009911
                        ],
                        [
                            116.3576959,
                            39.9008818
                        ],
                        [
                            116.3573637,
                            39.9003047
                        ],
                        [
                            116.3577482,
                            39.8998368
                        ],
                        [
                            116.358465,
                            39.899946
                        ],
                        [
                            116.3587972,
                            39.9005232
                        ],
                        [
                            116.3584127,
                            39.9009911
                        ]
                    ]
                ]
            }
        },
        {
            "type": "Feature",
            "properties": {
                "index": "47",
                "index_0": "8a31aa423acffff",
                "id": "8a31aa423acffff",
                "detour_factor": 2.563827,
                "color": "#eea321",
                "label": "Medium Detour"
            },
            "geometry": {
                "type": "Polygon",
                "coordinates": [
                    [
                        [
                            116.3622429,
                            39.9110519
                        ],
                        [
                            116.3615261,
                            39.9109428
                        ],
                        [
                            116.3611938,
                            39.9103656
                        ],
                        [
                            116.3615783,
                            39.9098977
                        ],
                        [
                            116.3622952,
                            39.9100068
                        ],
                        [
                            116.3626275,
                            39.910584
                        ],
                        [
                            116.3622429,
                            39.9110519
                        ]
                    ]
                ]
            }
        },
        {
            "type": "Feature",
            "properties": {
                "index": "48",
                "index_0": "8a31aa405847fff",
                "id": "8a31aa405847fff",
                "detour_factor": 2.053824,
                "color": "#eea321",
                "label": "Medium Detour"
            },
            "geometry": {
                "type": "Polygon",
                "coordinates": [
                    [
                        [
                            116.3639185,
                            39.8991977
                        ],
                        [
                            116.3632018,
                            39.8990885
                        ],
                        [
                            116.3628696,
                            39.8985114
                        ],
                        [
                            116.363254,
                            39.8980435
                        ],
                        [
                            116.3639706,
                            39.8981527
                        ],
                        [
                            116.3643029,
                            39.8987298
                        ],
                        [
                            116.3639185,
                            39.8991977
                        ]
                    ]
                ]
            }
        },
        {
            "type": "Feature",
            "properties": {
                "index": "49",
                "index_0": "8a31aa421477fff",
                "id": "8a31aa421477fff",
                "detour_factor": 3.050986,
                "color": "#e75a13",
                "label": "High Detour"
            },
            "geometry": {
                "type": "Polygon",
                "coordinates": [
                    [
                        [
                            116.3617205,
                            39.9215037
                        ],
                        [
                            116.3610035,
                            39.9213946
                        ],
                        [
                            116.3606712,
                            39.9208174
                        ],
                        [
                            116.3610558,
                            39.9203494
                        ],
                        [
                            116.3617728,
                            39.9204585
                        ],
                        [
                            116.3621051,
                            39.9210356
                        ],
                        [
                            116.3617205,
                            39.9215037
                        ]
                    ]
                ]
            }
        },
        {
            "type": "Feature",
            "properties": {
                "index": "50",
                "index_0": "8a31aa421437fff",
                "id": "8a31aa421437fff",
                "detour_factor": 2.035736,
                "color": "#eea321",
                "label": "Medium Detour"
            },
            "geometry": {
                "type": "Polygon",
                "coordinates": [
                    [
                        [
                            116.3584679,
                            39.9215353
                        ],
                        [
                            116.3577508,
                            39.9214261
                        ],
                        [
                            116.3574185,
                            39.9208489
                        ],
                        [
                            116.3578032,
                            39.9203809
                        ],
                        [
                            116.3585202,
                            39.92049
                        ],
                        [
                            116.3588525,
                            39.9210672
                        ],
                        [
                            116.3584679,
                            39.9215353
                        ]
                    ]
                ]
            }
        },
        {
            "type": "Feature",
            "properties": {
                "index": "51",
                "index_0": "8a31aa42ed37fff",
                "id": "8a31aa42ed37fff",
                "detour_factor": 3.493036,
                "color": "#e75a13",
                "label": "High Detour"
            },
            "geometry": {
                "type": "Polygon",
                "coordinates": [
                    [
                        [
                            116.3653382,
                            39.9141559
                        ],
                        [
                            116.3646214,
                            39.9140468
                        ],
                        [
                            116.364289,
                            39.9134696
                        ],
                        [
                            116.3646736,
                            39.9130016
                        ],
                        [
                            116.3653904,
                            39.9131108
                        ],
                        [
                            116.3657227,
                            39.9136879
                        ],
                        [
                            116.3653382,
                            39.9141559
                        ]
                    ]
                ]
            }
        },
        {
            "type": "Feature",
            "properties": {
                "index": "52",
                "index_0": "8a31aa42e597fff",
                "id": "8a31aa42e597fff",
                "detour_factor": 2.57138,
                "color": "#eea321",
                "label": "Medium Detour"
            },
            "geometry": {
                "type": "Polygon",
                "coordinates": [
                    [
                        [
                            116.3637097,
                            39.9033777
                        ],
                        [
                            116.362993,
                            39.9032685
                        ],
                        [
                            116.3626607,
                            39.9026914
                        ],
                        [
                            116.3630452,
                            39.9022235
                        ],
                        [
                            116.3637619,
                            39.9023326
                        ],
                        [
                            116.3640941,
                            39.9029097
                        ],
                        [
                            116.3637097,
                            39.9033777
                        ]
                    ]
                ]
            }
        },
        {
            "type": "Feature",
            "properties": {
                "index": "53",
                "index_0": "8a31aa423007fff",
                "id": "8a31aa423007fff",
                "detour_factor": 3.611372,
                "color": "#e75a13",
                "label": "High Detour"
            },
            "geometry": {
                "type": "Polygon",
                "coordinates": [
                    [
                        [
                            116.3525914,
                            39.9090552
                        ],
                        [
                            116.3518745,
                            39.908946
                        ],
                        [
                            116.3515423,
                            39.9083688
                        ],
                        [
                            116.351927,
                            39.9079008
                        ],
                        [
                            116.3526439,
                            39.9080101
                        ],
                        [
                            116.3529761,
                            39.9085873
                        ],
                        [
                            116.3525914,
                            39.9090552
                        ]
                    ]
                ]
            }
        },
        {
            "type": "Feature",
            "properties": {
                "index": "54",
                "index_0": null,
                "id": "8a31aa423347fff",
                "detour_factor": null,
                "color": "#990404",
                "label": "Unreachable"
            },
            "geometry": {
                "type": "Polygon",
                "coordinates": [
                    [
                        [
                            116.3623474,
                            39.9089617
                        ],
                        [
                            116.3616306,
                            39.9088526
                        ],
                        [
                            116.3612983,
                            39.9082754
                        ],
                        [
                            116.3616828,
                            39.9078075
                        ],
                        [
                            116.3623996,
                            39.9079166
                        ],
                        [
                            116.3627319,
                            39.9084938
                        ],
                        [
                            116.3623474,
                            39.9089617
                        ]
                    ]
                ]
            }
        },
        {
            "type": "Feature",
            "properties": {
                "index": "55",
                "index_0": null,
                "id": "8a31aa42ed87fff",
                "detour_factor": null,
                "color": "#990404",
                "label": "Unreachable"
            },
            "geometry": {
                "type": "Polygon",
                "coordinates": [
                    [
                        [
                            116.3643934,
                            39.9113794
                        ],
                        [
                            116.3636766,
                            39.9112702
                        ],
                        [
                            116.3633443,
                            39.9106931
                        ],
                        [
                            116.3637288,
                            39.9102251
                        ],
                        [
                            116.3644456,
                            39.9103343
                        ],
                        [
                            116.3647779,
                            39.9109114
                        ],
                        [
                            116.3643934,
                            39.9113794
                        ]
                    ]
                ]
            }
        },
        {
            "type": "Feature",
            "properties": {
                "index": "56",
                "index_0": "8a31aa405b27fff",
                "id": "8a31aa405b27fff",
                "detour_factor": 2.111756,
                "color": "#eea321",
                "label": "Medium Detour"
            },
            "geometry": {
                "type": "Polygon",
                "coordinates": [
                    [
                        [
                            116.3671173,
                            39.9002115
                        ],
                        [
                            116.3664006,
                            39.9001023
                        ],
                        [
                            116.3660684,
                            39.8995252
                        ],
                        [
                            116.3664528,
                            39.8990573
                        ],
                        [
                            116.3671694,
                            39.8991665
                        ],
                        [
                            116.3675017,
                            39.8997436
                        ],
                        [
                            116.3671173,
                            39.9002115
                        ]
                    ]
                ]
            }
        },
        {
            "type": "Feature",
            "properties": {
                "index": "57",
                "index_0": "8a31aa42308ffff",
                "id": "8a31aa42308ffff",
                "detour_factor": 3.581368,
                "color": "#e75a13",
                "label": "High Detour"
            },
            "geometry": {
                "type": "Polygon",
                "coordinates": [
                    [
                        [
                            116.3516472,
                            39.9062785
                        ],
                        [
                            116.3509303,
                            39.9061692
                        ],
                        [
                            116.3505982,
                            39.905592
                        ],
                        [
                            116.3509828,
                            39.9051241
                        ],
                        [
                            116.3516997,
                            39.9052333
                        ],
                        [
                            116.3520319,
                            39.9058105
                        ],
                        [
                            116.3516472,
                            39.9062785
                        ]
                    ]
                ]
            }
        },
        {
            "type": "Feature",
            "properties": {
                "index": "58",
                "index_0": null,
                "id": "8a31aa423327fff",
                "detour_factor": null,
                "color": "#990404",
                "label": "Unreachable"
            },
            "geometry": {
                "type": "Polygon",
                "coordinates": [
                    [
                        [
                            116.3590433,
                            39.9100381
                        ],
                        [
                            116.3583264,
                            39.9099289
                        ],
                        [
                            116.3579942,
                            39.9093518
                        ],
                        [
                            116.3583787,
                            39.9088838
                        ],
                        [
                            116.3590956,
                            39.908993
                        ],
                        [
                            116.3594279,
                            39.9095701
                        ],
                        [
                            116.3590433,
                            39.9100381
                        ]
                    ]
                ]
            }
        },
        {
            "type": "Feature",
            "properties": {
                "index": "59",
                "index_0": "8a31aa4238affff",
                "id": "8a31aa4238affff",
                "detour_factor": 2.215926,
                "color": "#eea321",
                "label": "Medium Detour"
            },
            "geometry": {
                "type": "Polygon",
                "coordinates": [
                    [
                        [
                            116.3512275,
                            39.91464
                        ],
                        [
                            116.3505105,
                            39.9145308
                        ],
                        [
                            116.3501783,
                            39.9139536
                        ],
                        [
                            116.350563,
                            39.9134856
                        ],
                        [
                            116.35128,
                            39.9135948
                        ],
                        [
                            116.3516123,
                            39.914172
                        ],
                        [
                            116.3512275,
                            39.91464
                        ]
                    ]
                ]
            }
        },
        {
            "type": "Feature",
            "properties": {
                "index": "60",
                "index_0": "8a31aa423a0ffff",
                "id": "8a31aa423a0ffff",
                "detour_factor": 2.273076,
                "color": "#eea321",
                "label": "Medium Detour"
            },
            "geometry": {
                "type": "Polygon",
                "coordinates": [
                    [
                        [
                            116.361037,
                            39.913501
                        ],
                        [
                            116.3603202,
                            39.9133919
                        ],
                        [
                            116.3599879,
                            39.9128147
                        ],
                        [
                            116.3603724,
                            39.9123467
                        ],
                        [
                            116.3610893,
                            39.9124559
                        ],
                        [
                            116.3614216,
                            39.9130331
                        ],
                        [
                            116.361037,
                            39.913501
                        ]
                    ]
                ]
            }
        },
        {
            "type": "Feature",
            "properties": {
                "index": "61",
                "index_0": "8a31aa421427fff",
                "id": "8a31aa421427fff",
                "detour_factor": 2.765578,
                "color": "#eea321",
                "label": "Medium Detour"
            },
            "geometry": {
                "type": "Polygon",
                "coordinates": [
                    [
                        [
                            116.3595172,
                            39.9222216
                        ],
                        [
                            116.3588002,
                            39.9221125
                        ],
                        [
                            116.3584679,
                            39.9215353
                        ],
                        [
                            116.3588525,
                            39.9210672
                        ],
                        [
                            116.3595695,
                            39.9211763
                        ],
                        [
                            116.3599019,
                            39.9217535
                        ],
                        [
                            116.3595172,
                            39.9222216
                        ]
                    ]
                ]
            }
        },
        {
            "type": "Feature",
            "properties": {
                "index": "62",
                "index_0": "8a31aa423ab7fff",
                "id": "8a31aa423ab7fff",
                "detour_factor": 2.904563,
                "color": "#eea321",
                "label": "Medium Detour"
            },
            "geometry": {
                "type": "Polygon",
                "coordinates": [
                    [
                        [
                            116.356788,
                            39.9118008
                        ],
                        [
                            116.3560711,
                            39.9116917
                        ],
                        [
                            116.3557389,
                            39.9111145
                        ],
                        [
                            116.3561235,
                            39.9106465
                        ],
                        [
                            116.3568404,
                            39.9107557
                        ],
                        [
                            116.3571726,
                            39.9113329
                        ],
                        [
                            116.356788,
                            39.9118008
                        ]
                    ]
                ]
            }
        },
        {
            "type": "Feature",
            "properties": {
                "index": "63",
                "index_0": "8a31aa42366ffff",
                "id": "8a31aa42366ffff",
                "detour_factor": 2.122801,
                "color": "#eea321",
                "label": "Medium Detour"
            },
            "geometry": {
                "type": "Polygon",
                "coordinates": [
                    [
                        [
                            116.3572591,
                            39.9023948
                        ],
                        [
                            116.3565423,
                            39.9022856
                        ],
                        [
                            116.3562101,
                            39.9017084
                        ],
                        [
                            116.3565946,
                            39.9012405
                        ],
                        [
                            116.3573114,
                            39.9013497
                        ],
                        [
                            116.3576436,
                            39.9019269
                        ],
                        [
                            116.3572591,
                            39.9023948
                        ]
                    ]
                ]
            }
        },
        {
            "type": "Feature",
            "properties": {
                "index": "64",
                "index_0": null,
                "id": "8a31aa421457fff",
                "detour_factor": null,
                "color": "#990404",
                "label": "Unreachable"
            },
            "geometry": {
                "type": "Polygon",
                "coordinates": [
                    [
                        [
                            116.3617728,
                            39.9204585
                        ],
                        [
                            116.3610558,
                            39.9203494
                        ],
                        [
                            116.3607234,
                            39.9197722
                        ],
                        [
                            116.3611081,
                            39.9193041
                        ],
                        [
                            116.361825,
                            39.9194133
                        ],
                        [
                            116.3621574,
                            39.9199904
                        ],
                        [
                            116.3617728,
                            39.9204585
                        ]
                    ]
                ]
            }
        },
        {
            "type": "Feature",
            "properties": {
                "index": "65",
                "index_0": "8a31aa42392ffff",
                "id": "8a31aa42392ffff",
                "detour_factor": 2.425875,
                "color": "#eea321",
                "label": "Medium Detour"
            },
            "geometry": {
                "type": "Polygon",
                "coordinates": [
                    [
                        [
                            116.352067,
                            39.9195075
                        ],
                        [
                            116.3513499,
                            39.9193983
                        ],
                        [
                            116.3510176,
                            39.9188211
                        ],
                        [
                            116.3514024,
                            39.918353
                        ],
                        [
                            116.3521194,
                            39.9184622
                        ],
                        [
                            116.3524517,
                            39.9190395
                        ],
                        [
                            116.352067,
                            39.9195075
                        ]
                    ]
                ]
            }
        },
        {
            "type": "Feature",
            "properties": {
                "index": "66",
                "index_0": "8a31aa42e497fff",
                "id": "8a31aa42e497fff",
                "detour_factor": 3.463319,
                "color": "#e75a13",
                "label": "High Detour"
            },
            "geometry": {
                "type": "Polygon",
                "coordinates": [
                    [
                        [
                            116.3649152,
                            39.9009289
                        ],
                        [
                            116.3641985,
                            39.9008197
                        ],
                        [
                            116.3638663,
                            39.9002426
                        ],
                        [
                            116.3642507,
                            39.8997747
                        ],
                        [
                            116.3649673,
                            39.8998839
                        ],
                        [
                            116.3652996,
                            39.900461
                        ],
                        [
                            116.3649152,
                            39.9009289
                        ]
                    ]
                ]
            }
        },
        {
            "type": "Feature",
            "properties": {
                "index": "67",
                "index_0": "8a31aa421727fff",
                "id": "8a31aa421727fff",
                "detour_factor": 2.843923,
                "color": "#eea321",
                "label": "Medium Detour"
            },
            "geometry": {
                "type": "Polygon",
                "coordinates": [
                    [
                        [
                            116.3660223,
                            39.9221583
                        ],
                        [
                            116.3653054,
                            39.9220492
                        ],
                        [
                            116.364973,
                            39.9214721
                        ],
                        [
                            116.3653576,
                            39.921004
                        ],
                        [
                            116.3660745,
                            39.9211131
                        ],
                        [
                            116.3664069,
                            39.9216902
                        ],
                        [
                            116.3660223,
                            39.9221583
                        ]
                    ]
                ]
            }
        },
        {
            "type": "Feature",
            "properties": {
                "index": "68",
                "index_0": "8a31aa42e417fff",
                "id": "8a31aa42e417fff",
                "detour_factor": 3.00821,
                "color": "#e75a13",
                "label": "High Detour"
            },
            "geometry": {
                "type": "Polygon",
                "coordinates": [
                    [
                        [
                            116.3669609,
                            39.9033464
                        ],
                        [
                            116.3662442,
                            39.9032373
                        ],
                        [
                            116.365912,
                            39.9026602
                        ],
                        [
                            116.3662964,
                            39.9021923
                        ],
                        [
                            116.367013,
                            39.9023014
                        ],
                        [
                            116.3673453,
                            39.9028785
                        ],
                        [
                            116.3669609,
                            39.9033464
                        ]
                    ]
                ]
            }
        },
        {
            "type": "Feature",
            "properties": {
                "index": "69",
                "index_0": "8a31aa42146ffff",
                "id": "8a31aa42146ffff",
                "detour_factor": 2.855324,
                "color": "#eea321",
                "label": "Medium Detour"
            },
            "geometry": {
                "type": "Polygon",
                "coordinates": [
                    [
                        [
                            116.3638714,
                            39.921831
                        ],
                        [
                            116.3631545,
                            39.9217219
                        ],
                        [
                            116.3628221,
                            39.9211448
                        ],
                        [
                            116.3632067,
                            39.9206767
                        ],
                        [
                            116.3639237,
                            39.9207858
                        ],
                        [
                            116.364256,
                            39.921363
                        ],
                        [
                            116.3638714,
                            39.921831
                        ]
                    ]
                ]
            }
        },
        {
            "type": "Feature",
            "properties": {
                "index": "70",
                "index_0": "8a31aa423207fff",
                "id": "8a31aa423207fff",
                "detour_factor": 2.279,
                "color": "#eea321",
                "label": "Medium Detour"
            },
            "geometry": {
                "type": "Polygon",
                "coordinates": [
                    [
                        [
                            116.3603015,
                            39.906544
                        ],
                        [
                            116.3595847,
                            39.9064348
                        ],
                        [
                            116.3592525,
                            39.9058577
                        ],
                        [
                            116.359637,
                            39.9053897
                        ],
                        [
                            116.3603538,
                            39.9054989
                        ],
                        [
                            116.360686,
                            39.9060761
                        ],
                        [
                            116.3603015,
                            39.906544
                        ]
                    ]
                ]
            }
        },
        {
            "type": "Feature",
            "properties": {
                "index": "71",
                "index_0": "8a31aa4236cffff",
                "id": "8a31aa4236cffff",
                "detour_factor": 4.870068,
                "color": "#e75a13",
                "label": "High Detour"
            },
            "geometry": {
                "type": "Polygon",
                "coordinates": [
                    [
                        [
                            116.3552659,
                            39.8989319
                        ],
                        [
                            116.3545491,
                            39.8988226
                        ],
                        [
                            116.354217,
                            39.8982455
                        ],
                        [
                            116.3546015,
                            39.8977776
                        ],
                        [
                            116.3553182,
                            39.8978869
                        ],
                        [
                            116.3556504,
                            39.898464
                        ],
                        [
                            116.3552659,
                            39.8989319
                        ]
                    ]
                ]
            }
        },
        {
            "type": "Feature",
            "properties": {
                "index": "72",
                "index_0": "8a31aa4232affff",
                "id": "8a31aa4232affff",
                "detour_factor": 2.165316,
                "color": "#eea321",
                "label": "Medium Detour"
            },
            "geometry": {
                "type": "Polygon",
                "coordinates": [
                    [
                        [
                            116.3593047,
                            39.9048126
                        ],
                        [
                            116.358588,
                            39.9047034
                        ],
                        [
                            116.3582557,
                            39.9041262
                        ],
                        [
                            116.3586403,
                            39.9036583
                        ],
                        [
                            116.359357,
                            39.9037675
                        ],
                        [
                            116.3596893,
                            39.9043447
                        ],
                        [
                            116.3593047,
                            39.9048126
                        ]
                    ]
                ]
            }
        },
        {
            "type": "Feature",
            "properties": {
                "index": "73",
                "index_0": "8a31aa4230cffff",
                "id": "8a31aa4230cffff",
                "detour_factor": 2.474403,
                "color": "#eea321",
                "label": "Medium Detour"
            },
            "geometry": {
                "type": "Polygon",
                "coordinates": [
                    [
                        [
                            116.3548992,
                            39.9062475
                        ],
                        [
                            116.3541824,
                            39.9061383
                        ],
                        [
                            116.3538502,
                            39.9055611
                        ],
                        [
                            116.3542348,
                            39.9050931
                        ],
                        [
                            116.3549516,
                            39.9052024
                        ],
                        [
                            116.3552839,
                            39.9057795
                        ],
                        [
                            116.3548992,
                            39.9062475
                        ]
                    ]
                ]
            }
        },
        {
            "type": "Feature",
            "properties": {
                "index": "74",
                "index_0": "8a31aa42e517fff",
                "id": "8a31aa42e517fff",
                "detour_factor": 2.4556,
                "color": "#eea321",
                "label": "Medium Detour"
            },
            "geometry": {
                "type": "Polygon",
                "coordinates": [
                    [
                        [
                            116.3657555,
                            39.9057952
                        ],
                        [
                            116.3650388,
                            39.9056861
                        ],
                        [
                            116.3647065,
                            39.905109
                        ],
                        [
                            116.365091,
                            39.904641
                        ],
                        [
                            116.3658077,
                            39.9047502
                        ],
                        [
                            116.36614,
                            39.9053273
                        ],
                        [
                            116.3657555,
                            39.9057952
                        ]
                    ]
                ]
            }
        },
        {
            "type": "Feature",
            "properties": {
                "index": "75",
                "index_0": "8a31aa423a97fff",
                "id": "8a31aa423a97fff",
                "detour_factor": 3.695411,
                "color": "#e75a13",
                "label": "High Detour"
            },
            "geometry": {
                "type": "Polygon",
                "coordinates": [
                    [
                        [
                            116.3568404,
                            39.9107557
                        ],
                        [
                            116.3561235,
                            39.9106465
                        ],
                        [
                            116.3557912,
                            39.9100693
                        ],
                        [
                            116.3561758,
                            39.9096013
                        ],
                        [
                            116.3568927,
                            39.9097105
                        ],
                        [
                            116.357225,
                            39.9102877
                        ],
                        [
                            116.3568404,
                            39.9107557
                        ]
                    ]
                ]
            }
        },
        {
            "type": "Feature",
            "properties": {
                "index": "76",
                "index_0": "8a31aa4059b7fff",
                "id": "8a31aa4059b7fff",
                "detour_factor": 2.208791,
                "color": "#eea321",
                "label": "Medium Detour"
            },
            "geometry": {
                "type": "Polygon",
                "coordinates": [
                    [
                        [
                            116.3563148,
                            39.8996183
                        ],
                        [
                            116.3555981,
                            39.8995091
                        ],
                        [
                            116.3552659,
                            39.8989319
                        ],
                        [
                            116.3556504,
                            39.898464
                        ],
                        [
                            116.3563671,
                            39.8985733
                        ],
                        [
                            116.3566993,
                            39.8991504
                        ],
                        [
                            116.3563148,
                            39.8996183
                        ]
                    ]
                ]
            }
        },
        {
            "type": "Feature",
            "properties": {
                "index": "77",
                "index_0": "8a31aa423b07fff",
                "id": "8a31aa423b07fff",
                "detour_factor": 2.29855,
                "color": "#eea321",
                "label": "Medium Detour"
            },
            "geometry": {
                "type": "Polygon",
                "coordinates": [
                    [
                        [
                            116.3587294,
                            39.9163091
                        ],
                        [
                            116.3580125,
                            39.9161999
                        ],
                        [
                            116.3576802,
                            39.9156228
                        ],
                        [
                            116.3580648,
                            39.9151548
                        ],
                        [
                            116.3587818,
                            39.9152639
                        ],
                        [
                            116.3591141,
                            39.9158411
                        ],
                        [
                            116.3587294,
                            39.9163091
                        ]
                    ]
                ]
            }
        },
        {
            "type": "Feature",
            "properties": {
                "index": "78",
                "index_0": "8a31aa421587fff",
                "id": "8a31aa421587fff",
                "detour_factor": 2.347839,
                "color": "#eea321",
                "label": "Medium Detour"
            },
            "geometry": {
                "type": "Polygon",
                "coordinates": [
                    [
                        [
                            116.3563168,
                            39.9212078
                        ],
                        [
                            116.3555998,
                            39.9210987
                        ],
                        [
                            116.3552674,
                            39.9205215
                        ],
                        [
                            116.3556521,
                            39.9200534
                        ],
                        [
                            116.3563692,
                            39.9201626
                        ],
                        [
                            116.3567015,
                            39.9207398
                        ],
                        [
                            116.3563168,
                            39.9212078
                        ]
                    ]
                ]
            }
        },
        {
            "type": "Feature",
            "properties": {
                "index": "79",
                "index_0": "8a31aa4232f7fff",
                "id": "8a31aa4232f7fff",
                "detour_factor": 2.519205,
                "color": "#eea321",
                "label": "Medium Detour"
            },
            "geometry": {
                "type": "Polygon",
                "coordinates": [
                    [
                        [
                            116.360406,
                            39.9044539
                        ],
                        [
                            116.3596893,
                            39.9043447
                        ],
                        [
                            116.359357,
                            39.9037675
                        ],
                        [
                            116.3597416,
                            39.9032996
                        ],
                        [
                            116.3604583,
                            39.9034088
                        ],
                        [
                            116.3607905,
                            39.9039859
                        ],
                        [
                            116.360406,
                            39.9044539
                        ]
                    ]
                ]
            }
        },
        {
            "type": "Feature",
            "properties": {
                "index": "80",
                "index_0": "8a31aa42381ffff",
                "id": "8a31aa42381ffff",
                "detour_factor": 2.209471,
                "color": "#eea321",
                "label": "Medium Detour"
            },
            "geometry": {
                "type": "Polygon",
                "coordinates": [
                    [
                        [
                            116.3522768,
                            39.9153265
                        ],
                        [
                            116.3515598,
                            39.9152173
                        ],
                        [
                            116.3512275,
                            39.91464
                        ],
                        [
                            116.3516123,
                            39.914172
                        ],
                        [
                            116.3523292,
                            39.9142812
                        ],
                        [
                            116.3526615,
                            39.9148584
                        ],
                        [
                            116.3522768,
                            39.9153265
                        ]
                    ]
                ]
            }
        },
        {
            "type": "Feature",
            "properties": {
                "index": "81",
                "index_0": "8a31aa42ec97fff",
                "id": "8a31aa42ec97fff",
                "detour_factor": 2.521122,
                "color": "#eea321",
                "label": "Medium Detour"
            },
            "geometry": {
                "type": "Polygon",
                "coordinates": [
                    [
                        [
                            116.36455,
                            39.9082441
                        ],
                        [
                            116.3638332,
                            39.908135
                        ],
                        [
                            116.3635009,
                            39.9075579
                        ],
                        [
                            116.3638854,
                            39.9070899
                        ],
                        [
                            116.3646022,
                            39.9071991
                        ],
                        [
                            116.3649344,
                            39.9077762
                        ],
                        [
                            116.36455,
                            39.9082441
                        ]
                    ]
                ]
            }
        },
        {
            "type": "Feature",
            "properties": {
                "index": "82",
                "index_0": "8a31aa42169ffff",
                "id": "8a31aa42169ffff",
                "detour_factor": 2.400351,
                "color": "#eea321",
                "label": "Medium Detour"
            },
            "geometry": {
                "type": "Polygon",
                "coordinates": [
                    [
                        [
                            116.3652861,
                            39.915201
                        ],
                        [
                            116.3645692,
                            39.9150919
                        ],
                        [
                            116.3642369,
                            39.9145148
                        ],
                        [
                            116.3646214,
                            39.9140468
                        ],
                        [
                            116.3653382,
                            39.9141559
                        ],
                        [
                            116.3656706,
                            39.914733
                        ],
                        [
                            116.3652861,
                            39.915201
                        ]
                    ]
                ]
            }
        },
        {
            "type": "Feature",
            "properties": {
                "index": "83",
                "index_0": "8a31aa42396ffff",
                "id": "8a31aa42396ffff",
                "detour_factor": 2.392597,
                "color": "#eea321",
                "label": "Medium Detour"
            },
            "geometry": {
                "type": "Polygon",
                "coordinates": [
                    [
                        [
                            116.3553198,
                            39.9194762
                        ],
                        [
                            116.3546028,
                            39.919367
                        ],
                        [
                            116.3542705,
                            39.9187898
                        ],
                        [
                            116.3546552,
                            39.9183218
                        ],
                        [
                            116.3553722,
                            39.9184309
                        ],
                        [
                            116.3557045,
                            39.9190081
                        ],
                        [
                            116.3553198,
                            39.9194762
                        ]
                    ]
                ]
            }
        },
        {
            "type": "Feature",
            "properties": {
                "index": "84",
                "index_0": "8a31aa42326ffff",
                "id": "8a31aa42326ffff",
                "detour_factor": 3.059365,
                "color": "#e75a13",
                "label": "High Detour"
            },
            "geometry": {
                "type": "Polygon",
                "coordinates": [
                    [
                        [
                            116.3646022,
                            39.9071991
                        ],
                        [
                            116.3638854,
                            39.9070899
                        ],
                        [
                            116.3635531,
                            39.9065128
                        ],
                        [
                            116.3639376,
                            39.9060448
                        ],
                        [
                            116.3646543,
                            39.906154
                        ],
                        [
                            116.3649866,
                            39.9067311
                        ],
                        [
                            116.3646022,
                            39.9071991
                        ]
                    ]
                ]
            }
        },
        {
            "type": "Feature",
            "properties": {
                "index": "85",
                "index_0": "8a31aa42ed97fff",
                "id": "8a31aa42ed97fff",
                "detour_factor": 4.190325,
                "color": "#e75a13",
                "label": "High Detour"
            },
            "geometry": {
                "type": "Polygon",
                "coordinates": [
                    [
                        [
                            116.3633443,
                            39.9106931
                        ],
                        [
                            116.3626275,
                            39.910584
                        ],
                        [
                            116.3622952,
                            39.9100068
                        ],
                        [
                            116.3626797,
                            39.9095389
                        ],
                        [
                            116.3633965,
                            39.909648
                        ],
                        [
                            116.3637288,
                            39.9102251
                        ],
                        [
                            116.3633443,
                            39.9106931
                        ]
                    ]
                ]
            }
        },
        {
            "type": "Feature",
            "properties": {
                "index": "86",
                "index_0": "8a31aa421407fff",
                "id": "8a31aa421407fff",
                "detour_factor": 2.242124,
                "color": "#eea321",
                "label": "Medium Detour"
            },
            "geometry": {
                "type": "Polygon",
                "coordinates": [
                    [
                        [
                            116.3595695,
                            39.9211763
                        ],
                        [
                            116.3588525,
                            39.9210672
                        ],
                        [
                            116.3585202,
                            39.92049
                        ],
                        [
                            116.3589048,
                            39.920022
                        ],
                        [
                            116.3596218,
                            39.9201311
                        ],
                        [
                            116.3599542,
                            39.9207083
                        ],
                        [
                            116.3595695,
                            39.9211763
                        ]
                    ]
                ]
            }
        },
        {
            "type": "Feature",
            "properties": {
                "index": "87",
                "index_0": "8a31aa423757fff",
                "id": "8a31aa423757fff",
                "detour_factor": 2.091605,
                "color": "#eea321",
                "label": "Medium Detour"
            },
            "geometry": {
                "type": "Polygon",
                "coordinates": [
                    [
                        [
                            116.353955,
                            39.9034708
                        ],
                        [
                            116.3532382,
                            39.9033616
                        ],
                        [
                            116.352906,
                            39.9027844
                        ],
                        [
                            116.3532906,
                            39.9023165
                        ],
                        [
                            116.3540074,
                            39.9024257
                        ],
                        [
                            116.3543396,
                            39.9030029
                        ],
                        [
                            116.353955,
                            39.9034708
                        ]
                    ]
                ]
            }
        },
        {
            "type": "Feature",
            "properties": {
                "index": "88",
                "index_0": "8a31aa423907fff",
                "id": "8a31aa423907fff",
                "detour_factor": 2.184249,
                "color": "#eea321",
                "label": "Medium Detour"
            },
            "geometry": {
                "type": "Polygon",
                "coordinates": [
                    [
                        [
                            116.3510176,
                            39.9188211
                        ],
                        [
                            116.3503006,
                            39.9187119
                        ],
                        [
                            116.3499683,
                            39.9181346
                        ],
                        [
                            116.3503531,
                            39.9176666
                        ],
                        [
                            116.3510701,
                            39.9177758
                        ],
                        [
                            116.3514024,
                            39.918353
                        ],
                        [
                            116.3510176,
                            39.9188211
                        ]
                    ]
                ]
            }
        },
        {
            "type": "Feature",
            "properties": {
                "index": "89",
                "index_0": "8a31aa42168ffff",
                "id": "8a31aa42168ffff",
                "detour_factor": 2.700113,
                "color": "#eea321",
                "label": "Medium Detour"
            },
            "geometry": {
                "type": "Polygon",
                "coordinates": [
                    [
                        [
                            116.3663353,
                            39.9158872
                        ],
                        [
                            116.3656184,
                            39.9157781
                        ],
                        [
                            116.3652861,
                            39.915201
                        ],
                        [
                            116.3656706,
                            39.914733
                        ],
                        [
                            116.3663874,
                            39.9148421
                        ],
                        [
                            116.3667198,
                            39.9154192
                        ],
                        [
                            116.3663353,
                            39.9158872
                        ]
                    ]
                ]
            }
        },
        {
            "type": "Feature",
            "properties": {
                "index": "90",
                "index_0": "8a31aa423827fff",
                "id": "8a31aa423827fff",
                "detour_factor": 2.581518,
                "color": "#eea321",
                "label": "Medium Detour"
            },
            "geometry": {
                "type": "Polygon",
                "coordinates": [
                    [
                        [
                            116.3521719,
                            39.917417
                        ],
                        [
                            116.3514549,
                            39.9173078
                        ],
                        [
                            116.3511226,
                            39.9167305
                        ],
                        [
                            116.3515073,
                            39.9162625
                        ],
                        [
                            116.3522243,
                            39.9163717
                        ],
                        [
                            116.3525566,
                            39.9169489
                        ],
                        [
                            116.3521719,
                            39.917417
                        ]
                    ]
                ]
            }
        },
        {
            "type": "Feature",
            "properties": {
                "index": "91",
                "index_0": "8a31aa423a6ffff",
                "id": "8a31aa423a6ffff",
                "detour_factor": 2.072805,
                "color": "#eea321",
                "label": "Medium Detour"
            },
            "geometry": {
                "type": "Polygon",
                "coordinates": [
                    [
                        [
                            116.3642369,
                            39.9145148
                        ],
                        [
                            116.36352,
                            39.9144056
                        ],
                        [
                            116.3631877,
                            39.9138285
                        ],
                        [
                            116.3635722,
                            39.9133605
                        ],
                        [
                            116.364289,
                            39.9134696
                        ],
                        [
                            116.3646214,
                            39.9140468
                        ],
                        [
                            116.3642369,
                            39.9145148
                        ]
                    ]
                ]
            }
        },
        {
            "type": "Feature",
            "properties": {
                "index": "92",
                "index_0": "8a31aa4216a7fff",
                "id": "8a31aa4216a7fff",
                "detour_factor": 4.696295,
                "color": "#e75a13",
                "label": "High Detour"
            },
            "geometry": {
                "type": "Polygon",
                "coordinates": [
                    [
                        [
                            116.3651817,
                            39.9172913
                        ],
                        [
                            116.3644648,
                            39.9171822
                        ],
                        [
                            116.3641325,
                            39.9166051
                        ],
                        [
                            116.364517,
                            39.916137
                        ],
                        [
                            116.3652339,
                            39.9162462
                        ],
                        [
                            116.3655662,
                            39.9168233
                        ],
                        [
                            116.3651817,
                            39.9172913
                        ]
                    ]
                ]
            }
        },
        {
            "type": "Feature",
            "properties": {
                "index": "93",
                "index_0": "8a31aa423b1ffff",
                "id": "8a31aa423b1ffff",
                "detour_factor": 2.116594,
                "color": "#eea321",
                "label": "Medium Detour"
            },
            "geometry": {
                "type": "Polygon",
                "coordinates": [
                    [
                        [
                            116.3587818,
                            39.9152639
                        ],
                        [
                            116.3580648,
                            39.9151548
                        ],
                        [
                            116.3577325,
                            39.9145776
                        ],
                        [
                            116.3581172,
                            39.9141096
                        ],
                        [
                            116.3588341,
                            39.9142187
                        ],
                        [
                            116.3591664,
                            39.9147959
                        ],
                        [
                            116.3587818,
                            39.9152639
                        ]
                    ]
                ]
            }
        },
        {
            "type": "Feature",
            "properties": {
                "index": "94",
                "index_0": "8a31aa42149ffff",
                "id": "8a31aa42149ffff",
                "detour_factor": 2.234176,
                "color": "#eea321",
                "label": "Medium Detour"
            },
            "geometry": {
                "type": "Polygon",
                "coordinates": [
                    [
                        [
                            116.3575755,
                            39.9177132
                        ],
                        [
                            116.3568586,
                            39.917604
                        ],
                        [
                            116.3565262,
                            39.9170268
                        ],
                        [
                            116.3569109,
                            39.9165588
                        ],
                        [
                            116.3576279,
                            39.916668
                        ],
                        [
                            116.3579602,
                            39.9172452
                        ],
                        [
                            116.3575755,
                            39.9177132
                        ]
                    ]
                ]
            }
        },
        {
            "type": "Feature",
            "properties": {
                "index": "95",
                "index_0": "8a31aa42ed1ffff",
                "id": "8a31aa42ed1ffff",
                "detour_factor": 2.30392,
                "color": "#eea321",
                "label": "Medium Detour"
            },
            "geometry": {
                "type": "Polygon",
                "coordinates": [
                    [
                        [
                            116.3664917,
                            39.9127519
                        ],
                        [
                            116.3657749,
                            39.9126428
                        ],
                        [
                            116.3654426,
                            39.9120656
                        ],
                        [
                            116.3658271,
                            39.9115977
                        ],
                        [
                            116.3665439,
                            39.9117068
                        ],
                        [
                            116.3668762,
                            39.9122839
                        ],
                        [
                            116.3664917,
                            39.9127519
                        ]
                    ]
                ]
            }
        },
        {
            "type": "Feature",
            "properties": {
                "index": "96",
                "index_0": "8a31aa423a8ffff",
                "id": "8a31aa423a8ffff",
                "detour_factor": 2.545763,
                "color": "#eea321",
                "label": "Medium Detour"
            },
            "geometry": {
                "type": "Polygon",
                "coordinates": [
                    [
                        [
                            116.358991,
                            39.9110832
                        ],
                        [
                            116.3582741,
                            39.9109741
                        ],
                        [
                            116.3579418,
                            39.9103969
                        ],
                        [
                            116.3583264,
                            39.9099289
                        ],
                        [
                            116.3590433,
                            39.9100381
                        ],
                        [
                            116.3593756,
                            39.9106153
                        ],
                        [
                            116.358991,
                            39.9110832
                        ]
                    ]
                ]
            }
        },
        {
            "type": "Feature",
            "properties": {
                "index": "97",
                "index_0": "8a31aa42142ffff",
                "id": "8a31aa42142ffff",
                "detour_factor": 3.089628,
                "color": "#e75a13",
                "label": "High Detour"
            },
            "geometry": {
                "type": "Polygon",
                "coordinates": [
                    [
                        [
                            116.3606189,
                            39.9218626
                        ],
                        [
                            116.3599019,
                            39.9217535
                        ],
                        [
                            116.3595695,
                            39.9211763
                        ],
                        [
                            116.3599542,
                            39.9207083
                        ],
                        [
                            116.3606712,
                            39.9208174
                        ],
                        [
                            116.3610035,
                            39.9213946
                        ],
                        [
                            116.3606189,
                            39.9218626
                        ]
                    ]
                ]
            }
        },
        {
            "type": "Feature",
            "properties": {
                "index": "98",
                "index_0": null,
                "id": "8a31aa4216b7fff",
                "detour_factor": null,
                "color": "#990404",
                "label": "Unreachable"
            },
            "geometry": {
                "type": "Polygon",
                "coordinates": [
                    [
                        [
                            116.3641325,
                            39.9166051
                        ],
                        [
                            116.3634156,
                            39.9164959
                        ],
                        [
                            116.3630832,
                            39.9159188
                        ],
                        [
                            116.3634678,
                            39.9154508
                        ],
                        [
                            116.3641847,
                            39.9155599
                        ],
                        [
                            116.364517,
                            39.916137
                        ],
                        [
                            116.3641325,
                            39.9166051
                        ]
                    ]
                ]
            }
        },
        {
            "type": "Feature",
            "properties": {
                "index": "99",
                "index_0": "8a31aa4232b7fff",
                "id": "8a31aa4232b7fff",
                "detour_factor": 2.158172,
                "color": "#eea321",
                "label": "Medium Detour"
            },
            "geometry": {
                "type": "Polygon",
                "coordinates": [
                    [
                        [
                            116.3571544,
                            39.904485
                        ],
                        [
                            116.3564376,
                            39.9043757
                        ],
                        [
                            116.3561054,
                            39.9037986
                        ],
                        [
                            116.35649,
                            39.9033306
                        ],
                        [
                            116.3572067,
                            39.9034399
                        ],
                        [
                            116.357539,
                            39.904017
                        ],
                        [
                            116.3571544,
                            39.904485
                        ]
                    ]
                ]
            }
        },
        {
            "type": "Feature",
            "properties": {
                "index": "100",
                "index_0": null,
                "id": "8a31aa4214c7fff",
                "detour_factor": null,
                "color": "#990404",
                "label": "Unreachable"
            },
            "geometry": {
                "type": "Polygon",
                "coordinates": [
                    [
                        [
                            116.3607757,
                            39.918727
                        ],
                        [
                            116.3600588,
                            39.9186178
                        ],
                        [
                            116.3597264,
                            39.9180406
                        ],
                        [
                            116.360111,
                            39.9175726
                        ],
                        [
                            116.360828,
                            39.9176818
                        ],
                        [
                            116.3611603,
                            39.9182589
                        ],
                        [
                            116.3607757,
                            39.918727
                        ]
                    ]
                ]
            }
        },
        {
            "type": "Feature",
            "properties": {
                "index": "101",
                "index_0": "8a31aa423307fff",
                "id": "8a31aa423307fff",
                "detour_factor": 2.407309,
                "color": "#eea321",
                "label": "Medium Detour"
            },
            "geometry": {
                "type": "Polygon",
                "coordinates": [
                    [
                        [
                            116.3590956,
                            39.908993
                        ],
                        [
                            116.3583787,
                            39.9088838
                        ],
                        [
                            116.3580465,
                            39.9083066
                        ],
                        [
                            116.3584311,
                            39.9078387
                        ],
                        [
                            116.3591479,
                            39.9079479
                        ],
                        [
                            116.3594801,
                            39.908525
                        ],
                        [
                            116.3590956,
                            39.908993
                        ]
                    ]
                ]
            }
        },
        {
            "type": "Feature",
            "properties": {
                "index": "102",
                "index_0": "8a31aa423037fff",
                "id": "8a31aa423037fff",
                "detour_factor": 3.709225,
                "color": "#e75a13",
                "label": "High Detour"
            },
            "geometry": {
                "type": "Polygon",
                "coordinates": [
                    [
                        [
                            116.3514899,
                            39.909414
                        ],
                        [
                            116.3507729,
                            39.9093047
                        ],
                        [
                            116.3504407,
                            39.9087275
                        ],
                        [
                            116.3508254,
                            39.9082595
                        ],
                        [
                            116.3515423,
                            39.9083688
                        ],
                        [
                            116.3518745,
                            39.908946
                        ],
                        [
                            116.3514899,
                            39.909414
                        ]
                    ]
                ]
            }
        },
        {
            "type": "Feature",
            "properties": {
                "index": "103",
                "index_0": "8a31aa421797fff",
                "id": "8a31aa421797fff",
                "detour_factor": 2.717847,
                "color": "#eea321",
                "label": "Medium Detour"
            },
            "geometry": {
                "type": "Polygon",
                "coordinates": [
                    [
                        [
                            116.3629788,
                            39.9180091
                        ],
                        [
                            116.3622619,
                            39.9179
                        ],
                        [
                            116.3619295,
                            39.9173229
                        ],
                        [
                            116.3623141,
                            39.9168548
                        ],
                        [
                            116.363031,
                            39.916964
                        ],
                        [
                            116.3633634,
                            39.9175411
                        ],
                        [
                            116.3629788,
                            39.9180091
                        ]
                    ]
                ]
            }
        },
        {
            "type": "Feature",
            "properties": {
                "index": "104",
                "index_0": "8a31aa4230effff",
                "id": "8a31aa4230effff",
                "detour_factor": 4.517828,
                "color": "#e75a13",
                "label": "High Detour"
            },
            "geometry": {
                "type": "Polygon",
                "coordinates": [
                    [
                        [
                            116.3548469,
                            39.9072926
                        ],
                        [
                            116.35413,
                            39.9071834
                        ],
                        [
                            116.3537978,
                            39.9066062
                        ],
                        [
                            116.3541824,
                            39.9061383
                        ],
                        [
                            116.3548992,
                            39.9062475
                        ],
                        [
                            116.3552315,
                            39.9068247
                        ],
                        [
                            116.3548469,
                            39.9072926
                        ]
                    ]
                ]
            }
        },
        {
            "type": "Feature",
            "properties": {
                "index": "105",
                "index_0": null,
                "id": "8a31aa423067fff",
                "detour_factor": null,
                "color": "#990404",
                "label": "Unreachable"
            },
            "geometry": {
                "type": "Polygon",
                "coordinates": [
                    [
                        [
                            116.3557912,
                            39.9100693
                        ],
                        [
                            116.3550743,
                            39.9099601
                        ],
                        [
                            116.3547421,
                            39.9093829
                        ],
                        [
                            116.3551267,
                            39.9089149
                        ],
                        [
                            116.3558436,
                            39.9090242
                        ],
                        [
                            116.3561758,
                            39.9096013
                        ],
                        [
                            116.3557912,
                            39.9100693
                        ]
                    ]
                ]
            }
        },
        {
            "type": "Feature",
            "properties": {
                "index": "106",
                "index_0": "8a31aa42382ffff",
                "id": "8a31aa42382ffff",
                "detour_factor": 2.159005,
                "color": "#eea321",
                "label": "Medium Detour"
            },
            "geometry": {
                "type": "Polygon",
                "coordinates": [
                    [
                        [
                            116.3532736,
                            39.9170581
                        ],
                        [
                            116.3525566,
                            39.9169489
                        ],
                        [
                            116.3522243,
                            39.9163717
                        ],
                        [
                            116.3526091,
                            39.9159037
                        ],
                        [
                            116.353326,
                            39.9160129
                        ],
                        [
                            116.3536583,
                            39.9165901
                        ],
                        [
                            116.3532736,
                            39.9170581
                        ]
                    ]
                ]
            }
        },
        {
            "type": "Feature",
            "properties": {
                "index": "107",
                "index_0": "8a31aa42021ffff",
                "id": "8a31aa42021ffff",
                "detour_factor": 2.015596,
                "color": "#eea321",
                "label": "Medium Detour"
            },
            "geometry": {
                "type": "Polygon",
                "coordinates": [
                    [
                        [
                            116.3519096,
                            39.9226434
                        ],
                        [
                            116.3511925,
                            39.9225342
                        ],
                        [
                            116.3508602,
                            39.921957
                        ],
                        [
                            116.351245,
                            39.9214889
                        ],
                        [
                            116.3519621,
                            39.9215981
                        ],
                        [
                            116.3522944,
                            39.9221754
                        ],
                        [
                            116.3519096,
                            39.9226434
                        ]
                    ]
                ]
            }
        },
        {
            "type": "Feature",
            "properties": {
                "index": "108",
                "index_0": "8a31aa405937fff",
                "id": "8a31aa405937fff",
                "detour_factor": 2.331028,
                "color": "#eea321",
                "label": "Medium Detour"
            },
            "geometry": {
                "type": "Polygon",
                "coordinates": [
                    [
                        [
                            116.3583604,
                            39.9020361
                        ],
                        [
                            116.3576436,
                            39.9019269
                        ],
                        [
                            116.3573114,
                            39.9013497
                        ],
                        [
                            116.3576959,
                            39.9008818
                        ],
                        [
                            116.3584127,
                            39.9009911
                        ],
                        [
                            116.3587449,
                            39.9015682
                        ],
                        [
                            116.3583604,
                            39.9020361
                        ]
                    ]
                ]
            }
        },
        {
            "type": "Feature",
            "properties": {
                "index": "109",
                "index_0": "8a31aa40598ffff",
                "id": "8a31aa40598ffff",
                "detour_factor": 2.423678,
                "color": "#eea321",
                "label": "Medium Detour"
            },
            "geometry": {
                "type": "Polygon",
                "coordinates": [
                    [
                        [
                            116.3585173,
                            39.898901
                        ],
                        [
                            116.3578006,
                            39.8987918
                        ],
                        [
                            116.3574684,
                            39.8982146
                        ],
                        [
                            116.3578529,
                            39.8977468
                        ],
                        [
                            116.3585696,
                            39.897856
                        ],
                        [
                            116.3589018,
                            39.8984331
                        ],
                        [
                            116.3585173,
                            39.898901
                        ]
                    ]
                ]
            }
        },
        {
            "type": "Feature",
            "properties": {
                "index": "110",
                "index_0": "8a31aa42ed17fff",
                "id": "8a31aa42ed17fff",
                "detour_factor": 2.431174,
                "color": "#eea321",
                "label": "Medium Detour"
            },
            "geometry": {
                "type": "Polygon",
                "coordinates": [
                    [
                        [
                            116.3653904,
                            39.9131108
                        ],
                        [
                            116.3646736,
                            39.9130016
                        ],
                        [
                            116.3643412,
                            39.9124245
                        ],
                        [
                            116.3647257,
                            39.9119565
                        ],
                        [
                            116.3654426,
                            39.9120656
                        ],
                        [
                            116.3657749,
                            39.9126428
                        ],
                        [
                            116.3653904,
                            39.9131108
                        ]
                    ]
                ]
            }
        },
        {
            "type": "Feature",
            "properties": {
                "index": "111",
                "index_0": "8a31aa423217fff",
                "id": "8a31aa423217fff",
                "detour_factor": 3.094302,
                "color": "#e75a13",
                "label": "High Detour"
            },
            "geometry": {
                "type": "Polygon",
                "coordinates": [
                    [
                        [
                            116.3592525,
                            39.9058577
                        ],
                        [
                            116.3585357,
                            39.9057485
                        ],
                        [
                            116.3582034,
                            39.9051713
                        ],
                        [
                            116.358588,
                            39.9047034
                        ],
                        [
                            116.3593047,
                            39.9048126
                        ],
                        [
                            116.359637,
                            39.9053897
                        ],
                        [
                            116.3592525,
                            39.9058577
                        ]
                    ]
                ]
            }
        },
        {
            "type": "Feature",
            "properties": {
                "index": "112",
                "index_0": "8a31aa4232e7fff",
                "id": "8a31aa4232e7fff",
                "detour_factor": 2.419773,
                "color": "#eea321",
                "label": "Medium Detour"
            },
            "geometry": {
                "type": "Polygon",
                "coordinates": [
                    [
                        [
                            116.3614551,
                            39.9051402
                        ],
                        [
                            116.3607383,
                            39.905031
                        ],
                        [
                            116.360406,
                            39.9044539
                        ],
                        [
                            116.3607905,
                            39.9039859
                        ],
                        [
                            116.3615073,
                            39.9040951
                        ],
                        [
                            116.3618395,
                            39.9046723
                        ],
                        [
                            116.3614551,
                            39.9051402
                        ]
                    ]
                ]
            }
        },
        {
            "type": "Feature",
            "properties": {
                "index": "113",
                "index_0": "8a31aa423627fff",
                "id": "8a31aa423627fff",
                "detour_factor": 2.202403,
                "color": "#eea321",
                "label": "Medium Detour"
            },
            "geometry": {
                "type": "Polygon",
                "coordinates": [
                    [
                        [
                            116.352906,
                            39.9027844
                        ],
                        [
                            116.3521892,
                            39.9026751
                        ],
                        [
                            116.351857,
                            39.902098
                        ],
                        [
                            116.3522416,
                            39.90163
                        ],
                        [
                            116.3529584,
                            39.9017393
                        ],
                        [
                            116.3532906,
                            39.9023165
                        ],
                        [
                            116.352906,
                            39.9027844
                        ]
                    ]
                ]
            }
        },
        {
            "type": "Feature",
            "properties": {
                "index": "114",
                "index_0": "8a31aa405997fff",
                "id": "8a31aa405997fff",
                "detour_factor": 2.538497,
                "color": "#eea321",
                "label": "Medium Detour"
            },
            "geometry": {
                "type": "Polygon",
                "coordinates": [
                    [
                        [
                            116.3563671,
                            39.8985733
                        ],
                        [
                            116.3556504,
                            39.898464
                        ],
                        [
                            116.3553182,
                            39.8978869
                        ],
                        [
                            116.3557028,
                            39.897419
                        ],
                        [
                            116.3564195,
                            39.8975282
                        ],
                        [
                            116.3567517,
                            39.8981054
                        ],
                        [
                            116.3563671,
                            39.8985733
                        ]
                    ]
                ]
            }
        },
        {
            "type": "Feature",
            "properties": {
                "index": "115",
                "index_0": "8a31aa4233b7fff",
                "id": "8a31aa4233b7fff",
                "detour_factor": 2.570813,
                "color": "#eea321",
                "label": "Medium Detour"
            },
            "geometry": {
                "type": "Polygon",
                "coordinates": [
                    [
                        [
                            116.3559483,
                            39.9069339
                        ],
                        [
                            116.3552315,
                            39.9068247
                        ],
                        [
                            116.3548992,
                            39.9062475
                        ],
                        [
                            116.3552839,
                            39.9057795
                        ],
                        [
                            116.3560007,
                            39.9058888
                        ],
                        [
                            116.3563329,
                            39.9064659
                        ],
                        [
                            116.3559483,
                            39.9069339
                        ]
                    ]
                ]
            }
        },
        {
            "type": "Feature",
            "properties": {
                "index": "116",
                "index_0": "8a31aa4059a7fff",
                "id": "8a31aa4059a7fff",
                "detour_factor": 4.012337,
                "color": "#e75a13",
                "label": "High Detour"
            },
            "geometry": {
                "type": "Polygon",
                "coordinates": [
                    [
                        [
                            116.3573637,
                            39.9003047
                        ],
                        [
                            116.356647,
                            39.9001955
                        ],
                        [
                            116.3563148,
                            39.8996183
                        ],
                        [
                            116.3566993,
                            39.8991504
                        ],
                        [
                            116.357416,
                            39.8992597
                        ],
                        [
                            116.3577482,
                            39.8998368
                        ],
                        [
                            116.3573637,
                            39.9003047
                        ]
                    ]
                ]
            }
        },
        {
            "type": "Feature",
            "properties": {
                "index": "117",
                "index_0": "8a31aa423a5ffff",
                "id": "8a31aa423a5ffff",
                "detour_factor": 2.040682,
                "color": "#eea321",
                "label": "Medium Detour"
            },
            "geometry": {
                "type": "Polygon",
                "coordinates": [
                    [
                        [
                            116.3632399,
                            39.9127834
                        ],
                        [
                            116.362523,
                            39.9126742
                        ],
                        [
                            116.3621907,
                            39.9120971
                        ],
                        [
                            116.3625752,
                            39.9116291
                        ],
                        [
                            116.3632921,
                            39.9117382
                        ],
                        [
                            116.3636244,
                            39.9123154
                        ],
                        [
                            116.3632399,
                            39.9127834
                        ]
                    ]
                ]
            }
        },
        {
            "type": "Feature",
            "properties": {
                "index": "118",
                "index_0": "8a31aa42e4d7fff",
                "id": "8a31aa42e4d7fff",
                "detour_factor": 2.050964,
                "color": "#eea321",
                "label": "Medium Detour"
            },
            "geometry": {
                "type": "Polygon",
                "coordinates": [
                    [
                        [
                            116.3681662,
                            39.9008977
                        ],
                        [
                            116.3674496,
                            39.9007885
                        ],
                        [
                            116.3671173,
                            39.9002115
                        ],
                        [
                            116.3675017,
                            39.8997436
                        ],
                        [
                            116.3682183,
                            39.8998528
                        ],
                        [
                            116.3685506,
                            39.9004298
                        ],
                        [
                            116.3681662,
                            39.9008977
                        ]
                    ]
                ]
            }
        },
        {
            "type": "Feature",
            "properties": {
                "index": "119",
                "index_0": "8a31aa423a4ffff",
                "id": "8a31aa423a4ffff",
                "detour_factor": 3.234587,
                "color": "#e75a13",
                "label": "High Detour"
            },
            "geometry": {
                "type": "Polygon",
                "coordinates": [
                    [
                        [
                            116.364289,
                            39.9134696
                        ],
                        [
                            116.3635722,
                            39.9133605
                        ],
                        [
                            116.3632399,
                            39.9127834
                        ],
                        [
                            116.3636244,
                            39.9123154
                        ],
                        [
                            116.3643412,
                            39.9124245
                        ],
                        [
                            116.3646736,
                            39.9130016
                        ],
                        [
                            116.364289,
                            39.9134696
                        ]
                    ]
                ]
            }
        },
        {
            "type": "Feature",
            "properties": {
                "index": "120",
                "index_0": "8a31aa4230f7fff",
                "id": "8a31aa4230f7fff",
                "detour_factor": 2.720338,
                "color": "#eea321",
                "label": "Medium Detour"
            },
            "geometry": {
                "type": "Polygon",
                "coordinates": [
                    [
                        [
                            116.3526963,
                            39.9069649
                        ],
                        [
                            116.3519794,
                            39.9068557
                        ],
                        [
                            116.3516472,
                            39.9062785
                        ],
                        [
                            116.3520319,
                            39.9058105
                        ],
                        [
                            116.3527487,
                            39.9059198
                        ],
                        [
                            116.3530809,
                            39.906497
                        ],
                        [
                            116.3526963,
                            39.9069649
                        ]
                    ]
                ]
            }
        },
        {
            "type": "Feature",
            "properties": {
                "index": "121",
                "index_0": "8a31aa423a2ffff",
                "id": "8a31aa423a2ffff",
                "detour_factor": 2.295391,
                "color": "#eea321",
                "label": "Medium Detour"
            },
            "geometry": {
                "type": "Polygon",
                "coordinates": [
                    [
                        [
                            116.3609848,
                            39.9145462
                        ],
                        [
                            116.3602679,
                            39.9144371
                        ],
                        [
                            116.3599356,
                            39.9138599
                        ],
                        [
                            116.3603202,
                            39.9133919
                        ],
                        [
                            116.361037,
                            39.913501
                        ],
                        [
                            116.3613694,
                            39.9140782
                        ],
                        [
                            116.3609848,
                            39.9145462
                        ]
                    ]
                ]
            }
        },
        {
            "type": "Feature",
            "properties": {
                "index": "122",
                "index_0": null,
                "id": "8a31aa423267fff",
                "detour_factor": null,
                "color": "#990404",
                "label": "Unreachable"
            },
            "geometry": {
                "type": "Polygon",
                "coordinates": [
                    [
                        [
                            116.3635009,
                            39.9075579
                        ],
                        [
                            116.3627841,
                            39.9074487
                        ],
                        [
                            116.3624519,
                            39.9068716
                        ],
                        [
                            116.3628363,
                            39.9064036
                        ],
                        [
                            116.3635531,
                            39.9065128
                        ],
                        [
                            116.3638854,
                            39.9070899
                        ],
                        [
                            116.3635009,
                            39.9075579
                        ]
                    ]
                ]
            }
        },
        {
            "type": "Feature",
            "properties": {
                "index": "123",
                "index_0": "8a31aa42e5a7fff",
                "id": "8a31aa42e5a7fff",
                "detour_factor": 2.132727,
                "color": "#eea321",
                "label": "Medium Detour"
            },
            "geometry": {
                "type": "Polygon",
                "coordinates": [
                    [
                        [
                            116.3647065,
                            39.905109
                        ],
                        [
                            116.3639898,
                            39.9049998
                        ],
                        [
                            116.3636575,
                            39.9044227
                        ],
                        [
                            116.364042,
                            39.9039548
                        ],
                        [
                            116.3647587,
                            39.9040639
                        ],
                        [
                            116.365091,
                            39.904641
                        ],
                        [
                            116.3647065,
                            39.905109
                        ]
                    ]
                ]
            }
        },
        {
            "type": "Feature",
            "properties": {
                "index": "124",
                "index_0": "8a31aa42e5b7fff",
                "id": "8a31aa42e5b7fff",
                "detour_factor": 2.037545,
                "color": "#eea321",
                "label": "Medium Detour"
            },
            "geometry": {
                "type": "Polygon",
                "coordinates": [
                    [
                        [
                            116.3636575,
                            39.9044227
                        ],
                        [
                            116.3629408,
                            39.9043135
                        ],
                        [
                            116.3626085,
                            39.9037364
                        ],
                        [
                            116.362993,
                            39.9032685
                        ],
                        [
                            116.3637097,
                            39.9033777
                        ],
                        [
                            116.364042,
                            39.9039548
                        ],
                        [
                            116.3636575,
                            39.9044227
                        ]
                    ]
                ]
            }
        },
        {
            "type": "Feature",
            "properties": {
                "index": "125",
                "index_0": "8a31aa4202f7fff",
                "id": "8a31aa4202f7fff",
                "detour_factor": 2.193273,
                "color": "#eea321",
                "label": "Medium Detour"
            },
            "geometry": {
                "type": "Polygon",
                "coordinates": [
                    [
                        [
                            116.3519621,
                            39.9215981
                        ],
                        [
                            116.351245,
                            39.9214889
                        ],
                        [
                            116.3509127,
                            39.9209117
                        ],
                        [
                            116.3512975,
                            39.9204436
                        ],
                        [
                            116.3520145,
                            39.9205528
                        ],
                        [
                            116.3523468,
                            39.9211301
                        ],
                        [
                            116.3519621,
                            39.9215981
                        ]
                    ]
                ]
            }
        },
        {
            "type": "Feature",
            "properties": {
                "index": "126",
                "index_0": null,
                "id": "8a31aa423b67fff",
                "detour_factor": null,
                "color": "#990404",
                "label": "Unreachable"
            },
            "geometry": {
                "type": "Polygon",
                "coordinates": [
                    [
                        [
                            116.3619295,
                            39.9173229
                        ],
                        [
                            116.3612126,
                            39.9172137
                        ],
                        [
                            116.3608802,
                            39.9166366
                        ],
                        [
                            116.3612648,
                            39.9161685
                        ],
                        [
                            116.3619818,
                            39.9162777
                        ],
                        [
                            116.3623141,
                            39.9168548
                        ],
                        [
                            116.3619295,
                            39.9173229
                        ]
                    ]
                ]
            }
        },
        {
            "type": "Feature",
            "properties": {
                "index": "127",
                "index_0": "8a31aa42e4affff",
                "id": "8a31aa42e4affff",
                "detour_factor": 2.449569,
                "color": "#eea321",
                "label": "Medium Detour"
            },
            "geometry": {
                "type": "Polygon",
                "coordinates": [
                    [
                        [
                            116.367013,
                            39.9023014
                        ],
                        [
                            116.3662964,
                            39.9021923
                        ],
                        [
                            116.3659641,
                            39.9016152
                        ],
                        [
                            116.3663485,
                            39.9011473
                        ],
                        [
                            116.3670652,
                            39.9012564
                        ],
                        [
                            116.3673974,
                            39.9018335
                        ],
                        [
                            116.367013,
                            39.9023014
                        ]
                    ]
                ]
            }
        },
        {
            "type": "Feature",
            "properties": {
                "index": "128",
                "index_0": "8a31aa4216f7fff",
                "id": "8a31aa4216f7fff",
                "detour_factor": 2.398578,
                "color": "#eea321",
                "label": "Medium Detour"
            },
            "geometry": {
                "type": "Polygon",
                "coordinates": [
                    [
                        [
                            116.3673845,
                            39.9165735
                        ],
                        [
                            116.3666676,
                            39.9164644
                        ],
                        [
                            116.3663353,
                            39.9158872
                        ],
                        [
                            116.3667198,
                            39.9154192
                        ],
                        [
                            116.3674366,
                            39.9155283
                        ],
                        [
                            116.367769,
                            39.9161055
                        ],
                        [
                            116.3673845,
                            39.9165735
                        ]
                    ]
                ]
            }
        },
        {
            "type": "Feature",
            "properties": {
                "index": "129",
                "index_0": "8a31aa42338ffff",
                "id": "8a31aa42338ffff",
                "detour_factor": 2.139016,
                "color": "#eea321",
                "label": "Medium Detour"
            },
            "geometry": {
                "type": "Polygon",
                "coordinates": [
                    [
                        [
                            116.3581511,
                            39.9062164
                        ],
                        [
                            116.3574343,
                            39.9061072
                        ],
                        [
                            116.3571021,
                            39.90553
                        ],
                        [
                            116.3574866,
                            39.9050621
                        ],
                        [
                            116.3582034,
                            39.9051713
                        ],
                        [
                            116.3585357,
                            39.9057485
                        ],
                        [
                            116.3581511,
                            39.9062164
                        ]
                    ]
                ]
            }
        },
        {
            "type": "Feature",
            "properties": {
                "index": "130",
                "index_0": "8a31aa4214a7fff",
                "id": "8a31aa4214a7fff",
                "detour_factor": 2.076186,
                "color": "#eea321",
                "label": "Medium Detour"
            },
            "geometry": {
                "type": "Polygon",
                "coordinates": [
                    [
                        [
                            116.3574708,
                            39.9198037
                        ],
                        [
                            116.3567538,
                            39.9196945
                        ],
                        [
                            116.3564215,
                            39.9191173
                        ],
                        [
                            116.3568062,
                            39.9186493
                        ],
                        [
                            116.3575232,
                            39.9187584
                        ],
                        [
                            116.3578555,
                            39.9193356
                        ],
                        [
                            116.3574708,
                            39.9198037
                        ]
                    ]
                ]
            }
        },
        {
            "type": "Feature",
            "properties": {
                "index": "131",
                "index_0": "8a31aa42ed27fff",
                "id": "8a31aa42ed27fff",
                "detour_factor": 2.555455,
                "color": "#eea321",
                "label": "Medium Detour"
            },
            "geometry": {
                "type": "Polygon",
                "coordinates": [
                    [
                        [
                            116.3663874,
                            39.9148421
                        ],
                        [
                            116.3656706,
                            39.914733
                        ],
                        [
                            116.3653382,
                            39.9141559
                        ],
                        [
                            116.3657227,
                            39.9136879
                        ],
                        [
                            116.3664396,
                            39.913797
                        ],
                        [
                            116.3667719,
                            39.9143741
                        ],
                        [
                            116.3663874,
                            39.9148421
                        ]
                    ]
                ]
            }
        },
        {
            "type": "Feature",
            "properties": {
                "index": "132",
                "index_0": "8a31aa4214f7fff",
                "id": "8a31aa4214f7fff",
                "detour_factor": 2.394644,
                "color": "#eea321",
                "label": "Medium Detour"
            },
            "geometry": {
                "type": "Polygon",
                "coordinates": [
                    [
                        [
                            116.3596741,
                            39.9190859
                        ],
                        [
                            116.3589572,
                            39.9189767
                        ],
                        [
                            116.3586248,
                            39.9183995
                        ],
                        [
                            116.3590095,
                            39.9179315
                        ],
                        [
                            116.3597264,
                            39.9180406
                        ],
                        [
                            116.3600588,
                            39.9186178
                        ],
                        [
                            116.3596741,
                            39.9190859
                        ]
                    ]
                ]
            }
        },
        {
            "type": "Feature",
            "properties": {
                "index": "133",
                "index_0": "8a31aa4059affff",
                "id": "8a31aa4059affff",
                "detour_factor": 3.602795,
                "color": "#e75a13",
                "label": "High Detour"
            },
            "geometry": {
                "type": "Polygon",
                "coordinates": [
                    [
                        [
                            116.358465,
                            39.899946
                        ],
                        [
                            116.3577482,
                            39.8998368
                        ],
                        [
                            116.357416,
                            39.8992597
                        ],
                        [
                            116.3578006,
                            39.8987918
                        ],
                        [
                            116.3585173,
                            39.898901
                        ],
                        [
                            116.3588495,
                            39.8994781
                        ],
                        [
                            116.358465,
                            39.899946
                        ]
                    ]
                ]
            }
        },
        {
            "type": "Feature",
            "properties": {
                "index": "134",
                "index_0": "8a31aa405987fff",
                "id": "8a31aa405987fff",
                "detour_factor": 2.124427,
                "color": "#eea321",
                "label": "Medium Detour"
            },
            "geometry": {
                "type": "Polygon",
                "coordinates": [
                    [
                        [
                            116.357416,
                            39.8992597
                        ],
                        [
                            116.3566993,
                            39.8991504
                        ],
                        [
                            116.3563671,
                            39.8985733
                        ],
                        [
                            116.3567517,
                            39.8981054
                        ],
                        [
                            116.3574684,
                            39.8982146
                        ],
                        [
                            116.3578006,
                            39.8987918
                        ],
                        [
                            116.357416,
                            39.8992597
                        ]
                    ]
                ]
            }
        },
        {
            "type": "Feature",
            "properties": {
                "index": "135",
                "index_0": "8a31aa4232dffff",
                "id": "8a31aa4232dffff",
                "detour_factor": 2.339647,
                "color": "#eea321",
                "label": "Medium Detour"
            },
            "geometry": {
                "type": "Polygon",
                "coordinates": [
                    [
                        [
                            116.3615595,
                            39.9030501
                        ],
                        [
                            116.3608428,
                            39.9029409
                        ],
                        [
                            116.3605106,
                            39.9023638
                        ],
                        [
                            116.3608951,
                            39.9018959
                        ],
                        [
                            116.3616118,
                            39.9020051
                        ],
                        [
                            116.361944,
                            39.9025822
                        ],
                        [
                            116.3615595,
                            39.9030501
                        ]
                    ]
                ]
            }
        },
        {
            "type": "Feature",
            "properties": {
                "index": "136",
                "index_0": "8a31aa4214d7fff",
                "id": "8a31aa4214d7fff",
                "detour_factor": 2.066214,
                "color": "#eea321",
                "label": "Medium Detour"
            },
            "geometry": {
                "type": "Polygon",
                "coordinates": [
                    [
                        [
                            116.3597264,
                            39.9180406
                        ],
                        [
                            116.3590095,
                            39.9179315
                        ],
                        [
                            116.3586771,
                            39.9173543
                        ],
                        [
                            116.3590618,
                            39.9168863
                        ],
                        [
                            116.3597787,
                            39.9169954
                        ],
                        [
                            116.360111,
                            39.9175726
                        ],
                        [
                            116.3597264,
                            39.9180406
                        ]
                    ]
                ]
            }
        },
        {
            "type": "Feature",
            "properties": {
                "index": "137",
                "index_0": "8a31aa421687fff",
                "id": "8a31aa421687fff",
                "detour_factor": 3.314605,
                "color": "#e75a13",
                "label": "High Detour"
            },
            "geometry": {
                "type": "Polygon",
                "coordinates": [
                    [
                        [
                            116.3652339,
                            39.9162462
                        ],
                        [
                            116.364517,
                            39.916137
                        ],
                        [
                            116.3641847,
                            39.9155599
                        ],
                        [
                            116.3645692,
                            39.9150919
                        ],
                        [
                            116.3652861,
                            39.915201
                        ],
                        [
                            116.3656184,
                            39.9157781
                        ],
                        [
                            116.3652339,
                            39.9162462
                        ]
                    ]
                ]
            }
        },
        {
            "type": "Feature",
            "properties": {
                "index": "138",
                "index_0": "8a31aa42311ffff",
                "id": "8a31aa42311ffff",
                "detour_factor": 2.333688,
                "color": "#eea321",
                "label": "Medium Detour"
            },
            "geometry": {
                "type": "Polygon",
                "coordinates": [
                    [
                        [
                            116.3514374,
                            39.9104592
                        ],
                        [
                            116.3507205,
                            39.9103499
                        ],
                        [
                            116.3503882,
                            39.9097727
                        ],
                        [
                            116.3507729,
                            39.9093047
                        ],
                        [
                            116.3514899,
                            39.909414
                        ],
                        [
                            116.3518221,
                            39.9099912
                        ],
                        [
                            116.3514374,
                            39.9104592
                        ]
                    ]
                ]
            }
        },
        {
            "type": "Feature",
            "properties": {
                "index": "139",
                "index_0": null,
                "id": "8a31aa42edb7fff",
                "detour_factor": null,
                "color": "#990404",
                "label": "Unreachable"
            },
            "geometry": {
                "type": "Polygon",
                "coordinates": [
                    [
                        [
                            116.3632921,
                            39.9117382
                        ],
                        [
                            116.3625752,
                            39.9116291
                        ],
                        [
                            116.3622429,
                            39.9110519
                        ],
                        [
                            116.3626275,
                            39.910584
                        ],
                        [
                            116.3633443,
                            39.9106931
                        ],
                        [
                            116.3636766,
                            39.9112702
                        ],
                        [
                            116.3632921,
                            39.9117382
                        ]
                    ]
                ]
            }
        },
        {
            "type": "Feature",
            "properties": {
                "index": "140",
                "index_0": "8a31aa423277fff",
                "id": "8a31aa423277fff",
                "detour_factor": 3.248515,
                "color": "#e75a13",
                "label": "High Detour"
            },
            "geometry": {
                "type": "Polygon",
                "coordinates": [
                    [
                        [
                            116.3624519,
                            39.9068716
                        ],
                        [
                            116.3617351,
                            39.9067624
                        ],
                        [
                            116.3614028,
                            39.9061853
                        ],
                        [
                            116.3617873,
                            39.9057173
                        ],
                        [
                            116.3625041,
                            39.9058265
                        ],
                        [
                            116.3628363,
                            39.9064036
                        ],
                        [
                            116.3624519,
                            39.9068716
                        ]
                    ]
                ]
            }
        },
        {
            "type": "Feature",
            "properties": {
                "index": "141",
                "index_0": "8a31aa42305ffff",
                "id": "8a31aa42305ffff",
                "detour_factor": 3.277299,
                "color": "#e75a13",
                "label": "High Detour"
            },
            "geometry": {
                "type": "Polygon",
                "coordinates": [
                    [
                        [
                            116.355896,
                            39.907979
                        ],
                        [
                            116.3551791,
                            39.9078698
                        ],
                        [
                            116.3548469,
                            39.9072926
                        ],
                        [
                            116.3552315,
                            39.9068247
                        ],
                        [
                            116.3559483,
                            39.9069339
                        ],
                        [
                            116.3562806,
                            39.9075111
                        ],
                        [
                            116.355896,
                            39.907979
                        ]
                    ]
                ]
            }
        },
        {
            "type": "Feature",
            "properties": {
                "index": "142",
                "index_0": "8a31aa423a9ffff",
                "id": "8a31aa423a9ffff",
                "detour_factor": 2.334743,
                "color": "#eea321",
                "label": "Medium Detour"
            },
            "geometry": {
                "type": "Polygon",
                "coordinates": [
                    [
                        [
                            116.3579418,
                            39.9103969
                        ],
                        [
                            116.357225,
                            39.9102877
                        ],
                        [
                            116.3568927,
                            39.9097105
                        ],
                        [
                            116.3572773,
                            39.9092426
                        ],
                        [
                            116.3579942,
                            39.9093518
                        ],
                        [
                            116.3583264,
                            39.9099289
                        ],
                        [
                            116.3579418,
                            39.9103969
                        ]
                    ]
                ]
            }
        },
        {
            "type": "Feature",
            "properties": {
                "index": "143",
                "index_0": null,
                "id": "8a31aa4232c7fff",
                "detour_factor": null,
                "color": "#990404",
                "label": "Unreachable"
            },
            "geometry": {
                "type": "Polygon",
                "coordinates": [
                    [
                        [
                            116.3615073,
                            39.9040951
                        ],
                        [
                            116.3607905,
                            39.9039859
                        ],
                        [
                            116.3604583,
                            39.9034088
                        ],
                        [
                            116.3608428,
                            39.9029409
                        ],
                        [
                            116.3615595,
                            39.9030501
                        ],
                        [
                            116.3618918,
                            39.9036272
                        ],
                        [
                            116.3615073,
                            39.9040951
                        ]
                    ]
                ]
            }
        },
        {
            "type": "Feature",
            "properties": {
                "index": "144",
                "index_0": "8a31aa42ed07fff",
                "id": "8a31aa42ed07fff",
                "detour_factor": 2.058976,
                "color": "#eea321",
                "label": "Medium Detour"
            },
            "geometry": {
                "type": "Polygon",
                "coordinates": [
                    [
                        [
                            116.3664396,
                            39.913797
                        ],
                        [
                            116.3657227,
                            39.9136879
                        ],
                        [
                            116.3653904,
                            39.9131108
                        ],
                        [
                            116.3657749,
                            39.9126428
                        ],
                        [
                            116.3664917,
                            39.9127519
                        ],
                        [
                            116.3668241,
                            39.913329
                        ],
                        [
                            116.3664396,
                            39.913797
                        ]
                    ]
                ]
            }
        },
        {
            "type": "Feature",
            "properties": {
                "index": "145",
                "index_0": "8a31aa42170ffff",
                "id": "8a31aa42170ffff",
                "detour_factor": 2.199412,
                "color": "#eea321",
                "label": "Medium Detour"
            },
            "geometry": {
                "type": "Polygon",
                "coordinates": [
                    [
                        [
                            116.367176,
                            39.9207541
                        ],
                        [
                            116.366459,
                            39.920645
                        ],
                        [
                            116.3661267,
                            39.9200679
                        ],
                        [
                            116.3665112,
                            39.9195998
                        ],
                        [
                            116.3672281,
                            39.9197089
                        ],
                        [
                            116.3675605,
                            39.9202861
                        ],
                        [
                            116.367176,
                            39.9207541
                        ]
                    ]
                ]
            }
        },
        {
            "type": "Feature",
            "properties": {
                "index": "146",
                "index_0": "8a31aa421597fff",
                "id": "8a31aa421597fff",
                "detour_factor": 2.85554,
                "color": "#eea321",
                "label": "Medium Detour"
            },
            "geometry": {
                "type": "Polygon",
                "coordinates": [
                    [
                        [
                            116.3552674,
                            39.9205215
                        ],
                        [
                            116.3545504,
                            39.9204123
                        ],
                        [
                            116.3542181,
                            39.9198351
                        ],
                        [
                            116.3546028,
                            39.919367
                        ],
                        [
                            116.3553198,
                            39.9194762
                        ],
                        [
                            116.3556521,
                            39.9200534
                        ],
                        [
                            116.3552674,
                            39.9205215
                        ]
                    ]
                ]
            }
        },
        {
            "type": "Feature",
            "properties": {
                "index": "147",
                "index_0": "8a31aa42109ffff",
                "id": "8a31aa42109ffff",
                "detour_factor": 4.083964,
                "color": "#e75a13",
                "label": "High Detour"
            },
            "geometry": {
                "type": "Polygon",
                "coordinates": [
                    [
                        [
                            116.3649208,
                            39.9225173
                        ],
                        [
                            116.3642038,
                            39.9224082
                        ],
                        [
                            116.3638714,
                            39.921831
                        ],
                        [
                            116.364256,
                            39.921363
                        ],
                        [
                            116.364973,
                            39.9214721
                        ],
                        [
                            116.3653054,
                            39.9220492
                        ],
                        [
                            116.3649208,
                            39.9225173
                        ]
                    ]
                ]
            }
        },
        {
            "type": "Feature",
            "properties": {
                "index": "148",
                "index_0": "8a31aa423b87fff",
                "id": "8a31aa423b87fff",
                "detour_factor": 2.978464,
                "color": "#eea321",
                "label": "Medium Detour"
            },
            "geometry": {
                "type": "Polygon",
                "coordinates": [
                    [
                        [
                            116.3566833,
                            39.9138912
                        ],
                        [
                            116.3559664,
                            39.913782
                        ],
                        [
                            116.3556341,
                            39.9132048
                        ],
                        [
                            116.3560188,
                            39.9127368
                        ],
                        [
                            116.3567357,
                            39.912846
                        ],
                        [
                            116.3570679,
                            39.9134232
                        ],
                        [
                            116.3566833,
                            39.9138912
                        ]
                    ]
                ]
            }
        },
        {
            "type": "Feature",
            "properties": {
                "index": "149",
                "index_0": "8a31aa42322ffff",
                "id": "8a31aa42322ffff",
                "detour_factor": 3.488879,
                "color": "#e75a13",
                "label": "High Detour"
            },
            "geometry": {
                "type": "Polygon",
                "coordinates": [
                    [
                        [
                            116.3613506,
                            39.9072303
                        ],
                        [
                            116.3606338,
                            39.9071212
                        ],
                        [
                            116.3603015,
                            39.906544
                        ],
                        [
                            116.360686,
                            39.9060761
                        ],
                        [
                            116.3614028,
                            39.9061853
                        ],
                        [
                            116.3617351,
                            39.9067624
                        ],
                        [
                            116.3613506,
                            39.9072303
                        ]
                    ]
                ]
            }
        },
        {
            "type": "Feature",
            "properties": {
                "index": "150",
                "index_0": "8a31aa42336ffff",
                "id": "8a31aa42336ffff",
                "detour_factor": 3.113651,
                "color": "#e75a13",
                "label": "High Detour"
            },
            "geometry": {
                "type": "Polygon",
                "coordinates": [
                    [
                        [
                            116.3633965,
                            39.909648
                        ],
                        [
                            116.3626797,
                            39.9095389
                        ],
                        [
                            116.3623474,
                            39.9089617
                        ],
                        [
                            116.3627319,
                            39.9084938
                        ],
                        [
                            116.3634487,
                            39.9086029
                        ],
                        [
                            116.363781,
                            39.9091801
                        ],
                        [
                            116.3633965,
                            39.909648
                        ]
                    ]
                ]
            }
        },
        {
            "type": "Feature",
            "properties": {
                "index": "151",
                "index_0": "8a31aa421617fff",
                "id": "8a31aa421617fff",
                "detour_factor": 3.078815,
                "color": "#e75a13",
                "label": "High Detour"
            },
            "geometry": {
                "type": "Polygon",
                "coordinates": [
                    [
                        [
                            116.366231,
                            39.9179775
                        ],
                        [
                            116.3655141,
                            39.9178684
                        ],
                        [
                            116.3651817,
                            39.9172913
                        ],
                        [
                            116.3655662,
                            39.9168233
                        ],
                        [
                            116.3662831,
                            39.9169324
                        ],
                        [
                            116.3666155,
                            39.9175095
                        ],
                        [
                            116.366231,
                            39.9179775
                        ]
                    ]
                ]
            }
        },
        {
            "type": "Feature",
            "properties": {
                "index": "152",
                "index_0": "8a31aa421497fff",
                "id": "8a31aa421497fff",
                "detour_factor": 3.130402,
                "color": "#e75a13",
                "label": "High Detour"
            },
            "geometry": {
                "type": "Polygon",
                "coordinates": [
                    [
                        [
                            116.3564739,
                            39.9180721
                        ],
                        [
                            116.3557569,
                            39.9179629
                        ],
                        [
                            116.3554246,
                            39.9173857
                        ],
                        [
                            116.3558093,
                            39.9169177
                        ],
                        [
                            116.3565262,
                            39.9170268
                        ],
                        [
                            116.3568586,
                            39.917604
                        ],
                        [
                            116.3564739,
                            39.9180721
                        ]
                    ]
                ]
            }
        },
        {
            "type": "Feature",
            "properties": {
                "index": "153",
                "index_0": null,
                "id": "8a31aa423b47fff",
                "detour_factor": null,
                "color": "#990404",
                "label": "Unreachable"
            },
            "geometry": {
                "type": "Polygon",
                "coordinates": [
                    [
                        [
                            116.3619818,
                            39.9162777
                        ],
                        [
                            116.3612648,
                            39.9161685
                        ],
                        [
                            116.3609325,
                            39.9155914
                        ],
                        [
                            116.3613171,
                            39.9151234
                        ],
                        [
                            116.362034,
                            39.9152325
                        ],
                        [
                            116.3623663,
                            39.9158097
                        ],
                        [
                            116.3619818,
                            39.9162777
                        ]
                    ]
                ]
            }
        },
        {
            "type": "Feature",
            "properties": {
                "index": "154",
                "index_0": "8a31aa42e537fff",
                "id": "8a31aa42e537fff",
                "detour_factor": 2.723533,
                "color": "#eea321",
                "label": "Medium Detour"
            },
            "geometry": {
                "type": "Polygon",
                "coordinates": [
                    [
                        [
                            116.3657034,
                            39.9068403
                        ],
                        [
                            116.3649866,
                            39.9067311
                        ],
                        [
                            116.3646543,
                            39.906154
                        ],
                        [
                            116.3650388,
                            39.9056861
                        ],
                        [
                            116.3657555,
                            39.9057952
                        ],
                        [
                            116.3660878,
                            39.9063723
                        ],
                        [
                            116.3657034,
                            39.9068403
                        ]
                    ]
                ]
            }
        },
        {
            "type": "Feature",
            "properties": {
                "index": "155",
                "index_0": "8a31aa423b0ffff",
                "id": "8a31aa423b0ffff",
                "detour_factor": 3.235592,
                "color": "#e75a13",
                "label": "High Detour"
            },
            "geometry": {
                "type": "Polygon",
                "coordinates": [
                    [
                        [
                            116.359831,
                            39.9159502
                        ],
                        [
                            116.3591141,
                            39.9158411
                        ],
                        [
                            116.3587818,
                            39.9152639
                        ],
                        [
                            116.3591664,
                            39.9147959
                        ],
                        [
                            116.3598833,
                            39.9149051
                        ],
                        [
                            116.3602156,
                            39.9154822
                        ],
                        [
                            116.359831,
                            39.9159502
                        ]
                    ]
                ]
            }
        },
        {
            "type": "Feature",
            "properties": {
                "index": "156",
                "index_0": "8a31aa423a87fff",
                "id": "8a31aa423a87fff",
                "detour_factor": 2.95248,
                "color": "#eea321",
                "label": "Medium Detour"
            },
            "geometry": {
                "type": "Polygon",
                "coordinates": [
                    [
                        [
                            116.3578895,
                            39.911442
                        ],
                        [
                            116.3571726,
                            39.9113329
                        ],
                        [
                            116.3568404,
                            39.9107557
                        ],
                        [
                            116.357225,
                            39.9102877
                        ],
                        [
                            116.3579418,
                            39.9103969
                        ],
                        [
                            116.3582741,
                            39.9109741
                        ],
                        [
                            116.3578895,
                            39.911442
                        ]
                    ]
                ]
            }
        },
        {
            "type": "Feature",
            "properties": {
                "index": "157",
                "index_0": "8a31aa42e4a7fff",
                "id": "8a31aa42e4a7fff",
                "detour_factor": 3.110112,
                "color": "#e75a13",
                "label": "High Detour"
            },
            "geometry": {
                "type": "Polygon",
                "coordinates": [
                    [
                        [
                            116.365912,
                            39.9026602
                        ],
                        [
                            116.3651953,
                            39.902551
                        ],
                        [
                            116.364863,
                            39.9019739
                        ],
                        [
                            116.3652474,
                            39.901506
                        ],
                        [
                            116.3659641,
                            39.9016152
                        ],
                        [
                            116.3662964,
                            39.9021923
                        ],
                        [
                            116.365912,
                            39.9026602
                        ]
                    ]
                ]
            }
        },
        {
            "type": "Feature",
            "properties": {
                "index": "158",
                "index_0": "8a31aa42141ffff",
                "id": "8a31aa42141ffff",
                "detour_factor": 2.142577,
                "color": "#eea321",
                "label": "Medium Detour"
            },
            "geometry": {
                "type": "Polygon",
                "coordinates": [
                    [
                        [
                            116.3596218,
                            39.9201311
                        ],
                        [
                            116.3589048,
                            39.920022
                        ],
                        [
                            116.3585725,
                            39.9194448
                        ],
                        [
                            116.3589572,
                            39.9189767
                        ],
                        [
                            116.3596741,
                            39.9190859
                        ],
                        [
                            116.3600065,
                            39.919663
                        ],
                        [
                            116.3596218,
                            39.9201311
                        ]
                    ]
                ]
            }
        },
        {
            "type": "Feature",
            "properties": {
                "index": "159",
                "index_0": "8a31aa4216d7fff",
                "id": "8a31aa4216d7fff",
                "detour_factor": 2.393868,
                "color": "#eea321",
                "label": "Medium Detour"
            },
            "geometry": {
                "type": "Polygon",
                "coordinates": [
                    [
                        [
                            116.3674366,
                            39.9155283
                        ],
                        [
                            116.3667198,
                            39.9154192
                        ],
                        [
                            116.3663874,
                            39.9148421
                        ],
                        [
                            116.3667719,
                            39.9143741
                        ],
                        [
                            116.3674888,
                            39.9144832
                        ],
                        [
                            116.3678211,
                            39.9150603
                        ],
                        [
                            116.3674366,
                            39.9155283
                        ]
                    ]
                ]
            }
        },
        {
            "type": "Feature",
            "properties": {
                "index": "160",
                "index_0": null,
                "id": "8a31aa405b37fff",
                "detour_factor": null,
                "color": "#990404",
                "label": "Unreachable"
            },
            "geometry": {
                "type": "Polygon",
                "coordinates": [
                    [
                        [
                            116.3660684,
                            39.8995252
                        ],
                        [
                            116.3653518,
                            39.899416
                        ],
                        [
                            116.3650195,
                            39.898839
                        ],
                        [
                            116.3654039,
                            39.8983711
                        ],
                        [
                            116.3661205,
                            39.8984803
                        ],
                        [
                            116.3664528,
                            39.8990573
                        ],
                        [
                            116.3660684,
                            39.8995252
                        ]
                    ]
                ]
            }
        },
        {
            "type": "Feature",
            "properties": {
                "index": "161",
                "index_0": "8a31aa423867fff",
                "id": "8a31aa423867fff",
                "detour_factor": 2.543372,
                "color": "#eea321",
                "label": "Medium Detour"
            },
            "geometry": {
                "type": "Polygon",
                "coordinates": [
                    [
                        [
                            116.3554246,
                            39.9173857
                        ],
                        [
                            116.3547076,
                            39.9172765
                        ],
                        [
                            116.3543753,
                            39.9166993
                        ],
                        [
                            116.35476,
                            39.9162313
                        ],
                        [
                            116.355477,
                            39.9163405
                        ],
                        [
                            116.3558093,
                            39.9169177
                        ],
                        [
                            116.3554246,
                            39.9173857
                        ]
                    ]
                ]
            }
        },
        {
            "type": "Feature",
            "properties": {
                "index": "162",
                "index_0": "8a31aa421627fff",
                "id": "8a31aa421627fff",
                "detour_factor": 3.60532,
                "color": "#e75a13",
                "label": "High Detour"
            },
            "geometry": {
                "type": "Polygon",
                "coordinates": [
                    [
                        [
                            116.3672281,
                            39.9197089
                        ],
                        [
                            116.3665112,
                            39.9195998
                        ],
                        [
                            116.3661788,
                            39.9190227
                        ],
                        [
                            116.3665633,
                            39.9185547
                        ],
                        [
                            116.3672802,
                            39.9186638
                        ],
                        [
                            116.3676126,
                            39.9192409
                        ],
                        [
                            116.3672281,
                            39.9197089
                        ]
                    ]
                ]
            }
        },
        {
            "type": "Feature",
            "properties": {
                "index": "163",
                "index_0": "8a31aa4230affff",
                "id": "8a31aa4230affff",
                "detour_factor": 3.861033,
                "color": "#e75a13",
                "label": "High Detour"
            },
            "geometry": {
                "type": "Polygon",
                "coordinates": [
                    [
                        [
                            116.3515948,
                            39.9073236
                        ],
                        [
                            116.3508779,
                            39.9072144
                        ],
                        [
                            116.3505457,
                            39.9066372
                        ],
                        [
                            116.3509303,
                            39.9061692
                        ],
                        [
                            116.3516472,
                            39.9062785
                        ],
                        [
                            116.3519794,
                            39.9068557
                        ],
                        [
                            116.3515948,
                            39.9073236
                        ]
                    ]
                ]
            }
        },
        {
            "type": "Feature",
            "properties": {
                "index": "164",
                "index_0": "8a31aa42364ffff",
                "id": "8a31aa42364ffff",
                "detour_factor": 3.744765,
                "color": "#e75a13",
                "label": "High Detour"
            },
            "geometry": {
                "type": "Polygon",
                "coordinates": [
                    [
                        [
                            116.3573114,
                            39.9013497
                        ],
                        [
                            116.3565946,
                            39.9012405
                        ],
                        [
                            116.3562624,
                            39.9006634
                        ],
                        [
                            116.356647,
                            39.9001955
                        ],
                        [
                            116.3573637,
                            39.9003047
                        ],
                        [
                            116.3576959,
                            39.9008818
                        ],
                        [
                            116.3573114,
                            39.9013497
                        ]
                    ]
                ]
            }
        },
        {
            "type": "Feature",
            "properties": {
                "index": "165",
                "index_0": "8a31aa421467fff",
                "id": "8a31aa421467fff",
                "detour_factor": 2.487147,
                "color": "#eea321",
                "label": "Medium Detour"
            },
            "geometry": {
                "type": "Polygon",
                "coordinates": [
                    [
                        [
                            116.3627699,
                            39.92219
                        ],
                        [
                            116.3620529,
                            39.9220809
                        ],
                        [
                            116.3617205,
                            39.9215037
                        ],
                        [
                            116.3621051,
                            39.9210356
                        ],
                        [
                            116.3628221,
                            39.9211448
                        ],
                        [
                            116.3631545,
                            39.9217219
                        ],
                        [
                            116.3627699,
                            39.92219
                        ]
                    ]
                ]
            }
        },
        {
            "type": "Feature",
            "properties": {
                "index": "166",
                "index_0": "8a31aa4214dffff",
                "id": "8a31aa4214dffff",
                "detour_factor": 4.61482,
                "color": "#e75a13",
                "label": "High Detour"
            },
            "geometry": {
                "type": "Polygon",
                "coordinates": [
                    [
                        [
                            116.360828,
                            39.9176818
                        ],
                        [
                            116.360111,
                            39.9175726
                        ],
                        [
                            116.3597787,
                            39.9169954
                        ],
                        [
                            116.3601633,
                            39.9165274
                        ],
                        [
                            116.3608802,
                            39.9166366
                        ],
                        [
                            116.3612126,
                            39.9172137
                        ],
                        [
                            116.360828,
                            39.9176818
                        ]
                    ]
                ]
            }
        },
        {
            "type": "Feature",
            "properties": {
                "index": "167",
                "index_0": "8a31aa4214effff",
                "id": "8a31aa4214effff",
                "detour_factor": 8.682155,
                "color": "#e75a13",
                "label": "High Detour"
            },
            "geometry": {
                "type": "Polygon",
                "coordinates": [
                    [
                        [
                            116.361825,
                            39.9194133
                        ],
                        [
                            116.3611081,
                            39.9193041
                        ],
                        [
                            116.3607757,
                            39.918727
                        ],
                        [
                            116.3611603,
                            39.9182589
                        ],
                        [
                            116.3618773,
                            39.9183681
                        ],
                        [
                            116.3622096,
                            39.9189452
                        ],
                        [
                            116.361825,
                            39.9194133
                        ]
                    ]
                ]
            }
        },
        {
            "type": "Feature",
            "properties": {
                "index": "168",
                "index_0": "8a31aa42332ffff",
                "id": "8a31aa42332ffff",
                "detour_factor": 2.014929,
                "color": "#eea321",
                "label": "Medium Detour"
            },
            "geometry": {
                "type": "Polygon",
                "coordinates": [
                    [
                        [
                            116.3601447,
                            39.9096793
                        ],
                        [
                            116.3594279,
                            39.9095701
                        ],
                        [
                            116.3590956,
                            39.908993
                        ],
                        [
                            116.3594801,
                            39.908525
                        ],
                        [
                            116.360197,
                            39.9086342
                        ],
                        [
                            116.3605292,
                            39.9092114
                        ],
                        [
                            116.3601447,
                            39.9096793
                        ]
                    ]
                ]
            }
        },
        {
            "type": "Feature",
            "properties": {
                "index": "169",
                "index_0": null,
                "id": "8a31aa42140ffff",
                "detour_factor": null,
                "color": "#990404",
                "label": "Unreachable"
            },
            "geometry": {
                "type": "Polygon",
                "coordinates": [
                    [
                        [
                            116.3606712,
                            39.9208174
                        ],
                        [
                            116.3599542,
                            39.9207083
                        ],
                        [
                            116.3596218,
                            39.9201311
                        ],
                        [
                            116.3600065,
                            39.919663
                        ],
                        [
                            116.3607234,
                            39.9197722
                        ],
                        [
                            116.3610558,
                            39.9203494
                        ],
                        [
                            116.3606712,
                            39.9208174
                        ]
                    ]
                ]
            }
        },
        {
            "type": "Feature",
            "properties": {
                "index": "170",
                "index_0": null,
                "id": "8a31aa42155ffff",
                "detour_factor": null,
                "color": "#990404",
                "label": "Unreachable"
            },
            "geometry": {
                "type": "Polygon",
                "coordinates": [
                    [
                        [
                            116.3616683,
                            39.9225489
                        ],
                        [
                            116.3609513,
                            39.9224398
                        ],
                        [
                            116.3606189,
                            39.9218626
                        ],
                        [
                            116.3610035,
                            39.9213946
                        ],
                        [
                            116.3617205,
                            39.9215037
                        ],
                        [
                            116.3620529,
                            39.9220809
                        ],
                        [
                            116.3616683,
                            39.9225489
                        ]
                    ]
                ]
            }
        },
        {
            "type": "Feature",
            "properties": {
                "index": "171",
                "index_0": "8a31aa405927fff",
                "id": "8a31aa405927fff",
                "detour_factor": 2.207827,
                "color": "#eea321",
                "label": "Medium Detour"
            },
            "geometry": {
                "type": "Polygon",
                "coordinates": [
                    [
                        [
                            116.3594093,
                            39.9027225
                        ],
                        [
                            116.3586926,
                            39.9026133
                        ],
                        [
                            116.3583604,
                            39.9020361
                        ],
                        [
                            116.3587449,
                            39.9015682
                        ],
                        [
                            116.3594616,
                            39.9016774
                        ],
                        [
                            116.3597938,
                            39.9022546
                        ],
                        [
                            116.3594093,
                            39.9027225
                        ]
                    ]
                ]
            }
        },
        {
            "type": "Feature",
            "properties": {
                "index": "172",
                "index_0": "8a31aa423607fff",
                "id": "8a31aa423607fff",
                "detour_factor": 3.701557,
                "color": "#e75a13",
                "label": "High Detour"
            },
            "geometry": {
                "type": "Polygon",
                "coordinates": [
                    [
                        [
                            116.3529584,
                            39.9017393
                        ],
                        [
                            116.3522416,
                            39.90163
                        ],
                        [
                            116.3519094,
                            39.9010529
                        ],
                        [
                            116.3522941,
                            39.900585
                        ],
                        [
                            116.3530108,
                            39.9006942
                        ],
                        [
                            116.353343,
                            39.9012714
                        ],
                        [
                            116.3529584,
                            39.9017393
                        ]
                    ]
                ]
            }
        },
        {
            "type": "Feature",
            "properties": {
                "index": "173",
                "index_0": null,
                "id": "8a31aa42362ffff",
                "detour_factor": null,
                "color": "#990404",
                "label": "Unreachable"
            },
            "geometry": {
                "type": "Polygon",
                "coordinates": [
                    [
                        [
                            116.3540074,
                            39.9024257
                        ],
                        [
                            116.3532906,
                            39.9023165
                        ],
                        [
                            116.3529584,
                            39.9017393
                        ],
                        [
                            116.353343,
                            39.9012714
                        ],
                        [
                            116.3540598,
                            39.9013807
                        ],
                        [
                            116.354392,
                            39.9019578
                        ],
                        [
                            116.3540074,
                            39.9024257
                        ]
                    ]
                ]
            }
        },
        {
            "type": "Feature",
            "properties": {
                "index": "174",
                "index_0": "8a31aa42144ffff",
                "id": "8a31aa42144ffff",
                "detour_factor": 2.714673,
                "color": "#eea321",
                "label": "Medium Detour"
            },
            "geometry": {
                "type": "Polygon",
                "coordinates": [
                    [
                        [
                            116.3639237,
                            39.9207858
                        ],
                        [
                            116.3632067,
                            39.9206767
                        ],
                        [
                            116.3628743,
                            39.9200995
                        ],
                        [
                            116.3632589,
                            39.9196315
                        ],
                        [
                            116.3639759,
                            39.9197406
                        ],
                        [
                            116.3643082,
                            39.9203178
                        ],
                        [
                            116.3639237,
                            39.9207858
                        ]
                    ]
                ]
            }
        },
        {
            "type": "Feature",
            "properties": {
                "index": "175",
                "index_0": "8a31aa4238d7fff",
                "id": "8a31aa4238d7fff",
                "detour_factor": 2.237321,
                "color": "#eea321",
                "label": "Medium Detour"
            },
            "geometry": {
                "type": "Polygon",
                "coordinates": [
                    [
                        [
                            116.3523817,
                            39.913236
                        ],
                        [
                            116.3516647,
                            39.9131268
                        ],
                        [
                            116.3513325,
                            39.9125496
                        ],
                        [
                            116.3517172,
                            39.9120816
                        ],
                        [
                            116.3524341,
                            39.9121908
                        ],
                        [
                            116.3527664,
                            39.912768
                        ],
                        [
                            116.3523817,
                            39.913236
                        ]
                    ]
                ]
            }
        },
        {
            "type": "Feature",
            "properties": {
                "index": "176",
                "index_0": null,
                "id": "8a31aa42e51ffff",
                "detour_factor": null,
                "color": "#990404",
                "label": "Unreachable"
            },
            "geometry": {
                "type": "Polygon",
                "coordinates": [
                    [
                        [
                            116.3668567,
                            39.9054364
                        ],
                        [
                            116.36614,
                            39.9053273
                        ],
                        [
                            116.3658077,
                            39.9047502
                        ],
                        [
                            116.3661921,
                            39.9042823
                        ],
                        [
                            116.3669088,
                            39.9043914
                        ],
                        [
                            116.3672411,
                            39.9049685
                        ],
                        [
                            116.3668567,
                            39.9054364
                        ]
                    ]
                ]
            }
        },
        {
            "type": "Feature",
            "properties": {
                "index": "177",
                "index_0": "8a31aa405827fff",
                "id": "8a31aa405827fff",
                "detour_factor": 3.293484,
                "color": "#e75a13",
                "label": "High Detour"
            },
            "geometry": {
                "type": "Polygon",
                "coordinates": [
                    [
                        [
                            116.3606151,
                            39.9002737
                        ],
                        [
                            116.3598984,
                            39.9001645
                        ],
                        [
                            116.3595662,
                            39.8995874
                        ],
                        [
                            116.3599506,
                            39.8991195
                        ],
                        [
                            116.3606673,
                            39.8992287
                        ],
                        [
                            116.3609995,
                            39.8998058
                        ],
                        [
                            116.3606151,
                            39.9002737
                        ]
                    ]
                ]
            }
        },
        {
            "type": "Feature",
            "properties": {
                "index": "178",
                "index_0": "8a31aa423ad7fff",
                "id": "8a31aa423ad7fff",
                "detour_factor": 2.125963,
                "color": "#eea321",
                "label": "Medium Detour"
            },
            "geometry": {
                "type": "Polygon",
                "coordinates": [
                    [
                        [
                            116.3600924,
                            39.9107244
                        ],
                        [
                            116.3593756,
                            39.9106153
                        ],
                        [
                            116.3590433,
                            39.9100381
                        ],
                        [
                            116.3594279,
                            39.9095701
                        ],
                        [
                            116.3601447,
                            39.9096793
                        ],
                        [
                            116.360477,
                            39.9102565
                        ],
                        [
                            116.3600924,
                            39.9107244
                        ]
                    ]
                ]
            }
        },
        {
            "type": "Feature",
            "properties": {
                "index": "179",
                "index_0": "8a31aa42316ffff",
                "id": "8a31aa42316ffff",
                "detour_factor": 2.009329,
                "color": "#eea321",
                "label": "Medium Detour"
            },
            "geometry": {
                "type": "Polygon",
                "coordinates": [
                    [
                        [
                            116.3556865,
                            39.9121596
                        ],
                        [
                            116.3549696,
                            39.9120504
                        ],
                        [
                            116.3546373,
                            39.9114732
                        ],
                        [
                            116.355022,
                            39.9110053
                        ],
                        [
                            116.3557389,
                            39.9111145
                        ],
                        [
                            116.3560711,
                            39.9116917
                        ],
                        [
                            116.3556865,
                            39.9121596
                        ]
                    ]
                ]
            }
        },
        {
            "type": "Feature",
            "properties": {
                "index": "180",
                "index_0": "8a31aa4216affff",
                "id": "8a31aa4216affff",
                "detour_factor": 3.357145,
                "color": "#e75a13",
                "label": "High Detour"
            },
            "geometry": {
                "type": "Polygon",
                "coordinates": [
                    [
                        [
                            116.3662831,
                            39.9169324
                        ],
                        [
                            116.3655662,
                            39.9168233
                        ],
                        [
                            116.3652339,
                            39.9162462
                        ],
                        [
                            116.3656184,
                            39.9157781
                        ],
                        [
                            116.3663353,
                            39.9158872
                        ],
                        [
                            116.3666676,
                            39.9164644
                        ],
                        [
                            116.3662831,
                            39.9169324
                        ]
                    ]
                ]
            }
        },
        {
            "type": "Feature",
            "properties": {
                "index": "181",
                "index_0": "8a31aa42335ffff",
                "id": "8a31aa42335ffff",
                "detour_factor": 4.211663,
                "color": "#e75a13",
                "label": "High Detour"
            },
            "geometry": {
                "type": "Polygon",
                "coordinates": [
                    [
                        [
                            116.3623996,
                            39.9079166
                        ],
                        [
                            116.3616828,
                            39.9078075
                        ],
                        [
                            116.3613506,
                            39.9072303
                        ],
                        [
                            116.3617351,
                            39.9067624
                        ],
                        [
                            116.3624519,
                            39.9068716
                        ],
                        [
                            116.3627841,
                            39.9074487
                        ],
                        [
                            116.3623996,
                            39.9079166
                        ]
                    ]
                ]
            }
        },
        {
            "type": "Feature",
            "properties": {
                "index": "182",
                "index_0": "8a31aa42e4b7fff",
                "id": "8a31aa42e4b7fff",
                "detour_factor": 2.69406,
                "color": "#eea321",
                "label": "Medium Detour"
            },
            "geometry": {
                "type": "Polygon",
                "coordinates": [
                    [
                        [
                            116.364863,
                            39.9019739
                        ],
                        [
                            116.3641463,
                            39.9018647
                        ],
                        [
                            116.3638141,
                            39.9012876
                        ],
                        [
                            116.3641985,
                            39.9008197
                        ],
                        [
                            116.3649152,
                            39.9009289
                        ],
                        [
                            116.3652474,
                            39.901506
                        ],
                        [
                            116.364863,
                            39.9019739
                        ]
                    ]
                ]
            }
        },
        {
            "type": "Feature",
            "properties": {
                "index": "183",
                "index_0": "8a31aa42386ffff",
                "id": "8a31aa42386ffff",
                "detour_factor": 3.17376,
                "color": "#e75a13",
                "label": "High Detour"
            },
            "geometry": {
                "type": "Polygon",
                "coordinates": [
                    [
                        [
                            116.3565262,
                            39.9170268
                        ],
                        [
                            116.3558093,
                            39.9169177
                        ],
                        [
                            116.355477,
                            39.9163405
                        ],
                        [
                            116.3558616,
                            39.9158724
                        ],
                        [
                            116.3565786,
                            39.9159816
                        ],
                        [
                            116.3569109,
                            39.9165588
                        ],
                        [
                            116.3565262,
                            39.9170268
                        ]
                    ]
                ]
            }
        },
        {
            "type": "Feature",
            "properties": {
                "index": "184",
                "index_0": "8a31aa42e507fff",
                "id": "8a31aa42e507fff",
                "detour_factor": 2.606934,
                "color": "#eea321",
                "label": "Medium Detour"
            },
            "geometry": {
                "type": "Polygon",
                "coordinates": [
                    [
                        [
                            116.3668045,
                            39.9064815
                        ],
                        [
                            116.3660878,
                            39.9063723
                        ],
                        [
                            116.3657555,
                            39.9057952
                        ],
                        [
                            116.36614,
                            39.9053273
                        ],
                        [
                            116.3668567,
                            39.9054364
                        ],
                        [
                            116.367189,
                            39.9060135
                        ],
                        [
                            116.3668045,
                            39.9064815
                        ]
                    ]
                ]
            }
        },
        {
            "type": "Feature",
            "properties": {
                "index": "185",
                "index_0": "8a31aa405957fff",
                "id": "8a31aa405957fff",
                "detour_factor": 2.143141,
                "color": "#eea321",
                "label": "Medium Detour"
            },
            "geometry": {
                "type": "Polygon",
                "coordinates": [
                    [
                        [
                            116.361664,
                            39.90096
                        ],
                        [
                            116.3609473,
                            39.9008508
                        ],
                        [
                            116.3606151,
                            39.9002737
                        ],
                        [
                            116.3609995,
                            39.8998058
                        ],
                        [
                            116.3617162,
                            39.899915
                        ],
                        [
                            116.3620485,
                            39.9004921
                        ],
                        [
                            116.361664,
                            39.90096
                        ]
                    ]
                ]
            }
        },
        {
            "type": "Feature",
            "properties": {
                "index": "186",
                "index_0": "8a31aa423807fff",
                "id": "8a31aa423807fff",
                "detour_factor": 2.467252,
                "color": "#eea321",
                "label": "Medium Detour"
            },
            "geometry": {
                "type": "Polygon",
                "coordinates": [
                    [
                        [
                            116.3522243,
                            39.9163717
                        ],
                        [
                            116.3515073,
                            39.9162625
                        ],
                        [
                            116.3511751,
                            39.9156853
                        ],
                        [
                            116.3515598,
                            39.9152173
                        ],
                        [
                            116.3522768,
                            39.9153265
                        ],
                        [
                            116.3526091,
                            39.9159037
                        ],
                        [
                            116.3522243,
                            39.9163717
                        ]
                    ]
                ]
            }
        },
        {
            "type": "Feature",
            "properties": {
                "index": "187",
                "index_0": "8a31aa4232d7fff",
                "id": "8a31aa4232d7fff",
                "detour_factor": 3.700408,
                "color": "#e75a13",
                "label": "High Detour"
            },
            "geometry": {
                "type": "Polygon",
                "coordinates": [
                    [
                        [
                            116.3604583,
                            39.9034088
                        ],
                        [
                            116.3597416,
                            39.9032996
                        ],
                        [
                            116.3594093,
                            39.9027225
                        ],
                        [
                            116.3597938,
                            39.9022546
                        ],
                        [
                            116.3605106,
                            39.9023638
                        ],
                        [
                            116.3608428,
                            39.9029409
                        ],
                        [
                            116.3604583,
                            39.9034088
                        ]
                    ]
                ]
            }
        },
        {
            "type": "Feature",
            "properties": {
                "index": "188",
                "index_0": null,
                "id": "8a31aa42331ffff",
                "detour_factor": null,
                "color": "#990404",
                "label": "Unreachable"
            },
            "geometry": {
                "type": "Polygon",
                "coordinates": [
                    [
                        [
                            116.3591479,
                            39.9079479
                        ],
                        [
                            116.3584311,
                            39.9078387
                        ],
                        [
                            116.3580988,
                            39.9072615
                        ],
                        [
                            116.3584834,
                            39.9067936
                        ],
                        [
                            116.3592002,
                            39.9069028
                        ],
                        [
                            116.3595324,
                            39.9074799
                        ],
                        [
                            116.3591479,
                            39.9079479
                        ]
                    ]
                ]
            }
        },
        {
            "type": "Feature",
            "properties": {
                "index": "189",
                "index_0": "8a31aa423167fff",
                "id": "8a31aa423167fff",
                "detour_factor": 2.078469,
                "color": "#eea321",
                "label": "Medium Detour"
            },
            "geometry": {
                "type": "Polygon",
                "coordinates": [
                    [
                        [
                            116.3545849,
                            39.9125184
                        ],
                        [
                            116.353868,
                            39.9124092
                        ],
                        [
                            116.3535357,
                            39.911832
                        ],
                        [
                            116.3539204,
                            39.911364
                        ],
                        [
                            116.3546373,
                            39.9114732
                        ],
                        [
                            116.3549696,
                            39.9120504
                        ],
                        [
                            116.3545849,
                            39.9125184
                        ]
                    ]
                ]
            }
        },
        {
            "type": "Feature",
            "properties": {
                "index": "190",
                "index_0": "8a31aa423017fff",
                "id": "8a31aa423017fff",
                "detour_factor": 5.723687,
                "color": "#e75a13",
                "label": "High Detour"
            },
            "geometry": {
                "type": "Polygon",
                "coordinates": [
                    [
                        [
                            116.3515423,
                            39.9083688
                        ],
                        [
                            116.3508254,
                            39.9082595
                        ],
                        [
                            116.3504932,
                            39.9076823
                        ],
                        [
                            116.3508779,
                            39.9072144
                        ],
                        [
                            116.3515948,
                            39.9073236
                        ],
                        [
                            116.351927,
                            39.9079008
                        ],
                        [
                            116.3515423,
                            39.9083688
                        ]
                    ]
                ]
            }
        },
        {
            "type": "Feature",
            "properties": {
                "index": "191",
                "index_0": "8a31aa423ba7fff",
                "id": "8a31aa423ba7fff",
                "detour_factor": 2.422946,
                "color": "#eea321",
                "label": "Medium Detour"
            },
            "geometry": {
                "type": "Polygon",
                "coordinates": [
                    [
                        [
                            116.356631,
                            39.9149364
                        ],
                        [
                            116.355914,
                            39.9148272
                        ],
                        [
                            116.3555817,
                            39.91425
                        ],
                        [
                            116.3559664,
                            39.913782
                        ],
                        [
                            116.3566833,
                            39.9138912
                        ],
                        [
                            116.3570156,
                            39.9144684
                        ],
                        [
                            116.356631,
                            39.9149364
                        ]
                    ]
                ]
            }
        },
        {
            "type": "Feature",
            "properties": {
                "index": "192",
                "index_0": "8a31aa42161ffff",
                "id": "8a31aa42161ffff",
                "detour_factor": 2.09588,
                "color": "#eea321",
                "label": "Medium Detour"
            },
            "geometry": {
                "type": "Polygon",
                "coordinates": [
                    [
                        [
                            116.3673324,
                            39.9176186
                        ],
                        [
                            116.3666155,
                            39.9175095
                        ],
                        [
                            116.3662831,
                            39.9169324
                        ],
                        [
                            116.3666676,
                            39.9164644
                        ],
                        [
                            116.3673845,
                            39.9165735
                        ],
                        [
                            116.3677169,
                            39.9171506
                        ],
                        [
                            116.3673324,
                            39.9176186
                        ]
                    ]
                ]
            }
        },
        {
            "type": "Feature",
            "properties": {
                "index": "193",
                "index_0": null,
                "id": "8a31aa4238c7fff",
                "detour_factor": null,
                "color": "#990404",
                "label": "Unreachable"
            },
            "geometry": {
                "type": "Polygon",
                "coordinates": [
                    [
                        [
                            116.3534309,
                            39.9139224
                        ],
                        [
                            116.3527139,
                            39.9138132
                        ],
                        [
                            116.3523817,
                            39.913236
                        ],
                        [
                            116.3527664,
                            39.912768
                        ],
                        [
                            116.3534833,
                            39.9128772
                        ],
                        [
                            116.3538156,
                            39.9134544
                        ],
                        [
                            116.3534309,
                            39.9139224
                        ]
                    ]
                ]
            }
        },
        {
            "type": "Feature",
            "properties": {
                "index": "194",
                "index_0": null,
                "id": "8a31aa4214e7fff",
                "detour_factor": null,
                "color": "#990404",
                "label": "Unreachable"
            },
            "geometry": {
                "type": "Polygon",
                "coordinates": [
                    [
                        [
                            116.3607234,
                            39.9197722
                        ],
                        [
                            116.3600065,
                            39.919663
                        ],
                        [
                            116.3596741,
                            39.9190859
                        ],
                        [
                            116.3600588,
                            39.9186178
                        ],
                        [
                            116.3607757,
                            39.918727
                        ],
                        [
                            116.3611081,
                            39.9193041
                        ],
                        [
                            116.3607234,
                            39.9197722
                        ]
                    ]
                ]
            }
        },
        {
            "type": "Feature",
            "properties": {
                "index": "195",
                "index_0": "8a31aa423b9ffff",
                "id": "8a31aa423b9ffff",
                "detour_factor": 2.416743,
                "color": "#eea321",
                "label": "Medium Detour"
            },
            "geometry": {
                "type": "Polygon",
                "coordinates": [
                    [
                        [
                            116.3567357,
                            39.912846
                        ],
                        [
                            116.3560188,
                            39.9127368
                        ],
                        [
                            116.3556865,
                            39.9121596
                        ],
                        [
                            116.3560711,
                            39.9116917
                        ],
                        [
                            116.356788,
                            39.9118008
                        ],
                        [
                            116.3571203,
                            39.912378
                        ],
                        [
                            116.3567357,
                            39.912846
                        ]
                    ]
                ]
            }
        },
        {
            "type": "Feature",
            "properties": {
                "index": "196",
                "index_0": "8a31aa421737fff",
                "id": "8a31aa421737fff",
                "detour_factor": 3.325181,
                "color": "#e75a13",
                "label": "High Detour"
            },
            "geometry": {
                "type": "Polygon",
                "coordinates": [
                    [
                        [
                            116.364973,
                            39.9214721
                        ],
                        [
                            116.364256,
                            39.921363
                        ],
                        [
                            116.3639237,
                            39.9207858
                        ],
                        [
                            116.3643082,
                            39.9203178
                        ],
                        [
                            116.3650252,
                            39.9204268
                        ],
                        [
                            116.3653576,
                            39.921004
                        ],
                        [
                            116.364973,
                            39.9214721
                        ]
                    ]
                ]
            }
        },
        {
            "type": "Feature",
            "properties": {
                "index": "197",
                "index_0": "8a31aa423817fff",
                "id": "8a31aa423817fff",
                "detour_factor": 2.228275,
                "color": "#eea321",
                "label": "Medium Detour"
            },
            "geometry": {
                "type": "Polygon",
                "coordinates": [
                    [
                        [
                            116.3511751,
                            39.9156853
                        ],
                        [
                            116.3504581,
                            39.9155761
                        ],
                        [
                            116.3501258,
                            39.9149988
                        ],
                        [
                            116.3505105,
                            39.9145308
                        ],
                        [
                            116.3512275,
                            39.91464
                        ],
                        [
                            116.3515598,
                            39.9152173
                        ],
                        [
                            116.3511751,
                            39.9156853
                        ]
                    ]
                ]
            }
        },
        {
            "type": "Feature",
            "properties": {
                "index": "198",
                "index_0": "8a31aa42159ffff",
                "id": "8a31aa42159ffff",
                "detour_factor": 2.025031,
                "color": "#eea321",
                "label": "Medium Detour"
            },
            "geometry": {
                "type": "Polygon",
                "coordinates": [
                    [
                        [
                            116.3563692,
                            39.9201626
                        ],
                        [
                            116.3556521,
                            39.9200534
                        ],
                        [
                            116.3553198,
                            39.9194762
                        ],
                        [
                            116.3557045,
                            39.9190081
                        ],
                        [
                            116.3564215,
                            39.9191173
                        ],
                        [
                            116.3567538,
                            39.9196945
                        ],
                        [
                            116.3563692,
                            39.9201626
                        ]
                    ]
                ]
            }
        },
        {
            "type": "Feature",
            "properties": {
                "index": "199",
                "index_0": "8a31aa40586ffff",
                "id": "8a31aa40586ffff",
                "detour_factor": 2.268007,
                "color": "#eea321",
                "label": "Medium Detour"
            },
            "geometry": {
                "type": "Polygon",
                "coordinates": [
                    [
                        [
                            116.3649673,
                            39.8998839
                        ],
                        [
                            116.3642507,
                            39.8997747
                        ],
                        [
                            116.3639185,
                            39.8991977
                        ],
                        [
                            116.3643029,
                            39.8987298
                        ],
                        [
                            116.3650195,
                            39.898839
                        ],
                        [
                            116.3653518,
                            39.899416
                        ],
                        [
                            116.3649673,
                            39.8998839
                        ]
                    ]
                ]
            }
        },
        {
            "type": "Feature",
            "properties": {
                "index": "200",
                "index_0": "8a31aa42ed9ffff",
                "id": "8a31aa42ed9ffff",
                "detour_factor": 2.397961,
                "color": "#eea321",
                "label": "Medium Detour"
            },
            "geometry": {
                "type": "Polygon",
                "coordinates": [
                    [
                        [
                            116.3644456,
                            39.9103343
                        ],
                        [
                            116.3637288,
                            39.9102251
                        ],
                        [
                            116.3633965,
                            39.909648
                        ],
                        [
                            116.363781,
                            39.9091801
                        ],
                        [
                            116.3644978,
                            39.9092892
                        ],
                        [
                            116.3648301,
                            39.9098663
                        ],
                        [
                            116.3644456,
                            39.9103343
                        ]
                    ]
                ]
            }
        },
        {
            "type": "Feature",
            "properties": {
                "index": "201",
                "index_0": "8a31aa421707fff",
                "id": "8a31aa421707fff",
                "detour_factor": 2.586644,
                "color": "#eea321",
                "label": "Medium Detour"
            },
            "geometry": {
                "type": "Polygon",
                "coordinates": [
                    [
                        [
                            116.3660745,
                            39.9211131
                        ],
                        [
                            116.3653576,
                            39.921004
                        ],
                        [
                            116.3650252,
                            39.9204268
                        ],
                        [
                            116.3654097,
                            39.9199588
                        ],
                        [
                            116.3661267,
                            39.9200679
                        ],
                        [
                            116.366459,
                            39.920645
                        ],
                        [
                            116.3660745,
                            39.9211131
                        ]
                    ]
                ]
            }
        },
        {
            "type": "Feature",
            "properties": {
                "index": "202",
                "index_0": "8a31aa42025ffff",
                "id": "8a31aa42025ffff",
                "detour_factor": 2.421611,
                "color": "#eea321",
                "label": "Medium Detour"
            },
            "geometry": {
                "type": "Polygon",
                "coordinates": [
                    [
                        [
                            116.3551626,
                            39.922612
                        ],
                        [
                            116.3544456,
                            39.9225029
                        ],
                        [
                            116.3541133,
                            39.9219256
                        ],
                        [
                            116.354498,
                            39.9214576
                        ],
                        [
                            116.355215,
                            39.9215667
                        ],
                        [
                            116.3555474,
                            39.922144
                        ],
                        [
                            116.3551626,
                            39.922612
                        ]
                    ]
                ]
            }
        },
        {
            "type": "Feature",
            "properties": {
                "index": "203",
                "index_0": "8a31aa42384ffff",
                "id": "8a31aa42384ffff",
                "detour_factor": 2.001079,
                "color": "#eea321",
                "label": "Medium Detour"
            },
            "geometry": {
                "type": "Polygon",
                "coordinates": [
                    [
                        [
                            116.3565786,
                            39.9159816
                        ],
                        [
                            116.3558616,
                            39.9158724
                        ],
                        [
                            116.3555294,
                            39.9152952
                        ],
                        [
                            116.355914,
                            39.9148272
                        ],
                        [
                            116.356631,
                            39.9149364
                        ],
                        [
                            116.3569633,
                            39.9155136
                        ],
                        [
                            116.3565786,
                            39.9159816
                        ]
                    ]
                ]
            }
        },
        {
            "type": "Feature",
            "properties": {
                "index": "204",
                "index_0": null,
                "id": "8a31aa42e587fff",
                "detour_factor": null,
                "color": "#990404",
                "label": "Unreachable"
            },
            "geometry": {
                "type": "Polygon",
                "coordinates": [
                    [
                        [
                            116.3647587,
                            39.9040639
                        ],
                        [
                            116.364042,
                            39.9039548
                        ],
                        [
                            116.3637097,
                            39.9033777
                        ],
                        [
                            116.3640941,
                            39.9029097
                        ],
                        [
                            116.3648108,
                            39.9030189
                        ],
                        [
                            116.3651431,
                            39.903596
                        ],
                        [
                            116.3647587,
                            39.9040639
                        ]
                    ]
                ]
            }
        },
        {
            "type": "Feature",
            "properties": {
                "index": "205",
                "index_0": "8a31aa423257fff",
                "id": "8a31aa423257fff",
                "detour_factor": 2.648957,
                "color": "#eea321",
                "label": "Medium Detour"
            },
            "geometry": {
                "type": "Polygon",
                "coordinates": [
                    [
                        [
                            116.3625041,
                            39.9058265
                        ],
                        [
                            116.3617873,
                            39.9057173
                        ],
                        [
                            116.3614551,
                            39.9051402
                        ],
                        [
                            116.3618395,
                            39.9046723
                        ],
                        [
                            116.3625563,
                            39.9047814
                        ],
                        [
                            116.3628886,
                            39.9053586
                        ],
                        [
                            116.3625041,
                            39.9058265
                        ]
                    ]
                ]
            }
        },
        {
            "type": "Feature",
            "properties": {
                "index": "206",
                "index_0": "8a31aa423397fff",
                "id": "8a31aa423397fff",
                "detour_factor": 2.231506,
                "color": "#eea321",
                "label": "Medium Detour"
            },
            "geometry": {
                "type": "Polygon",
                "coordinates": [
                    [
                        [
                            116.3560007,
                            39.9058888
                        ],
                        [
                            116.3552839,
                            39.9057795
                        ],
                        [
                            116.3549516,
                            39.9052024
                        ],
                        [
                            116.3553362,
                            39.9047344
                        ],
                        [
                            116.356053,
                            39.9048437
                        ],
                        [
                            116.3563853,
                            39.9054208
                        ],
                        [
                            116.3560007,
                            39.9058888
                        ]
                    ]
                ]
            }
        },
        {
            "type": "Feature",
            "properties": {
                "index": "207",
                "index_0": "8a31aa42360ffff",
                "id": "8a31aa42360ffff",
                "detour_factor": 3.976503,
                "color": "#e75a13",
                "label": "High Detour"
            },
            "geometry": {
                "type": "Polygon",
                "coordinates": [
                    [
                        [
                            116.3540598,
                            39.9013807
                        ],
                        [
                            116.353343,
                            39.9012714
                        ],
                        [
                            116.3530108,
                            39.9006942
                        ],
                        [
                            116.3533954,
                            39.9002263
                        ],
                        [
                            116.3541122,
                            39.9003356
                        ],
                        [
                            116.3544444,
                            39.9009128
                        ],
                        [
                            116.3540598,
                            39.9013807
                        ]
                    ]
                ]
            }
        },
        {
            "type": "Feature",
            "properties": {
                "index": "208",
                "index_0": "8a31aa42380ffff",
                "id": "8a31aa42380ffff",
                "detour_factor": 2.172251,
                "color": "#eea321",
                "label": "Medium Detour"
            },
            "geometry": {
                "type": "Polygon",
                "coordinates": [
                    [
                        [
                            116.353326,
                            39.9160129
                        ],
                        [
                            116.3526091,
                            39.9159037
                        ],
                        [
                            116.3522768,
                            39.9153265
                        ],
                        [
                            116.3526615,
                            39.9148584
                        ],
                        [
                            116.3533785,
                            39.9149677
                        ],
                        [
                            116.3537107,
                            39.9155449
                        ],
                        [
                            116.353326,
                            39.9160129
                        ]
                    ]
                ]
            }
        },
        {
            "type": "Feature",
            "properties": {
                "index": "209",
                "index_0": "8a31aa40592ffff",
                "id": "8a31aa40592ffff",
                "detour_factor": 2.336172,
                "color": "#eea321",
                "label": "Medium Detour"
            },
            "geometry": {
                "type": "Polygon",
                "coordinates": [
                    [
                        [
                            116.3605106,
                            39.9023638
                        ],
                        [
                            116.3597938,
                            39.9022546
                        ],
                        [
                            116.3594616,
                            39.9016774
                        ],
                        [
                            116.3598461,
                            39.9012095
                        ],
                        [
                            116.3605628,
                            39.9013187
                        ],
                        [
                            116.3608951,
                            39.9018959
                        ],
                        [
                            116.3605106,
                            39.9023638
                        ]
                    ]
                ]
            }
        },
        {
            "type": "Feature",
            "properties": {
                "index": "210",
                "index_0": "8a31aa40596ffff",
                "id": "8a31aa40596ffff",
                "detour_factor": 2.018569,
                "color": "#eea321",
                "label": "Medium Detour"
            },
            "geometry": {
                "type": "Polygon",
                "coordinates": [
                    [
                        [
                            116.3637619,
                            39.9023326
                        ],
                        [
                            116.3630452,
                            39.9022235
                        ],
                        [
                            116.3627129,
                            39.9016463
                        ],
                        [
                            116.3630974,
                            39.9011784
                        ],
                        [
                            116.3638141,
                            39.9012876
                        ],
                        [
                            116.3641463,
                            39.9018647
                        ],
                        [
                            116.3637619,
                            39.9023326
                        ]
                    ]
                ]
            }
        },
        {
            "type": "Feature",
            "properties": {
                "index": "211",
                "index_0": "8a31aa405807fff",
                "id": "8a31aa405807fff",
                "detour_factor": 2.215575,
                "color": "#eea321",
                "label": "Medium Detour"
            },
            "geometry": {
                "type": "Polygon",
                "coordinates": [
                    [
                        [
                            116.3606673,
                            39.8992287
                        ],
                        [
                            116.3599506,
                            39.8991195
                        ],
                        [
                            116.3596184,
                            39.8985424
                        ],
                        [
                            116.3600029,
                            39.8980745
                        ],
                        [
                            116.3607196,
                            39.8981837
                        ],
                        [
                            116.3610518,
                            39.8987608
                        ],
                        [
                            116.3606673,
                            39.8992287
                        ]
                    ]
                ]
            }
        },
        {
            "type": "Feature",
            "properties": {
                "index": "212",
                "index_0": "8a31aa4238e7fff",
                "id": "8a31aa4238e7fff",
                "detour_factor": 2.338039,
                "color": "#eea321",
                "label": "Medium Detour"
            },
            "geometry": {
                "type": "Polygon",
                "coordinates": [
                    [
                        [
                            116.3533785,
                            39.9149677
                        ],
                        [
                            116.3526615,
                            39.9148584
                        ],
                        [
                            116.3523292,
                            39.9142812
                        ],
                        [
                            116.3527139,
                            39.9138132
                        ],
                        [
                            116.3534309,
                            39.9139224
                        ],
                        [
                            116.3537632,
                            39.9144996
                        ],
                        [
                            116.3533785,
                            39.9149677
                        ]
                    ]
                ]
            }
        },
        {
            "type": "Feature",
            "properties": {
                "index": "213",
                "index_0": "8a31aa423b97fff",
                "id": "8a31aa423b97fff",
                "detour_factor": 2.355076,
                "color": "#eea321",
                "label": "Medium Detour"
            },
            "geometry": {
                "type": "Polygon",
                "coordinates": [
                    [
                        [
                            116.3556341,
                            39.9132048
                        ],
                        [
                            116.3549172,
                            39.9130956
                        ],
                        [
                            116.3545849,
                            39.9125184
                        ],
                        [
                            116.3549696,
                            39.9120504
                        ],
                        [
                            116.3556865,
                            39.9121596
                        ],
                        [
                            116.3560188,
                            39.9127368
                        ],
                        [
                            116.3556341,
                            39.9132048
                        ]
                    ]
                ]
            }
        },
        {
            "type": "Feature",
            "properties": {
                "index": "214",
                "index_0": "8a31aa40582ffff",
                "id": "8a31aa40582ffff",
                "detour_factor": 3.170908,
                "color": "#e75a13",
                "label": "High Detour"
            },
            "geometry": {
                "type": "Polygon",
                "coordinates": [
                    [
                        [
                            116.3617162,
                            39.899915
                        ],
                        [
                            116.3609995,
                            39.8998058
                        ],
                        [
                            116.3606673,
                            39.8992287
                        ],
                        [
                            116.3610518,
                            39.8987608
                        ],
                        [
                            116.3617685,
                            39.89887
                        ],
                        [
                            116.3621007,
                            39.8994471
                        ],
                        [
                            116.3617162,
                            39.899915
                        ]
                    ]
                ]
            }
        },
        {
            "type": "Feature",
            "properties": {
                "index": "215",
                "index_0": "8a31aa421097fff",
                "id": "8a31aa421097fff",
                "detour_factor": 2.199972,
                "color": "#eea321",
                "label": "Medium Detour"
            },
            "geometry": {
                "type": "Polygon",
                "coordinates": [
                    [
                        [
                            116.3638192,
                            39.9228762
                        ],
                        [
                            116.3631022,
                            39.9227671
                        ],
                        [
                            116.3627699,
                            39.92219
                        ],
                        [
                            116.3631545,
                            39.9217219
                        ],
                        [
                            116.3638714,
                            39.921831
                        ],
                        [
                            116.3642038,
                            39.9224082
                        ],
                        [
                            116.3638192,
                            39.9228762
                        ]
                    ]
                ]
            }
        },
        {
            "type": "Feature",
            "properties": {
                "index": "216",
                "index_0": null,
                "id": "8a31aa42365ffff",
                "detour_factor": null,
                "color": "#990404",
                "label": "Unreachable"
            },
            "geometry": {
                "type": "Polygon",
                "coordinates": [
                    [
                        [
                            116.3562624,
                            39.9006634
                        ],
                        [
                            116.3555457,
                            39.9005541
                        ],
                        [
                            116.3552135,
                            39.899977
                        ],
                        [
                            116.3555981,
                            39.8995091
                        ],
                        [
                            116.3563148,
                            39.8996183
                        ],
                        [
                            116.356647,
                            39.9001955
                        ],
                        [
                            116.3562624,
                            39.9006634
                        ]
                    ]
                ]
            }
        },
        {
            "type": "Feature",
            "properties": {
                "index": "217",
                "index_0": "8a31aa421607fff",
                "id": "8a31aa421607fff",
                "detour_factor": 2.79645,
                "color": "#eea321",
                "label": "Medium Detour"
            },
            "geometry": {
                "type": "Polygon",
                "coordinates": [
                    [
                        [
                            116.3672802,
                            39.9186638
                        ],
                        [
                            116.3665633,
                            39.9185547
                        ],
                        [
                            116.366231,
                            39.9179775
                        ],
                        [
                            116.3666155,
                            39.9175095
                        ],
                        [
                            116.3673324,
                            39.9176186
                        ],
                        [
                            116.3676648,
                            39.9181957
                        ],
                        [
                            116.3672802,
                            39.9186638
                        ]
                    ]
                ]
            }
        },
        {
            "type": "Feature",
            "properties": {
                "index": "218",
                "index_0": "8a31aa423b37fff",
                "id": "8a31aa423b37fff",
                "detour_factor": 2.1483,
                "color": "#eea321",
                "label": "Medium Detour"
            },
            "geometry": {
                "type": "Polygon",
                "coordinates": [
                    [
                        [
                            116.3576279,
                            39.916668
                        ],
                        [
                            116.3569109,
                            39.9165588
                        ],
                        [
                            116.3565786,
                            39.9159816
                        ],
                        [
                            116.3569633,
                            39.9155136
                        ],
                        [
                            116.3576802,
                            39.9156228
                        ],
                        [
                            116.3580125,
                            39.9161999
                        ],
                        [
                            116.3576279,
                            39.916668
                        ]
                    ]
                ]
            }
        },
        {
            "type": "Feature",
            "properties": {
                "index": "219",
                "index_0": "8a31aa421787fff",
                "id": "8a31aa421787fff",
                "detour_factor": 2.737828,
                "color": "#eea321",
                "label": "Medium Detour"
            },
            "geometry": {
                "type": "Polygon",
                "coordinates": [
                    [
                        [
                            116.3640281,
                            39.9186954
                        ],
                        [
                            116.3633111,
                            39.9185863
                        ],
                        [
                            116.3629788,
                            39.9180091
                        ],
                        [
                            116.3633634,
                            39.9175411
                        ],
                        [
                            116.3640803,
                            39.9176502
                        ],
                        [
                            116.3644126,
                            39.9182274
                        ],
                        [
                            116.3640281,
                            39.9186954
                        ]
                    ]
                ]
            }
        },
        {
            "type": "Feature",
            "properties": {
                "index": "220",
                "index_0": "8a31aa4202e7fff",
                "id": "8a31aa4202e7fff",
                "detour_factor": 2.319946,
                "color": "#eea321",
                "label": "Medium Detour"
            },
            "geometry": {
                "type": "Polygon",
                "coordinates": [
                    [
                        [
                            116.3530114,
                            39.9222845
                        ],
                        [
                            116.3522944,
                            39.9221754
                        ],
                        [
                            116.3519621,
                            39.9215981
                        ],
                        [
                            116.3523468,
                            39.9211301
                        ],
                        [
                            116.3530639,
                            39.9212392
                        ],
                        [
                            116.3533962,
                            39.9218165
                        ],
                        [
                            116.3530114,
                            39.9222845
                        ]
                    ]
                ]
            }
        },
        {
            "type": "Feature",
            "properties": {
                "index": "221",
                "index_0": "8a31aa405837fff",
                "id": "8a31aa405837fff",
                "detour_factor": 2.112706,
                "color": "#eea321",
                "label": "Medium Detour"
            },
            "geometry": {
                "type": "Polygon",
                "coordinates": [
                    [
                        [
                            116.3595662,
                            39.8995874
                        ],
                        [
                            116.3588495,
                            39.8994781
                        ],
                        [
                            116.3585173,
                            39.898901
                        ],
                        [
                            116.3589018,
                            39.8984331
                        ],
                        [
                            116.3596184,
                            39.8985424
                        ],
                        [
                            116.3599506,
                            39.8991195
                        ],
                        [
                            116.3595662,
                            39.8995874
                        ]
                    ]
                ]
            }
        },
        {
            "type": "Feature",
            "properties": {
                "index": "222",
                "index_0": "8a31aa42e49ffff",
                "id": "8a31aa42e49ffff",
                "detour_factor": 3.991009,
                "color": "#e75a13",
                "label": "High Detour"
            },
            "geometry": {
                "type": "Polygon",
                "coordinates": [
                    [
                        [
                            116.3660163,
                            39.9005702
                        ],
                        [
                            116.3652996,
                            39.900461
                        ],
                        [
                            116.3649673,
                            39.8998839
                        ],
                        [
                            116.3653518,
                            39.899416
                        ],
                        [
                            116.3660684,
                            39.8995252
                        ],
                        [
                            116.3664006,
                            39.9001023
                        ],
                        [
                            116.3660163,
                            39.9005702
                        ]
                    ]
                ]
            }
        },
        {
            "type": "Feature",
            "properties": {
                "index": "223",
                "index_0": null,
                "id": "8a31aa423647fff",
                "detour_factor": null,
                "color": "#990404",
                "label": "Unreachable"
            },
            "geometry": {
                "type": "Polygon",
                "coordinates": [
                    [
                        [
                            116.3562101,
                            39.9017084
                        ],
                        [
                            116.3554933,
                            39.9015992
                        ],
                        [
                            116.3551611,
                            39.901022
                        ],
                        [
                            116.3555457,
                            39.9005541
                        ],
                        [
                            116.3562624,
                            39.9006634
                        ],
                        [
                            116.3565946,
                            39.9012405
                        ],
                        [
                            116.3562101,
                            39.9017084
                        ]
                    ]
                ]
            }
        },
        {
            "type": "Feature",
            "properties": {
                "index": "224",
                "index_0": "8a31aa42361ffff",
                "id": "8a31aa42361ffff",
                "detour_factor": 2.288831,
                "color": "#eea321",
                "label": "Medium Detour"
            },
            "geometry": {
                "type": "Polygon",
                "coordinates": [
                    [
                        [
                            116.3530108,
                            39.9006942
                        ],
                        [
                            116.3522941,
                            39.900585
                        ],
                        [
                            116.3519619,
                            39.9000078
                        ],
                        [
                            116.3523465,
                            39.8995399
                        ],
                        [
                            116.3530633,
                            39.8996492
                        ],
                        [
                            116.3533954,
                            39.9002263
                        ],
                        [
                            116.3530108,
                            39.9006942
                        ]
                    ]
                ]
            }
        },
        {
            "type": "Feature",
            "properties": {
                "index": "225",
                "index_0": "8a31aa423027fff",
                "id": "8a31aa423027fff",
                "detour_factor": 2.411746,
                "color": "#eea321",
                "label": "Medium Detour"
            },
            "geometry": {
                "type": "Polygon",
                "coordinates": [
                    [
                        [
                            116.352539,
                            39.9101004
                        ],
                        [
                            116.3518221,
                            39.9099912
                        ],
                        [
                            116.3514899,
                            39.909414
                        ],
                        [
                            116.3518745,
                            39.908946
                        ],
                        [
                            116.3525914,
                            39.9090552
                        ],
                        [
                            116.3529237,
                            39.9096324
                        ],
                        [
                            116.352539,
                            39.9101004
                        ]
                    ]
                ]
            }
        },
        {
            "type": "Feature",
            "properties": {
                "index": "226",
                "index_0": "8a31aa42334ffff",
                "id": "8a31aa42334ffff",
                "detour_factor": 2.561185,
                "color": "#eea321",
                "label": "Medium Detour"
            },
            "geometry": {
                "type": "Polygon",
                "coordinates": [
                    [
                        [
                            116.3634487,
                            39.9086029
                        ],
                        [
                            116.3627319,
                            39.9084938
                        ],
                        [
                            116.3623996,
                            39.9079166
                        ],
                        [
                            116.3627841,
                            39.9074487
                        ],
                        [
                            116.3635009,
                            39.9075579
                        ],
                        [
                            116.3638332,
                            39.908135
                        ],
                        [
                            116.3634487,
                            39.9086029
                        ]
                    ]
                ]
            }
        },
        {
            "type": "Feature",
            "properties": {
                "index": "227",
                "index_0": "8a31aa423bb7fff",
                "id": "8a31aa423bb7fff",
                "detour_factor": 2.622205,
                "color": "#eea321",
                "label": "Medium Detour"
            },
            "geometry": {
                "type": "Polygon",
                "coordinates": [
                    [
                        [
                            116.3555817,
                            39.91425
                        ],
                        [
                            116.3548648,
                            39.9141408
                        ],
                        [
                            116.3545325,
                            39.9135636
                        ],
                        [
                            116.3549172,
                            39.9130956
                        ],
                        [
                            116.3556341,
                            39.9132048
                        ],
                        [
                            116.3559664,
                            39.913782
                        ],
                        [
                            116.3555817,
                            39.91425
                        ]
                    ]
                ]
            }
        },
        {
            "type": "Feature",
            "properties": {
                "index": "228",
                "index_0": null,
                "id": "8a31aa42eda7fff",
                "detour_factor": null,
                "color": "#990404",
                "label": "Unreachable"
            },
            "geometry": {
                "type": "Polygon",
                "coordinates": [
                    [
                        [
                            116.3643412,
                            39.9124245
                        ],
                        [
                            116.3636244,
                            39.9123154
                        ],
                        [
                            116.3632921,
                            39.9117382
                        ],
                        [
                            116.3636766,
                            39.9112702
                        ],
                        [
                            116.3643934,
                            39.9113794
                        ],
                        [
                            116.3647257,
                            39.9119565
                        ],
                        [
                            116.3643412,
                            39.9124245
                        ]
                    ]
                ]
            }
        },
        {
            "type": "Feature",
            "properties": {
                "index": "229",
                "index_0": "8a31aa423ae7fff",
                "id": "8a31aa423ae7fff",
                "detour_factor": 2.092061,
                "color": "#eea321",
                "label": "Medium Detour"
            },
            "geometry": {
                "type": "Polygon",
                "coordinates": [
                    [
                        [
                            116.3610893,
                            39.9124559
                        ],
                        [
                            116.3603724,
                            39.9123467
                        ],
                        [
                            116.3600401,
                            39.9117696
                        ],
                        [
                            116.3604247,
                            39.9113016
                        ],
                        [
                            116.3611416,
                            39.9114108
                        ],
                        [
                            116.3614739,
                            39.9119879
                        ],
                        [
                            116.3610893,
                            39.9124559
                        ]
                    ]
                ]
            }
        },
        {
            "type": "Feature",
            "properties": {
                "index": "230",
                "index_0": "8a31aa4230dffff",
                "id": "8a31aa4230dffff",
                "detour_factor": 2.250783,
                "color": "#eea321",
                "label": "Medium Detour"
            },
            "geometry": {
                "type": "Polygon",
                "coordinates": [
                    [
                        [
                            116.3538502,
                            39.9055611
                        ],
                        [
                            116.3531334,
                            39.9054518
                        ],
                        [
                            116.3528011,
                            39.9048746
                        ],
                        [
                            116.3531858,
                            39.9044067
                        ],
                        [
                            116.3539026,
                            39.904516
                        ],
                        [
                            116.3542348,
                            39.9050931
                        ],
                        [
                            116.3538502,
                            39.9055611
                        ]
                    ]
                ]
            }
        },
        {
            "type": "Feature",
            "properties": {
                "index": "231",
                "index_0": "8a31aa42145ffff",
                "id": "8a31aa42145ffff",
                "detour_factor": 4.664661,
                "color": "#e75a13",
                "label": "High Detour"
            },
            "geometry": {
                "type": "Polygon",
                "coordinates": [
                    [
                        [
                            116.3628743,
                            39.9200995
                        ],
                        [
                            116.3621574,
                            39.9199904
                        ],
                        [
                            116.361825,
                            39.9194133
                        ],
                        [
                            116.3622096,
                            39.9189452
                        ],
                        [
                            116.3629266,
                            39.9190543
                        ],
                        [
                            116.3632589,
                            39.9196315
                        ],
                        [
                            116.3628743,
                            39.9200995
                        ]
                    ]
                ]
            }
        },
        {
            "type": "Feature",
            "properties": {
                "index": "232",
                "index_0": "8a31aa4215b7fff",
                "id": "8a31aa4215b7fff",
                "detour_factor": 3.242793,
                "color": "#e75a13",
                "label": "High Detour"
            },
            "geometry": {
                "type": "Polygon",
                "coordinates": [
                    [
                        [
                            116.355215,
                            39.9215667
                        ],
                        [
                            116.354498,
                            39.9214576
                        ],
                        [
                            116.3541657,
                            39.9208803
                        ],
                        [
                            116.3545504,
                            39.9204123
                        ],
                        [
                            116.3552674,
                            39.9205215
                        ],
                        [
                            116.3555998,
                            39.9210987
                        ],
                        [
                            116.355215,
                            39.9215667
                        ]
                    ]
                ]
            }
        },
        {
            "type": "Feature",
            "properties": {
                "index": "233",
                "index_0": "8a31aa423957fff",
                "id": "8a31aa423957fff",
                "detour_factor": 2.518666,
                "color": "#eea321",
                "label": "Medium Detour"
            },
            "geometry": {
                "type": "Polygon",
                "coordinates": [
                    [
                        [
                            116.3532212,
                            39.9181034
                        ],
                        [
                            116.3525042,
                            39.9179942
                        ],
                        [
                            116.3521719,
                            39.917417
                        ],
                        [
                            116.3525566,
                            39.9169489
                        ],
                        [
                            116.3532736,
                            39.9170581
                        ],
                        [
                            116.3536059,
                            39.9176354
                        ],
                        [
                            116.3532212,
                            39.9181034
                        ]
                    ]
                ]
            }
        },
        {
            "type": "Feature",
            "properties": {
                "index": "234",
                "index_0": "8a31aa4230d7fff",
                "id": "8a31aa4230d7fff",
                "detour_factor": 2.182612,
                "color": "#eea321",
                "label": "Medium Detour"
            },
            "geometry": {
                "type": "Polygon",
                "coordinates": [
                    [
                        [
                            116.3527487,
                            39.9059198
                        ],
                        [
                            116.3520319,
                            39.9058105
                        ],
                        [
                            116.3516997,
                            39.9052333
                        ],
                        [
                            116.3520843,
                            39.9047654
                        ],
                        [
                            116.3528011,
                            39.9048746
                        ],
                        [
                            116.3531334,
                            39.9054518
                        ],
                        [
                            116.3527487,
                            39.9059198
                        ]
                    ]
                ]
            }
        },
        {
            "type": "Feature",
            "properties": {
                "index": "235",
                "index_0": "8a31aa423aeffff",
                "id": "8a31aa423aeffff",
                "detour_factor": 2.475868,
                "color": "#eea321",
                "label": "Medium Detour"
            },
            "geometry": {
                "type": "Polygon",
                "coordinates": [
                    [
                        [
                            116.3621907,
                            39.9120971
                        ],
                        [
                            116.3614739,
                            39.9119879
                        ],
                        [
                            116.3611416,
                            39.9114108
                        ],
                        [
                            116.3615261,
                            39.9109428
                        ],
                        [
                            116.3622429,
                            39.9110519
                        ],
                        [
                            116.3625752,
                            39.9116291
                        ],
                        [
                            116.3621907,
                            39.9120971
                        ]
                    ]
                ]
            }
        },
        {
            "type": "Feature",
            "properties": {
                "index": "236",
                "index_0": null,
                "id": "8a31aa421637fff",
                "detour_factor": null,
                "color": "#990404",
                "label": "Unreachable"
            },
            "geometry": {
                "type": "Polygon",
                "coordinates": [
                    [
                        [
                            116.3661788,
                            39.9190227
                        ],
                        [
                            116.3654619,
                            39.9189136
                        ],
                        [
                            116.3651295,
                            39.9183365
                        ],
                        [
                            116.3655141,
                            39.9178684
                        ],
                        [
                            116.366231,
                            39.9179775
                        ],
                        [
                            116.3665633,
                            39.9185547
                        ],
                        [
                            116.3661788,
                            39.9190227
                        ]
                    ]
                ]
            }
        },
        {
            "type": "Feature",
            "properties": {
                "index": "237",
                "index_0": "8a31aa423b77fff",
                "id": "8a31aa423b77fff",
                "detour_factor": 3.509542,
                "color": "#e75a13",
                "label": "High Detour"
            },
            "geometry": {
                "type": "Polygon",
                "coordinates": [
                    [
                        [
                            116.3608802,
                            39.9166366
                        ],
                        [
                            116.3601633,
                            39.9165274
                        ],
                        [
                            116.359831,
                            39.9159502
                        ],
                        [
                            116.3602156,
                            39.9154822
                        ],
                        [
                            116.3609325,
                            39.9155914
                        ],
                        [
                            116.3612648,
                            39.9161685
                        ],
                        [
                            116.3608802,
                            39.9166366
                        ]
                    ]
                ]
            }
        },
        {
            "type": "Feature",
            "properties": {
                "index": "238",
                "index_0": "8a31aa423287fff",
                "id": "8a31aa423287fff",
                "detour_factor": 2.401062,
                "color": "#eea321",
                "label": "Medium Detour"
            },
            "geometry": {
                "type": "Polygon",
                "coordinates": [
                    [
                        [
                            116.3582557,
                            39.9041262
                        ],
                        [
                            116.357539,
                            39.904017
                        ],
                        [
                            116.3572067,
                            39.9034399
                        ],
                        [
                            116.3575913,
                            39.902972
                        ],
                        [
                            116.358308,
                            39.9030812
                        ],
                        [
                            116.3586403,
                            39.9036583
                        ],
                        [
                            116.3582557,
                            39.9041262
                        ]
                    ]
                ]
            }
        },
        {
            "type": "Feature",
            "properties": {
                "index": "239",
                "index_0": "8a31aa42310ffff",
                "id": "8a31aa42310ffff",
                "detour_factor": 2.135512,
                "color": "#eea321",
                "label": "Medium Detour"
            },
            "geometry": {
                "type": "Polygon",
                "coordinates": [
                    [
                        [
                            116.3524866,
                            39.9111456
                        ],
                        [
                            116.3517696,
                            39.9110364
                        ],
                        [
                            116.3514374,
                            39.9104592
                        ],
                        [
                            116.3518221,
                            39.9099912
                        ],
                        [
                            116.352539,
                            39.9101004
                        ],
                        [
                            116.3528712,
                            39.9106776
                        ],
                        [
                            116.3524866,
                            39.9111456
                        ]
                    ]
                ]
            }
        }
    ]
}