{
"type": "FeatureCollection",
"features": [
{ "type": "Feature", "properties": { "index": 0, "color": "#3b4cc0", "label": "Designated", "@osmId": "way/114916487" }, "geometry": { "type": "LineString", "coordinates": [ [ 116.3772566, 39.8986442 ], [ 116.3787363, 39.8986897 ] ] } },
{ "type": "Feature", "properties": { "index": 1, "color": "#808080", "label": "Unknown", "@osmId": "way/127844310" }, "geometry": { "type": "LineString", "coordinates": [ [ 116.3778961, 39.8987464 ], [ 116.3778965, 39.8986596 ] ] } },
{ "type": "Feature", "properties": { "index": 2, "color": "#808080", "label": "Unknown", "@osmId": "way/1424222211" }, "geometry": { "type": "LineString", "coordinates": [ [ 116.3780367, 39.898664 ], [ 116.3780305, 39.8987479 ] ] } },
{ "type": "Feature", "properties": { "index": 3, "color": "#3b4cc0", "label": "Designated", "@osmId": "way/114916481" }, "geometry": { "type": "LineString", "coordinates": [ [ 116.3787339, 39.8987567 ], [ 116.3772471, 39.8987169 ] ] } },
{ "type": "Feature", "properties": { "index": 4, "color": "#808080", "label": "Unknown", "@osmId": "way/1424222213" }, "geometry": { "type": "LineString", "coordinates": [ [ 116.3780305, 39.8987479 ], [ 116.3778961, 39.8987464 ] ] } },
{ "type": "Feature", "properties": { "index": 5, "color": "#3b4cc0", "label": "Designated", "@osmId": "way/1016762635" }, "geometry": { "type": "LineString", "coordinates": [ [ 116.3776919, 39.8989839 ], [ 116.3776946, 39.8989122 ], [ 116.377701, 39.8987406 ], [ 116.3777042, 39.8986535 ] ] } },
{ "type": "Feature", "properties": { "index": 6, "color": "#3b4cc0", "label": "Designated", "@osmId": "way/1016762636" }, "geometry": { "type": "LineString", "coordinates": [ [ 116.378166, 39.8990033 ], [ 116.3781705, 39.8989256 ], [ 116.3781806, 39.898753 ], [ 116.3781855, 39.8986687 ] ] } },
{ "type": "Feature", "properties": { "index": 7, "color": "#3b4cc0", "label": "Designated", "@osmId": "way/1016762634" }, "geometry": { "type": "LineString", "coordinates": [ [ 116.3777015, 39.8990106 ], [ 116.3778938, 39.8990152 ], [ 116.3780117, 39.8990177 ], [ 116.3781446, 39.8990215 ] ] } },
{ "type": "Feature", "properties": { "index": 8, "color": "#3b4cc0", "label": "Designated", "@osmId": "way/1016762637" }, "geometry": { "type": "LineString", "coordinates": [ [ 116.3769766, 39.898958 ], [ 116.3776565, 39.8989761 ], [ 116.3776919, 39.8989839 ], [ 116.3777015, 39.8990106 ], [ 116.3777172, 39.8990331 ], [ 116.377724, 39.8991042 ] ] } },
{ "type": "Feature", "properties": { "index": 9, "color": "#3b4cc0", "label": "Designated", "@osmId": "way/1016762638" }, "geometry": { "type": "LineString", "coordinates": [ [ 116.3781069, 39.8991392 ], [ 116.3781069, 39.8990693 ], [ 116.3781221, 39.899046 ], [ 116.3781446, 39.8990215 ], [ 116.378166, 39.8990033 ], [ 116.3784426, 39.8990085 ] ] } },
{ "type": "Feature", "properties": { "index": 10, "color": "#808080", "label": "Unknown", "@osmId": "way/33612719" }, "geometry": { "type": "LineString", "coordinates": [ [ 116.3778961, 39.8987464 ], [ 116.377701, 39.8987406 ], [ 116.3754443, 39.8986918 ], [ 116.372098, 39.8985796 ], [ 116.3714692, 39.8985574 ], [ 116.3706719, 39.8985252 ] ] } },
{ "type": "Feature", "properties": { "index": 11, "color": "#808080", "label": "Unknown", "@osmId": "way/144919572" }, "geometry": { "type": "LineString", "coordinates": [ [ 116.3778953, 39.8989191 ], [ 116.3776946, 39.8989122 ], [ 116.3754405, 39.8988359 ], [ 116.37209, 39.8987241 ], [ 116.3706657, 39.8986532 ] ] } },
{ "type": "Feature", "properties": { "index": 12, "color": "#808080", "label": "Unknown", "@osmId": "way/30681491" }, "geometry": { "type": "LineString", "coordinates": [ [ 116.3778545, 39.8997057 ], [ 116.3746626, 39.8995921 ], [ 116.3734064, 39.8995446 ], [ 116.3733006, 39.8995402 ], [ 116.3732055, 39.8995304 ], [ 116.3731313, 39.8995152 ], [ 116.3730608, 39.8994946 ], [ 116.3729885, 39.8994849 ], [ 116.3729126, 39.8994806 ], [ 116.3720831, 39.8994468 ] ] } },
{ "type": "Feature", "properties": { "index": 13, "color": "#808080", "label": "Unknown", "@osmId": "way/59185376" }, "geometry": { "type": "LineString", "coordinates": [ [ 116.3746538, 39.9000218 ], [ 116.3746626, 39.8995921 ] ] } },
{ "type": "Feature", "properties": { "index": 14, "color": "#c0d4f5", "label": "Shared with cars up to 15 km/h", "@osmId": "way/30833902" }, "geometry": { "type": "LineString", "coordinates": [ [ 116.3749132, 39.9000415 ], [ 116.3746538, 39.9000218 ], [ 116.3731848, 39.9000198 ] ] } },
{ "type": "Feature", "properties": { "index": 15, "color": "#808080", "label": "Unknown", "@osmId": "way/59185368" }, "geometry": { "type": "LineString", "coordinates": [ [ 116.3748942, 39.9004438 ], [ 116.3749068, 39.9002159 ], [ 116.3749132, 39.9000415 ] ] } },
{ "type": "Feature", "properties": { "index": 16, "color": "#808080", "label": "Unknown", "@osmId": "way/190438900" }, "geometry": { "type": "LineString", "coordinates": [ [ 116.3720725, 39.9005392 ], [ 116.3722153, 39.9005346 ], [ 116.3731594, 39.9004786 ], [ 116.3735402, 39.9004599 ], [ 116.3738789, 39.9004417 ], [ 116.3742238, 39.9004328 ], [ 116.3745572, 39.9004342 ], [ 116.3748942, 39.9004438 ], [ 116.3759802, 39.900487 ], [ 116.3761205, 39.9004902 ], [ 116.3762679, 39.9004879 ], [ 116.3765307, 39.9004758 ], [ 116.3768979, 39.9004681 ], [ 116.3775624, 39.9004663 ], [ 116.3776542, 39.9004771 ], [ 116.377746, 39.9005042 ], [ 116.3778175, 39.9005252 ], [ 116.3778884, 39.9005381 ] ] } },
{ "type": "Feature", "properties": { "index": 17, "color": "#c0d4f5", "label": "Shared with cars up to 15 km/h", "@osmId": "way/59185377" }, "geometry": { "type": "LineString", "coordinates": [ [ 116.3740963, 39.9012001 ], [ 116.3741117, 39.9007619 ], [ 116.3750695, 39.9007836 ] ] } },
{ "type": "Feature", "properties": { "index": 18, "color": "#c0d4f5", "label": "Shared with cars up to 15 km/h", "@osmId": "way/1425729052" }, "geometry": { "type": "LineString", "coordinates": [ [ 116.3740356, 39.9012047 ], [ 116.3740387, 39.901135 ], [ 116.3740448, 39.9008518 ], [ 116.3736151, 39.9008458 ], [ 116.3735098, 39.9008443 ] ] } },
{ "type": "Feature", "properties": { "index": 19, "color": "#c0d4f5", "label": "Shared with cars up to 15 km/h", "@osmId": "way/1425729053" }, "geometry": { "type": "LineString", "coordinates": [ [ 116.3743672, 39.9012019 ], [ 116.3743725, 39.9011063 ], [ 116.3743831, 39.9010764 ], [ 116.3744061, 39.9010533 ], [ 116.3744433, 39.9010438 ], [ 116.3750096, 39.9010533 ] ] } },
{ "type": "Feature", "properties": { "index": 20, "color": "#808080", "label": "Unknown", "@osmId": "way/59185347" }, "geometry": { "type": "LineString", "coordinates": [ [ 116.3731594, 39.9004786 ], [ 116.3731848, 39.9000198 ], [ 116.3732055, 39.8995304 ] ] } },
{ "type": "Feature", "properties": { "index": 21, "color": "#3b4cc0", "label": "Designated", "@osmId": "way/919756674" }, "geometry": { "type": "LineString", "coordinates": [ [ 116.3719418, 39.9004439 ], [ 116.3719384, 39.9005426 ], [ 116.3719348, 39.9006335 ] ] } },
{ "type": "Feature", "properties": { "index": 22, "color": "#3b4cc0", "label": "Designated", "@osmId": "way/919756675" }, "geometry": { "type": "LineString", "coordinates": [ [ 116.3719418, 39.9004439 ], [ 116.3720746, 39.9004449 ], [ 116.3722151, 39.9004456 ], [ 116.3722153, 39.9005346 ], [ 116.3722161, 39.9006342 ] ] } },
{ "type": "Feature", "properties": { "index": 23, "color": "#3b4cc0", "label": "Designated", "@osmId": "way/915921628" }, "geometry": { "type": "LineString", "coordinates": [ [ 116.3719348, 39.9006335 ], [ 116.3720701, 39.9006346 ], [ 116.3722161, 39.9006342 ] ] } },
{ "type": "Feature", "properties": { "index": 24, "color": "#808080", "label": "Unknown", "@osmId": "way/33460056" }, "geometry": { "type": "LineString", "coordinates": [ [ 116.3719739, 39.9027944 ], [ 116.3719778, 39.9026836 ], [ 116.372047, 39.9011444 ], [ 116.3720701, 39.9006346 ], [ 116.3720725, 39.9005392 ], [ 116.3720746, 39.9004449 ], [ 116.3720831, 39.8994468 ], [ 116.37209, 39.8987241 ], [ 116.372098, 39.8985796 ] ] } },
{ "type": "Feature", "properties": { "index": 25, "color": "#c0d4f5", "label": "Shared with cars up to 15 km/h", "@osmId": "way/1425705853" }, "geometry": { "type": "LineString", "coordinates": [ [ 116.3731919, 39.9008784 ], [ 116.372553, 39.9008589 ] ] } },
{ "type": "Feature", "properties": { "index": 26, "color": "#c0d4f5", "label": "Shared with cars up to 15 km/h", "@osmId": "way/1425705854" }, "geometry": { "type": "LineString", "coordinates": [ [ 116.3733502, 39.9008832 ], [ 116.3731919, 39.9008784 ] ] } },
{ "type": "Feature", "properties": { "index": 27, "color": "#c0d4f5", "label": "Shared with cars up to 15 km/h", "@osmId": "way/1425705855" }, "geometry": { "type": "LineString", "coordinates": [ [ 116.3735027, 39.9008879 ], [ 116.3733502, 39.9008832 ] ] } },
{ "type": "Feature", "properties": { "index": 28, "color": "#c0d4f5", "label": "Shared with cars up to 15 km/h", "@osmId": "way/983227971" }, "geometry": { "type": "LineString", "coordinates": [ [ 116.3731645, 39.9012495 ], [ 116.3725372, 39.901234 ] ] } },
{ "type": "Feature", "properties": { "index": 29, "color": "#c0d4f5", "label": "Shared with cars up to 15 km/h", "@osmId": "way/983227972" }, "geometry": { "type": "LineString", "coordinates": [ [ 116.3733371, 39.9012536 ], [ 116.3731645, 39.9012495 ] ] } },
{ "type": "Feature", "properties": { "index": 30, "color": "#c0d4f5", "label": "Shared with cars up to 15 km/h", "@osmId": "way/1425705856" }, "geometry": { "type": "LineString", "coordinates": [ [ 116.3734866, 39.9012557 ], [ 116.3733371, 39.9012536 ] ] } },
{ "type": "Feature", "properties": { "index": 31, "color": "#3b4cc0", "label": "Designated", "@osmId": "way/915921627" }, "geometry": { "type": "LineString", "coordinates": [ [ 116.3721261, 39.9026809 ], [ 116.3722161, 39.9006342 ], [ 116.3734567, 39.9005401 ] ] } },
{ "type": "Feature", "properties": { "index": 32, "color": "#c0d4f5", "label": "Shared with cars up to 15 km/h", "@osmId": "way/59185370" }, "geometry": { "type": "LineString", "coordinates": [ [ 116.3734301, 39.9027975 ], [ 116.373437, 39.9024557 ], [ 116.3734416, 39.9023481 ], [ 116.3734522, 39.9020982 ], [ 116.3734571, 39.90198 ], [ 116.3734653, 39.9017359 ], [ 116.3734669, 39.9016956 ], [ 116.373486, 39.9012679 ], [ 116.3734866, 39.9012557 ], [ 116.3734987, 39.9009385 ], [ 116.3735027, 39.9008879 ], [ 116.3735098, 39.9008443 ], [ 116.3735215, 39.9007984 ], [ 116.373527, 39.9007501 ], [ 116.3735402, 39.9004599 ] ] } },
{ "type": "Feature", "properties": { "index": 33, "color": "#c0d4f5", "label": "Shared with cars up to 15 km/h", "@osmId": "way/1424745842" }, "geometry": { "type": "LineString", "coordinates": [ [ 116.3734669, 39.9016956 ], [ 116.3722909, 39.9016657 ] ] } },
{ "type": "Feature", "properties": { "index": 34, "color": "#c0d4f5", "label": "Shared with cars up to 15 km/h", "@osmId": "way/1425705850" }, "geometry": { "type": "LineString", "coordinates": [ [ 116.3731372, 39.9019727 ], [ 116.3732716, 39.9019767 ] ] } },
{ "type": "Feature", "properties": { "index": 35, "color": "#c0d4f5", "label": "Shared with cars up to 15 km/h", "@osmId": "way/1425705848" }, "geometry": { "type": "LineString", "coordinates": [ [ 116.3732716, 39.9019767 ], [ 116.3734571, 39.90198 ] ] } },
{ "type": "Feature", "properties": { "index": 36, "color": "#c0d4f5", "label": "Shared with cars up to 15 km/h", "@osmId": "way/1425705849" }, "geometry": { "type": "LineString", "coordinates": [ [ 116.3726323, 39.9021371 ], [ 116.3726408, 39.9019619 ], [ 116.3731372, 39.9019727 ] ] } },
{ "type": "Feature", "properties": { "index": 37, "color": "#c0d4f5", "label": "Shared with cars up to 15 km/h", "@osmId": "way/1425705851" }, "geometry": { "type": "LineString", "coordinates": [ [ 116.372628, 39.9022602 ], [ 116.3726323, 39.9021371 ] ] } },
{ "type": "Feature", "properties": { "index": 38, "color": "#c0d4f5", "label": "Shared with cars up to 15 km/h", "@osmId": "way/1425705866" }, "geometry": { "type": "LineString", "coordinates": [ [ 116.3734416, 39.9023481 ], [ 116.3735716, 39.9023543 ] ] } },
{ "type": "Feature", "properties": { "index": 39, "color": "#c0d4f5", "label": "Shared with cars up to 15 km/h", "@osmId": "way/1425705847" }, "geometry": { "type": "LineString", "coordinates": [ [ 116.373437, 39.9024557 ], [ 116.3730931, 39.9024512 ], [ 116.3730965, 39.9023387 ], [ 116.3726249, 39.9023286 ], [ 116.372628, 39.9022602 ] ] } },
{ "type": "Feature", "properties": { "index": 40, "color": "#808080", "label": "Unknown", "@osmId": "way/127844296" }, "geometry": { "type": "LineString", "coordinates": [ [ 116.3777412, 39.9029459 ], [ 116.3776997, 39.9028982 ], [ 116.3776653, 39.9028433 ], [ 116.3776507, 39.902792 ], [ 116.3776454, 39.9027335 ], [ 116.3776901, 39.9014462 ], [ 116.3777373, 39.9006508 ], [ 116.377746, 39.9005042 ], [ 116.3777658, 39.9000819 ], [ 116.3777888, 39.8999176 ], [ 116.377835, 39.8997645 ], [ 116.3778545, 39.8997057 ], [ 116.3778677, 39.8996298 ], [ 116.3778928, 39.8990522 ], [ 116.3778938, 39.8990152 ], [ 116.3778953, 39.8989191 ], [ 116.3778961, 39.8987464 ] ] } },
{ "type": "Feature", "properties": { "index": 41, "color": "#808080", "label": "Unknown", "@osmId": "way/1424222212" }, "geometry": { "type": "LineString", "coordinates": [ [ 116.3780305, 39.8987479 ], [ 116.3780176, 39.8989215 ], [ 116.3780117, 39.8990177 ], [ 116.3779808, 39.8997141 ], [ 116.377971, 39.8998144 ], [ 116.3779541, 39.8999148 ], [ 116.3779373, 39.9000152 ], [ 116.3779275, 39.9001156 ], [ 116.3779045, 39.9003643 ], [ 116.3778884, 39.9005381 ], [ 116.3778414, 39.9011907 ], [ 116.3778122, 39.9018058 ], [ 116.3777962, 39.9022007 ], [ 116.3777856, 39.9024643 ], [ 116.3777744, 39.9027318 ], [ 116.3777634, 39.9028333 ], [ 116.3777412, 39.9029459 ] ] } },
{ "type": "Feature", "properties": { "index": 42, "color": "#c0d4f5", "label": "Shared with cars up to 15 km/h", "@osmId": "way/521039271" }, "geometry": { "type": "LineString", "coordinates": [ [ 116.3776901, 39.9014462 ], [ 116.3766056, 39.9014519 ] ] } },
{ "type": "Feature", "properties": { "index": 43, "color": "#c0d4f5", "label": "Shared with cars up to 15 km/h", "@osmId": "way/30834107" }, "geometry": { "type": "LineString", "coordinates": [ [ 116.3778122, 39.9018058 ], [ 116.3789099, 39.9017778 ], [ 116.3799678, 39.9017523 ], [ 116.380882, 39.9017448 ] ] } },
{ "type": "Feature", "properties": { "index": 44, "color": "#c0d4f5", "label": "Shared with cars up to 15 km/h", "@osmId": "way/178766129" }, "geometry": { "type": "LineString", "coordinates": [ [ 116.3777962, 39.9022007 ], [ 116.3791936, 39.9022271 ], [ 116.3815897, 39.9022258 ] ] } },
{ "type": "Feature", "properties": { "index": 45, "color": "#c0d4f5", "label": "Shared with cars up to 15 km/h", "@osmId": "way/1425730050" }, "geometry": { "type": "LineString", "coordinates": [ [ 116.3759273, 39.9023893 ], [ 116.3760896, 39.9023929 ] ] } },
{ "type": "Feature", "properties": { "index": 46, "color": "#c0d4f5", "label": "Shared with cars up to 15 km/h", "@osmId": "way/1425730051" }, "geometry": { "type": "LineString", "coordinates": [ [ 116.3760896, 39.9023929 ], [ 116.3761875, 39.9023953 ] ] } },
{ "type": "Feature", "properties": { "index": 47, "color": "#c0d4f5", "label": "Shared with cars up to 15 km/h", "@osmId": "way/8365693" }, "geometry": { "type": "LineString", "coordinates": [ [ 116.3777856, 39.9024643 ], [ 116.3782178, 39.90248 ], [ 116.3786704, 39.9024833 ], [ 116.3816138, 39.9024289 ] ] } },
{ "type": "Feature", "properties": { "index": 48, "color": "#c0d4f5", "label": "Shared with cars up to 15 km/h", "@osmId": "way/59185401" }, "geometry": { "type": "LineString", "coordinates": [ [ 116.3752303, 39.9036506 ], [ 116.3756952, 39.9036612 ], [ 116.375927, 39.9036715 ], [ 116.3761398, 39.9036874 ], [ 116.3762719, 39.9037005 ], [ 116.3764271, 39.9037128 ], [ 116.3765874, 39.903724 ], [ 116.3769182, 39.9037408 ], [ 116.3769495, 39.9037467 ], [ 116.3769751, 39.9037593 ], [ 116.3770021, 39.9037696 ], [ 116.3770335, 39.9037755 ], [ 116.3772393, 39.9038032 ], [ 116.377305, 39.9038146 ], [ 116.3773715, 39.9038322 ], [ 116.3774277, 39.9038559 ], [ 116.3774745, 39.9038869 ] ] } },
{ "type": "Feature", "properties": { "index": 49, "color": "#c0d4f5", "label": "Shared with cars up to 15 km/h", "@osmId": "way/59185346" }, "geometry": { "type": "LineString", "coordinates": [ [ 116.378527, 39.9050836 ], [ 116.3785467, 39.9047098 ], [ 116.378565, 39.9043644 ], [ 116.3786065, 39.9042543 ], [ 116.3785664, 39.9034896 ], [ 116.3785086, 39.9029809 ] ] } },
{ "type": "Feature", "properties": { "index": 50, "color": "#c0d4f5", "label": "Shared with cars up to 15 km/h", "@osmId": "way/1425729032" }, "geometry": { "type": "LineString", "coordinates": [ [ 116.3745396, 39.9013896 ], [ 116.3749797, 39.9013981 ] ] } },
{ "type": "Feature", "properties": { "index": 51, "color": "#c0d4f5", "label": "Shared with cars up to 15 km/h", "@osmId": "way/1425729031" }, "geometry": { "type": "LineString", "coordinates": [ [ 116.3749842, 39.9017252 ], [ 116.3745465, 39.9017199 ] ] } },
{ "type": "Feature", "properties": { "index": 52, "color": "#c0d4f5", "label": "Shared with cars up to 15 km/h", "@osmId": "way/59185392" }, "geometry": { "type": "LineString", "coordinates": [ [ 116.3745475, 39.9017604 ], [ 116.3734653, 39.9017359 ] ] } },
{ "type": "Feature", "properties": { "index": 53, "color": "#c0d4f5", "label": "Shared with cars up to 15 km/h", "@osmId": "way/59185364" }, "geometry": { "type": "LineString", "coordinates": [ [ 116.3745058, 39.902814 ], [ 116.3745222, 39.9023861 ], [ 116.3745234, 39.9023597 ], [ 116.3745339, 39.9021331 ], [ 116.3745357, 39.9021019 ], [ 116.3745475, 39.9017604 ], [ 116.3745465, 39.9017199 ], [ 116.3745396, 39.9013896 ], [ 116.374534, 39.901203 ], [ 116.3743672, 39.9012019 ], [ 116.3740963, 39.9012001 ], [ 116.3740356, 39.9012047 ], [ 116.3739954, 39.9012077 ], [ 116.3738998, 39.9012181 ], [ 116.3738472, 39.9012297 ], [ 116.3738016, 39.9012454 ], [ 116.3737766, 39.9012543 ], [ 116.3737534, 39.9012604 ], [ 116.3737275, 39.9012646 ], [ 116.3736998, 39.901266 ], [ 116.373486, 39.9012679 ] ] } },
{ "type": "Feature", "properties": { "index": 54, "color": "#c0d4f5", "label": "Shared with cars up to 15 km/h", "@osmId": "way/1425705862" }, "geometry": { "type": "LineString", "coordinates": [ [ 116.3734522, 39.9020982 ], [ 116.3735854, 39.9021042 ] ] } },
{ "type": "Feature", "properties": { "index": 55, "color": "#c0d4f5", "label": "Shared with cars up to 15 km/h", "@osmId": "way/1425705861" }, "geometry": { "type": "LineString", "coordinates": [ [ 116.3735854, 39.9021042 ], [ 116.3737457, 39.9021105 ] ] } },
{ "type": "Feature", "properties": { "index": 56, "color": "#c0d4f5", "label": "Shared with cars up to 15 km/h", "@osmId": "way/1425705858" }, "geometry": { "type": "LineString", "coordinates": [ [ 116.3737457, 39.9021105 ], [ 116.3742773, 39.9021258 ] ] } },
{ "type": "Feature", "properties": { "index": 57, "color": "#c0d4f5", "label": "Shared with cars up to 15 km/h", "@osmId": "way/1425705860" }, "geometry": { "type": "LineString", "coordinates": [ [ 116.3742773, 39.9021258 ], [ 116.3744565, 39.9021311 ] ] } },
{ "type": "Feature", "properties": { "index": 58, "color": "#c0d4f5", "label": "Shared with cars up to 15 km/h", "@osmId": "way/1425705859" }, "geometry": { "type": "LineString", "coordinates": [ [ 116.3744565, 39.9021311 ], [ 116.3745339, 39.9021331 ] ] } },
{ "type": "Feature", "properties": { "index": 59, "color": "#c0d4f5", "label": "Shared with cars up to 15 km/h", "@osmId": "way/1425705865" }, "geometry": { "type": "LineString", "coordinates": [ [ 116.3735716, 39.9023543 ], [ 116.3737347, 39.9023615 ] ] } },
{ "type": "Feature", "properties": { "index": 60, "color": "#c0d4f5", "label": "Shared with cars up to 15 km/h", "@osmId": "way/1425730048" }, "geometry": { "type": "LineString", "coordinates": [ [ 116.3745234, 39.9023597 ], [ 116.3748931, 39.9023679 ] ] } },
{ "type": "Feature", "properties": { "index": 61, "color": "#c0d4f5", "label": "Shared with cars up to 15 km/h", "@osmId": "way/1425730049" }, "geometry": { "type": "LineString", "coordinates": [ [ 116.3748931, 39.9023679 ], [ 116.3750437, 39.9023705 ] ] } },
{ "type": "Feature", "properties": { "index": 62, "color": "#c0d4f5", "label": "Shared with cars up to 15 km/h", "@osmId": "way/1425705857" }, "geometry": { "type": "LineString", "coordinates": [ [ 116.3737347, 39.9023615 ], [ 116.3742663, 39.902378 ] ] } },
{ "type": "Feature", "properties": { "index": 63, "color": "#c0d4f5", "label": "Shared with cars up to 15 km/h", "@osmId": "way/1425730047" }, "geometry": { "type": "LineString", "coordinates": [ [ 116.3750437, 39.9023705 ], [ 116.3759273, 39.9023893 ] ] } },
{ "type": "Feature", "properties": { "index": 64, "color": "#c0d4f5", "label": "Shared with cars up to 15 km/h", "@osmId": "way/1425705864" }, "geometry": { "type": "LineString", "coordinates": [ [ 116.3742663, 39.902378 ], [ 116.374444, 39.9023844 ] ] } },
{ "type": "Feature", "properties": { "index": 65, "color": "#c0d4f5", "label": "Shared with cars up to 15 km/h", "@osmId": "way/1425705863" }, "geometry": { "type": "LineString", "coordinates": [ [ 116.374444, 39.9023844 ], [ 116.3745222, 39.9023861 ] ] } },
{ "type": "Feature", "properties": { "index": 66, "color": "#c0d4f5", "label": "Shared with cars up to 15 km/h", "@osmId": "way/521039278" }, "geometry": { "type": "LineString", "coordinates": [ [ 116.3745357, 39.9021019 ], [ 116.37613, 39.9021399 ], [ 116.3761561, 39.902145 ], [ 116.3761776, 39.902156 ], [ 116.3761922, 39.9021723 ], [ 116.3761944, 39.9021934 ], [ 116.3761875, 39.9023953 ], [ 116.3761723, 39.9028401 ] ] } },
{ "type": "Feature", "properties": { "index": 67, "color": "#808080", "label": "Unknown", "@osmId": "way/154860702" }, "geometry": { "type": "LineString", "coordinates": [ [ 116.3701776, 39.9027771 ], [ 116.370344, 39.9027816 ], [ 116.3703964, 39.9027825 ], [ 116.3707005, 39.902788 ], [ 116.3717934, 39.9027986 ], [ 116.3718437, 39.9027974 ], [ 116.3719739, 39.9027944 ], [ 116.3721563, 39.9027902 ], [ 116.3734301, 39.9027975 ], [ 116.3745058, 39.902814 ], [ 116.3746412, 39.9028171 ], [ 116.3752153, 39.9028245 ], [ 116.3761723, 39.9028401 ], [ 116.3765779, 39.9028497 ], [ 116.3768616, 39.9028564 ], [ 116.3771706, 39.9028653 ], [ 116.3774795, 39.9028783 ], [ 116.3776127, 39.9028996 ], [ 116.3777412, 39.9029459 ] ] } },
{ "type": "Feature", "properties": { "index": 68, "color": "#c0d4f5", "label": "Shared with cars up to 15 km/h", "@osmId": "way/59185388" }, "geometry": { "type": "LineString", "coordinates": [ [ 116.3745658, 39.9045926 ], [ 116.3745633, 39.9043497 ], [ 116.3745679, 39.9041972 ], [ 116.3745772, 39.9040513 ], [ 116.3745915, 39.9039044 ], [ 116.374584, 39.9037326 ], [ 116.3745821, 39.9036376 ], [ 116.3745858, 39.9035387 ], [ 116.3746095, 39.9034245 ], [ 116.374625, 39.9033421 ], [ 116.3746323, 39.9032574 ], [ 116.3746335, 39.9031736 ], [ 116.3746379, 39.9029196 ], [ 116.3746412, 39.9028171 ] ] } },
{ "type": "Feature", "properties": { "index": 69, "color": "#808080", "label": "Unknown", "@osmId": "way/30834103" }, "geometry": { "type": "LineString", "coordinates": [ [ 116.3752153, 39.9028245 ], [ 116.3752135, 39.9030337 ], [ 116.3752191, 39.9032376 ], [ 116.3752303, 39.9036506 ], [ 116.3752392, 39.9038617 ], [ 116.3752498, 39.9040539 ], [ 116.375282, 39.9046225 ], [ 116.3753151, 39.9051596 ], [ 116.3753532, 39.9054984 ], [ 116.3753715, 39.9056751 ] ] } },
{ "type": "Feature", "properties": { "index": 70, "color": "#3b4cc0", "label": "Designated", "@osmId": "way/915921623" }, "geometry": { "type": "LineString", "coordinates": [ [ 116.3718402, 39.9026862 ], [ 116.3719778, 39.9026836 ], [ 116.3721261, 39.9026809 ] ] } },
{ "type": "Feature", "properties": { "index": 71, "color": "#3b4cc0", "label": "Designated", "@osmId": "way/1425097545" }, "geometry": { "type": "LineString", "coordinates": [ [ 116.3721261, 39.9026809 ], [ 116.3721344, 39.9026967 ], [ 116.3721544, 39.9027107 ] ] } },
{ "type": "Feature", "properties": { "index": 72, "color": "#3b4cc0", "label": "Designated", "@osmId": "way/915921624" }, "geometry": { "type": "LineString", "coordinates": [ [ 116.3721544, 39.9027107 ], [ 116.3721563, 39.9027902 ], [ 116.3721558, 39.902895 ] ] } },
{ "type": "Feature", "properties": { "index": 73, "color": "#3b4cc0", "label": "Designated", "@osmId": "way/915921621" }, "geometry": { "type": "LineString", "coordinates": [ [ 116.3717912, 39.9028987 ], [ 116.3718475, 39.9028988 ], [ 116.3721558, 39.902895 ], [ 116.3746379, 39.9029196 ] ] } },
{ "type": "Feature", "properties": { "index": 74, "color": "#c0d4f5", "label": "Shared with cars up to 15 km/h", "@osmId": "way/30834098" }, "geometry": { "type": "LineString", "coordinates": [ [ 116.371734, 39.9038127 ], [ 116.3721387, 39.9038317 ], [ 116.3725576, 39.9038494 ], [ 116.3733741, 39.9038779 ], [ 116.3740132, 39.9038949 ], [ 116.3745915, 39.9039044 ] ] } },
{ "type": "Feature", "properties": { "index": 75, "color": "#808080", "label": "Unknown", "@osmId": "way/33460020" }, "geometry": { "type": "LineString", "coordinates": [ [ 116.3738346, 39.9045025 ], [ 116.3737965, 39.9044793 ], [ 116.3737457, 39.9044638 ], [ 116.373701, 39.9044555 ], [ 116.3736508, 39.9044528 ], [ 116.3719152, 39.9044485 ], [ 116.371743, 39.9044475 ], [ 116.3702459, 39.9044548 ], [ 116.3701228, 39.9044562 ] ] } },
{ "type": "Feature", "properties": { "index": 76, "color": "#3b4cc0", "label": "Designated", "@osmId": "way/190434260" }, "geometry": { "type": "LineString", "coordinates": [ [ 116.3720074, 39.9045127 ], [ 116.3720534, 39.9044999 ], [ 116.3736613, 39.9044895 ], [ 116.373782, 39.9045607 ], [ 116.3737538, 39.9054516 ], [ 116.3732518, 39.905455 ], [ 116.3732508, 39.9054962 ], [ 116.3720041, 39.90551 ], [ 116.3719786, 39.9054921 ], [ 116.3719675, 39.9054613 ], [ 116.3719954, 39.9045457 ], [ 116.3720074, 39.9045127 ] ] } },
{ "type": "Feature", "properties": { "index": 77, "color": "#808080", "label": "Unknown", "@osmId": "way/33460044" }, "geometry": { "type": "LineString", "coordinates": [ [ 116.3719152, 39.9044485 ], [ 116.371913, 39.9045355 ], [ 116.3718704, 39.9054869 ], [ 116.3718689, 39.905683 ] ] } },
{ "type": "Feature", "properties": { "index": 78, "color": "#3b4cc0", "label": "Designated", "@osmId": "way/190425066" }, "geometry": { "type": "LineString", "coordinates": [ [ 116.3732508, 39.9054962 ], [ 116.3733765, 39.9054975 ] ] } },
{ "type": "Feature", "properties": { "index": 79, "color": "#3b4cc0", "label": "Designated", "@osmId": "way/115253374" }, "geometry": { "type": "LineString", "coordinates": [ [ 116.3733765, 39.9054975 ], [ 116.3735104, 39.9054989 ], [ 116.3736296, 39.9055001 ] ] } },
{ "type": "Feature", "properties": { "index": 80, "color": "#c0d4f5", "label": "Shared with cars up to 15 km/h", "@osmId": "way/59185397" }, "geometry": { "type": "LineString", "coordinates": [ [ 116.3786065, 39.9042543 ], [ 116.3792092, 39.9042736 ], [ 116.3798011, 39.9042174 ] ] } },
{ "type": "Feature", "properties": { "index": 81, "color": "#808080", "label": "Unknown", "@osmId": "way/1051962151" }, "geometry": { "type": "LineString", "coordinates": [ [ 116.3777412, 39.9029459 ], [ 116.3777383, 39.9031016 ], [ 116.3777354, 39.9032573 ], [ 116.3777278, 39.9034058 ], [ 116.3777062, 39.9035525 ], [ 116.3776489, 39.903677 ], [ 116.3775755, 39.903785 ], [ 116.3774745, 39.9038869 ], [ 116.3774144, 39.9039476 ], [ 116.3772136, 39.9040905 ], [ 116.3770205, 39.9042263 ], [ 116.3768314, 39.9043524 ], [ 116.3767333, 39.9044323 ], [ 116.3766512, 39.9045122 ], [ 116.3765927, 39.9046007 ], [ 116.3765677, 39.9047127 ], [ 116.3765581, 39.9050822 ], [ 116.3765567, 39.9054229 ], [ 116.3765583, 39.9054898 ], [ 116.3765627, 39.9056754 ] ] } },
{ "type": "Feature", "properties": { "index": 82, "color": "#c0d4f5", "label": "Shared with cars up to 15 km/h", "@osmId": "way/59185391" }, "geometry": { "type": "LineString", "coordinates": [ [ 116.3775616, 39.9043344 ], [ 116.378565, 39.9043644 ] ] } },
{ "type": "Feature", "properties": { "index": 83, "color": "#c0d4f5", "label": "Shared with cars up to 15 km/h", "@osmId": "way/42675563" }, "geometry": { "type": "LineString", "coordinates": [ [ 116.3775755, 39.903785 ], [ 116.3775616, 39.9043344 ], [ 116.3775515, 39.9050476 ] ] } },
{ "type": "Feature", "properties": { "index": 84, "color": "#c0d4f5", "label": "Shared with cars up to 15 km/h", "@osmId": "way/59185359" }, "geometry": { "type": "LineString", "coordinates": [ [ 116.3755694, 39.9046291 ], [ 116.3759821, 39.9045859 ], [ 116.3760196, 39.9043269 ], [ 116.3768314, 39.9043524 ] ] } },
{ "type": "Feature", "properties": { "index": 85, "color": "#c0d4f5", "label": "Shared with cars up to 15 km/h", "@osmId": "way/30834088" }, "geometry": { "type": "LineString", "coordinates": [ [ 116.3765581, 39.9050822 ], [ 116.3775515, 39.9050476 ], [ 116.378527, 39.9050836 ], [ 116.3798469, 39.9050794 ], [ 116.3808633, 39.9050833 ], [ 116.381545, 39.9050849 ], [ 116.3819396, 39.9050752 ], [ 116.3820486, 39.9050736 ], [ 116.3823903, 39.9050534 ] ] } },
{ "type": "Feature", "properties": { "index": 86, "color": "#3b4cc0", "label": "Designated", "@osmId": "way/1010198661" }, "geometry": { "type": "LineString", "coordinates": [ [ 116.3774554, 39.905522 ], [ 116.3767816, 39.9055065 ], [ 116.3767295, 39.905506 ], [ 116.3766913, 39.9054898 ], [ 116.3766823, 39.9054717 ], [ 116.3766678, 39.9053693 ], [ 116.3766534, 39.9053554 ], [ 116.3766534, 39.9051381 ] ] } },
{ "type": "Feature", "properties": { "index": 87, "color": "#3b4cc0", "label": "Designated", "@osmId": "way/227324964" }, "geometry": { "type": "LineString", "coordinates": [ [ 116.3756969, 39.9054361 ], [ 116.37558, 39.9054361 ] ] } },
{ "type": "Feature", "properties": { "index": 88, "color": "#3b4cc0", "label": "Designated", "@osmId": "way/1147746444" }, "geometry": { "type": "LineString", "coordinates": [ [ 116.3759243, 39.9054368 ], [ 116.3758138, 39.9054361 ], [ 116.3756969, 39.9054361 ] ] } },
{ "type": "Feature", "properties": { "index": 89, "color": "#3b4cc0", "label": "Designated", "@osmId": "way/1147746441" }, "geometry": { "type": "LineString", "coordinates": [ [ 116.3759243, 39.9054368 ], [ 116.376138, 39.9054382 ] ] } },
{ "type": "Feature", "properties": { "index": 90, "color": "#c0d4f5", "label": "Shared with cars up to 15 km/h", "@osmId": "way/1424544094" }, "geometry": { "type": "LineString", "coordinates": [ [ 116.375282, 39.9046225 ], [ 116.3747838, 39.9046076 ], [ 116.3746795, 39.9046019 ], [ 116.3745658, 39.9045926 ], [ 116.3744475, 39.9045843 ], [ 116.3743163, 39.904576 ], [ 116.3741986, 39.9045708 ], [ 116.374082, 39.904562 ], [ 116.3740093, 39.9045531 ], [ 116.3739393, 39.9045412 ], [ 116.3738842, 39.904526 ], [ 116.3738346, 39.9045025 ] ] } },
{ "type": "Feature", "properties": { "index": 91, "color": "#3b4cc0", "label": "Designated", "@osmId": "way/1147744145" }, "geometry": { "type": "LineString", "coordinates": [ [ 116.373782, 39.9045607 ], [ 116.3738342, 39.9045669 ], [ 116.373908, 39.9045688 ] ] } },
{ "type": "Feature", "properties": { "index": 92, "color": "#3b4cc0", "label": "Designated", "@osmId": "way/1424544090" }, "geometry": { "type": "LineString", "coordinates": [ [ 116.3739026, 39.9052588 ], [ 116.373908, 39.9045688 ] ] } },
{ "type": "Feature", "properties": { "index": 93, "color": "#808080", "label": "Unknown", "@osmId": "way/227323114" }, "geometry": { "type": "LineString", "coordinates": [ [ 116.3738346, 39.9045025 ], [ 116.3738342, 39.9045669 ], [ 116.3738171, 39.9055018 ], [ 116.3738139, 39.905682 ] ] } },
{ "type": "Feature", "properties": { "index": 94, "color": "#c0d4f5", "label": "Shared with cars up to 15 km/h", "@osmId": "way/1424544093" }, "geometry": { "type": "LineString", "coordinates": [ [ 116.3739897, 39.9052592 ], [ 116.3743026, 39.9052435 ], [ 116.3744556, 39.9052339 ], [ 116.3746308, 39.9052198 ], [ 116.3752637, 39.9051652 ], [ 116.3753151, 39.9051596 ], [ 116.3757078, 39.905099 ], [ 116.3765581, 39.9050822 ] ] } },
{ "type": "Feature", "properties": { "index": 95, "color": "#3b4cc0", "label": "Designated", "@osmId": "way/1424544091" }, "geometry": { "type": "LineString", "coordinates": [ [ 116.3739026, 39.9052588 ], [ 116.3739897, 39.9052592 ] ] } },
{ "type": "Feature", "properties": { "index": 96, "color": "#3b4cc0", "label": "Designated", "@osmId": "way/1424544089" }, "geometry": { "type": "LineString", "coordinates": [ [ 116.3752637, 39.9051652 ], [ 116.375301, 39.9054967 ], [ 116.373899, 39.9055032 ], [ 116.3739026, 39.9052588 ] ] } },
{ "type": "Feature", "properties": { "index": 97, "color": "#3b4cc0", "label": "Designated", "@osmId": "way/1147744144" }, "geometry": { "type": "LineString", "coordinates": [ [ 116.3737538, 39.9054516 ], [ 116.3737528, 39.9055008 ] ] } },
{ "type": "Feature", "properties": { "index": 98, "color": "#3b4cc0", "label": "Designated", "@osmId": "way/190425067" }, "geometry": { "type": "LineString", "coordinates": [ [ 116.3737528, 39.9055008 ], [ 116.3736296, 39.9055001 ] ] } },
{ "type": "Feature", "properties": { "index": 99, "color": "#3b4cc0", "label": "Designated", "@osmId": "way/915921634" }, "geometry": { "type": "LineString", "coordinates": [ [ 116.373899, 39.9055032 ], [ 116.3738171, 39.9055018 ], [ 116.3737528, 39.9055008 ] ] } },
{ "type": "Feature", "properties": { "index": 100, "color": "#808080", "label": "Unknown", "@osmId": "way/127844297" }, "geometry": { "type": "LineString", "coordinates": [ [ 116.3897677, 39.8987546 ], [ 116.3888956, 39.8988353 ], [ 116.3880988, 39.8989126 ], [ 116.3879786, 39.8989217 ], [ 116.3878045, 39.8989381 ] ] } },
{ "type": "Feature", "properties": { "index": 101, "color": "#3b4cc0", "label": "Designated", "@osmId": "way/225934946" }, "geometry": { "type": "LineString", "coordinates": [ [ 116.3893942, 39.8989802 ], [ 116.3893757, 39.8987553 ] ] } },
{ "type": "Feature", "properties": { "index": 102, "color": "#808080", "label": "Unknown", "@osmId": "way/161809905" }, "geometry": { "type": "LineString", "coordinates": [ [ 116.3888956, 39.8988353 ], [ 116.3887486, 39.8989659 ] ] } },
{ "type": "Feature", "properties": { "index": 103, "color": "#808080", "label": "Unknown", "@osmId": "way/161809911" }, "geometry": { "type": "LineString", "coordinates": [ [ 116.3897621, 39.898787 ], [ 116.3895511, 39.8989314 ], [ 116.3892485, 39.8989603 ], [ 116.3880202, 39.8990821 ], [ 116.3879412, 39.8990887 ], [ 116.3876169, 39.899119 ], [ 116.3872724, 39.8991423 ], [ 116.3868882, 39.8991649 ], [ 116.3865731, 39.8991706 ], [ 116.3859011, 39.8991603 ], [ 116.3857515, 39.8991365 ], [ 116.3855548, 39.8991053 ] ] } },
{ "type": "Feature", "properties": { "index": 104, "color": "#3b4cc0", "label": "Designated", "@osmId": "way/161809904" }, "geometry": { "type": "LineString", "coordinates": [ [ 116.3879951, 39.8989945 ], [ 116.3882928, 39.8989656 ] ] } },
{ "type": "Feature", "properties": { "index": 105, "color": "#3b4cc0", "label": "Designated", "@osmId": "way/128491121" }, "geometry": { "type": "LineString", "coordinates": [ [ 116.3876774, 39.8990188 ], [ 116.3879951, 39.8989945 ] ] } },
{ "type": "Feature", "properties": { "index": 106, "color": "#3b4cc0", "label": "Designated", "@osmId": "way/225934943" }, "geometry": { "type": "LineString", "coordinates": [ [ 116.3894062, 39.8990624 ], [ 116.3893942, 39.8989802 ] ] } },
{ "type": "Feature", "properties": { "index": 107, "color": "#3b4cc0", "label": "Designated", "@osmId": "way/161809906" }, "geometry": { "type": "LineString", "coordinates": [ [ 116.3880426, 39.899184 ], [ 116.3880202, 39.8990821 ], [ 116.3880082, 39.8990344 ], [ 116.3879951, 39.8989945 ] ] } },
{ "type": "Feature", "properties": { "index": 108, "color": "#c0d4f5", "label": "Shared with cars up to 15 km/h", "@osmId": "way/523787933" }, "geometry": { "type": "LineString", "coordinates": [ [ 116.3879319, 39.8994144 ], [ 116.3872602, 39.8993952 ], [ 116.3872647, 39.8993012 ], [ 116.3872724, 39.8991423 ], [ 116.3872744, 39.8991013 ] ] } },
{ "type": "Feature", "properties": { "index": 109, "color": "#c0d4f5", "label": "Shared with cars up to 15 km/h", "@osmId": "way/523787934" }, "geometry": { "type": "LineString", "coordinates": [ [ 116.3879426, 39.8990397 ], [ 116.3879412, 39.8990887 ], [ 116.3879354, 39.8992911 ], [ 116.3879319, 39.8994144 ], [ 116.3887946, 39.899429 ], [ 116.3887978, 39.8996097 ] ] } },
{ "type": "Feature", "properties": { "index": 110, "color": "#808080", "label": "Unknown", "@osmId": "way/1145602708" }, "geometry": { "type": "LineString", "coordinates": [ [ 116.3855622, 39.8989751 ], [ 116.3855703, 39.8989014 ] ] } },
{ "type": "Feature", "properties": { "index": 111, "color": "#808080", "label": "Unknown", "@osmId": "way/127844300" }, "geometry": { "type": "LineString", "coordinates": [ [ 116.389764, 39.8987761 ], [ 116.3895438, 39.8988863 ], [ 116.3887486, 39.8989659 ], [ 116.3880082, 39.8990344 ], [ 116.3879426, 39.8990397 ], [ 116.3873492, 39.8990941 ], [ 116.3872744, 39.8991013 ], [ 116.3866398, 39.8991285 ], [ 116.3857986, 39.8991105 ], [ 116.3857533, 39.8991095 ], [ 116.3855548, 39.8991053 ], [ 116.3836616, 39.8990451 ], [ 116.382236, 39.8990054 ], [ 116.3820039, 39.8990021 ], [ 116.3819354, 39.8990012 ], [ 116.3818667, 39.8990002 ], [ 116.3798544, 39.8989596 ], [ 116.378228, 39.8989268 ], [ 116.3781705, 39.8989256 ], [ 116.3780176, 39.8989215 ], [ 116.3778953, 39.8989191 ] ] } },
{ "type": "Feature", "properties": { "index": 112, "color": "#808080", "label": "Unknown", "@osmId": "way/1145602707" }, "geometry": { "type": "LineString", "coordinates": [ [ 116.3878045, 39.8989381 ], [ 116.3872483, 39.898984 ], [ 116.3867923, 39.8990026 ], [ 116.3858074, 39.8989806 ], [ 116.3857616, 39.8989796 ], [ 116.3855622, 39.8989751 ] ] } },
{ "type": "Feature", "properties": { "index": 113, "color": "#3b4cc0", "label": "Designated", "@osmId": "way/172803705" }, "geometry": { "type": "LineString", "coordinates": [ [ 116.3836635, 39.8990043 ], [ 116.3836616, 39.8990451 ], [ 116.383658, 39.8991193 ] ] } },
{ "type": "Feature", "properties": { "index": 114, "color": "#808080", "label": "Unknown", "@osmId": "way/161809903" }, "geometry": { "type": "LineString", "coordinates": [ [ 116.3867923, 39.8990026 ], [ 116.3866398, 39.8991285 ] ] } },
{ "type": "Feature", "properties": { "index": 115, "color": "#3b4cc0", "label": "Designated", "@osmId": "way/523787932" }, "geometry": { "type": "LineString", "coordinates": [ [ 116.3857457, 39.8992277 ], [ 116.3857515, 39.8991365 ], [ 116.3857533, 39.8991095 ], [ 116.3857616, 39.8989796 ], [ 116.3857662, 39.8989076 ] ] } },
{ "type": "Feature", "properties": { "index": 116, "color": "#3b4cc0", "label": "Designated", "@osmId": "way/1016760875" }, "geometry": { "type": "LineString", "coordinates": [ [ 116.3853335, 39.8992262 ], [ 116.3855489, 39.8992309 ], [ 116.3857241, 39.8992347 ] ] } },
{ "type": "Feature", "properties": { "index": 117, "color": "#c0d4f5", "label": "Shared with cars up to 15 km/h", "@osmId": "way/650146596" }, "geometry": { "type": "LineString", "coordinates": [ [ 116.3856839, 39.899905 ], [ 116.3857593, 39.8998265 ], [ 116.3857889, 39.8997749 ], [ 116.3857915, 39.8997332 ], [ 116.3858131, 39.8993907 ], [ 116.3860231, 39.8993948 ], [ 116.3860016, 39.8999897 ] ] } },
{ "type": "Feature", "properties": { "index": 118, "color": "#c0d4f5", "label": "Shared with cars up to 15 km/h", "@osmId": "way/477732112" }, "geometry": { "type": "LineString", "coordinates": [ [ 116.3855252, 39.8997315 ], [ 116.3857061, 39.8997339 ], [ 116.3857915, 39.8997332 ] ] } },
{ "type": "Feature", "properties": { "index": 119, "color": "#808080", "label": "Unknown", "@osmId": "way/161809912" }, "geometry": { "type": "LineString", "coordinates": [ [ 116.3855782, 39.9019869 ], [ 116.3854802, 39.9018827 ], [ 116.3854246, 39.901774 ], [ 116.3854246, 39.9017386 ], [ 116.3854253, 39.9014284 ], [ 116.385423, 39.9012345 ], [ 116.3854198, 39.9009546 ], [ 116.3854193, 39.9009123 ], [ 116.3854433, 39.9003962 ], [ 116.3854531, 39.900329 ], [ 116.3855252, 39.8997315 ], [ 116.3855489, 39.8992309 ], [ 116.3855548, 39.8991053 ], [ 116.3855622, 39.8989751 ] ] } },
{ "type": "Feature", "properties": { "index": 120, "color": "#3b4cc0", "label": "Designated", "@osmId": "way/477732150" }, "geometry": { "type": "LineString", "coordinates": [ [ 116.3895277, 39.8994436 ], [ 116.3895842, 39.8994439 ] ] } },
{ "type": "Feature", "properties": { "index": 121, "color": "#3b4cc0", "label": "Designated", "@osmId": "way/477732151" }, "geometry": { "type": "LineString", "coordinates": [ [ 116.389569, 39.8997297 ], [ 116.3895741, 39.8996041 ], [ 116.3895842, 39.8994439 ] ] } },
{ "type": "Feature", "properties": { "index": 122, "color": "#3b4cc0", "label": "Designated", "@osmId": "way/477732153" }, "geometry": { "type": "LineString", "coordinates": [ [ 116.3895741, 39.8996041 ], [ 116.3896839, 39.8996064 ] ] } },
{ "type": "Feature", "properties": { "index": 123, "color": "#c0d4f5", "label": "Shared with cars up to 15 km/h", "@osmId": "way/1030108833" }, "geometry": { "type": "LineString", "coordinates": [ [ 116.3872602, 39.8993952 ], [ 116.3865463, 39.8993693 ], [ 116.3865195, 39.8999539 ] ] } },
{ "type": "Feature", "properties": { "index": 124, "color": "#3b4cc0", "label": "Designated", "@osmId": "way/477732149" }, "geometry": { "type": "LineString", "coordinates": [ [ 116.3895114, 39.8997296 ], [ 116.389569, 39.8997297 ] ] } },
{ "type": "Feature", "properties": { "index": 125, "color": "#c0d4f5", "label": "Shared with cars up to 15 km/h", "@osmId": "way/650146594" }, "geometry": { "type": "LineString", "coordinates": [ [ 116.3886807, 39.9004845 ], [ 116.3886844, 39.9004257 ], [ 116.3886877, 39.9003722 ] ] } },
{ "type": "Feature", "properties": { "index": 126, "color": "#c0d4f5", "label": "Shared with cars up to 15 km/h", "@osmId": "way/650146594" }, "geometry": { "type": "LineString", "coordinates": [ [ 116.3886877, 39.9003722 ], [ 116.3887015, 39.9001496 ], [ 116.3887844, 39.8999688 ], [ 116.3887978, 39.8996097 ], [ 116.3889598, 39.8996132 ], [ 116.3889312, 39.9003776 ], [ 116.3886877, 39.9003722 ] ] } },
{ "type": "Feature", "properties": { "index": 127, "color": "#808080", "label": "Unknown", "@osmId": "way/30834547" }, "geometry": { "type": "LineString", "coordinates": [ [ 116.3854433, 39.9003962 ], [ 116.3855395, 39.9003992 ], [ 116.3880402, 39.9004767 ], [ 116.3886807, 39.9004845 ], [ 116.3894906, 39.9005163 ], [ 116.3896308, 39.9005226 ] ] } },
{ "type": "Feature", "properties": { "index": 128, "color": "#3b4cc0", "label": "Designated", "@osmId": "way/1370247666" }, "geometry": { "type": "LineString", "coordinates": [ [ 116.389481, 39.9005933 ], [ 116.3894906, 39.9005163 ], [ 116.3894968, 39.9004557 ] ] } },
{ "type": "Feature", "properties": { "index": 129, "color": "#808080", "label": "Unknown", "@osmId": "way/42675659" }, "geometry": { "type": "LineString", "coordinates": [ [ 116.3879786, 39.9014518 ], [ 116.3879912, 39.9013285 ], [ 116.3880402, 39.9004767 ] ] } },
{ "type": "Feature", "properties": { "index": 130, "color": "#3b4cc0", "label": "Designated", "@osmId": "way/1114981920" }, "geometry": { "type": "LineString", "coordinates": [ [ 116.387697, 39.9013326 ], [ 116.3878076, 39.9013353 ], [ 116.3878597, 39.9013347 ], [ 116.387885, 39.901328 ], [ 116.3879149, 39.9013097 ], [ 116.3879224, 39.9012846 ] ] } },
{ "type": "Feature", "properties": { "index": 131, "color": "#808080", "label": "Unknown", "@osmId": "way/172805320" }, "geometry": { "type": "LineString", "coordinates": [ [ 116.3855622, 39.8989751 ], [ 116.3834224, 39.89891 ], [ 116.3820097, 39.8988652 ], [ 116.3818894, 39.8988614 ], [ 116.3818619, 39.8988605 ], [ 116.3801806, 39.8988121 ], [ 116.3795595, 39.8987937 ], [ 116.3782361, 39.8987546 ], [ 116.3781806, 39.898753 ], [ 116.3780305, 39.8987479 ] ] } },
{ "type": "Feature", "properties": { "index": 132, "color": "#808080", "label": "Unknown", "@osmId": "way/199923869" }, "geometry": { "type": "LineString", "coordinates": [ [ 116.3801806, 39.8988121 ], [ 116.3798544, 39.8989596 ] ] } },
{ "type": "Feature", "properties": { "index": 133, "color": "#3b4cc0", "label": "Designated", "@osmId": "way/161811128" }, "geometry": { "type": "LineString", "coordinates": [ [ 116.3819701, 39.8990687 ], [ 116.3819354, 39.8990012 ], [ 116.3818867, 39.8989066 ], [ 116.3818894, 39.8988614 ], [ 116.381893, 39.8987995 ], [ 116.3818391, 39.8987967 ], [ 116.3818396, 39.8987839 ] ] } },
{ "type": "Feature", "properties": { "index": 134, "color": "#3b4cc0", "label": "Designated", "@osmId": "way/1016760876" }, "geometry": { "type": "LineString", "coordinates": [ [ 116.3817557, 39.8990614 ], [ 116.3818641, 39.8990651 ], [ 116.3819701, 39.8990687 ] ] } },
{ "type": "Feature", "properties": { "index": 135, "color": "#c0d4f5", "label": "Shared with cars up to 15 km/h", "@osmId": "way/984088920" }, "geometry": { "type": "LineString", "coordinates": [ [ 116.3818157, 39.8998235 ], [ 116.3779808, 39.8997141 ] ] } },
{ "type": "Feature", "properties": { "index": 136, "color": "#c0d4f5", "label": "Shared with cars up to 15 km/h", "@osmId": "way/30681499" }, "geometry": { "type": "LineString", "coordinates": [ [ 116.3779275, 39.9001156 ], [ 116.381798, 39.9002422 ] ] } },
{ "type": "Feature", "properties": { "index": 137, "color": "#808080", "label": "Unknown", "@osmId": "way/60266744" }, "geometry": { "type": "LineString", "coordinates": [ [ 116.3817558, 39.900629 ], [ 116.3822005, 39.9006785 ], [ 116.3826849, 39.9006431 ], [ 116.3842338, 39.900422 ], [ 116.3854433, 39.9003962 ] ] } },
{ "type": "Feature", "properties": { "index": 138, "color": "#c0d4f5", "label": "Shared with cars up to 15 km/h", "@osmId": "way/8365697" }, "geometry": { "type": "LineString", "coordinates": [ [ 116.3778884, 39.9005381 ], [ 116.3789102, 39.9005763 ], [ 116.3809192, 39.9006155 ], [ 116.3817558, 39.900629 ] ] } },
{ "type": "Feature", "properties": { "index": 139, "color": "#808080", "label": "Unknown", "@osmId": "way/4263918" }, "geometry": { "type": "LineString", "coordinates": [ [ 116.3818619, 39.8988605 ], [ 116.3818667, 39.8990002 ], [ 116.3818641, 39.8990651 ], [ 116.3818157, 39.8998235 ], [ 116.381798, 39.9002422 ], [ 116.3817558, 39.900629 ], [ 116.3817133, 39.9010691 ], [ 116.3816769, 39.9013079 ], [ 116.3816071, 39.901597 ], [ 116.3815725, 39.9018594 ], [ 116.3815897, 39.9022258 ], [ 116.3816138, 39.9024289 ] ] } },
{ "type": "Feature", "properties": { "index": 140, "color": "#c0d4f5", "label": "Shared with cars up to 15 km/h", "@osmId": "way/59185358" }, "geometry": { "type": "LineString", "coordinates": [ [ 116.3789102, 39.9005763 ], [ 116.3788981, 39.9008351 ], [ 116.3800064, 39.9008489 ], [ 116.3802409, 39.9008657 ], [ 116.38061, 39.90089 ], [ 116.3809389, 39.9009208 ], [ 116.381034, 39.9009328 ], [ 116.381159, 39.9009615 ], [ 116.3812934, 39.9009973 ], [ 116.3812899, 39.9010439 ], [ 116.3817133, 39.9010691 ] ] } },
{ "type": "Feature", "properties": { "index": 141, "color": "#3b4cc0", "label": "Designated", "@osmId": "way/523787941" }, "geometry": { "type": "LineString", "coordinates": [ [ 116.3852515, 39.9015324 ], [ 116.3852543, 39.9015098 ], [ 116.385259, 39.9014639 ], [ 116.3852632, 39.901423 ], [ 116.3852661, 39.9013882 ], [ 116.385279, 39.9012325 ], [ 116.385423, 39.9012345 ], [ 116.3855097, 39.9012407 ], [ 116.3855395, 39.9003992 ] ] } },
{ "type": "Feature", "properties": { "index": 142, "color": "#c0d4f5", "label": "Shared with cars up to 15 km/h", "@osmId": "way/523787957" }, "geometry": { "type": "LineString", "coordinates": [ [ 116.3838226, 39.9010822 ], [ 116.3843724, 39.9010617 ], [ 116.3846514, 39.9010267 ], [ 116.3849062, 39.9009897 ], [ 116.3852012, 39.9009711 ], [ 116.3854198, 39.9009546 ] ] } },
{ "type": "Feature", "properties": { "index": 143, "color": "#808080", "label": "Unknown", "@osmId": "way/30833834" }, "geometry": { "type": "LineString", "coordinates": [ [ 116.3854253, 39.9014284 ], [ 116.385259, 39.9014639 ], [ 116.3852221, 39.9014718 ], [ 116.3849906, 39.9014644 ], [ 116.3844689, 39.9014478 ], [ 116.3828407, 39.9014127 ], [ 116.3825781, 39.9013876 ], [ 116.3823436, 39.9013285 ] ] } },
{ "type": "Feature", "properties": { "index": 144, "color": "#3b4cc0", "label": "Designated", "@osmId": "way/1114981922" }, "geometry": { "type": "LineString", "coordinates": [ [ 116.3865864, 39.901642 ], [ 116.3865228, 39.901568 ], [ 116.3864524, 39.9014861 ] ] } },
{ "type": "Feature", "properties": { "index": 145, "color": "#c0d4f5", "label": "Shared with cars up to 15 km/h", "@osmId": "way/523787954" }, "geometry": { "type": "LineString", "coordinates": [ [ 116.3843036, 39.9019103 ], [ 116.3849528, 39.901489 ], [ 116.3849737, 39.9014754 ], [ 116.3849906, 39.9014644 ], [ 116.3850647, 39.9014163 ] ] } },
{ "type": "Feature", "properties": { "index": 146, "color": "#3b4cc0", "label": "Designated", "@osmId": "way/1114983304" }, "geometry": { "type": "LineString", "coordinates": [ [ 116.3858932, 39.9017407 ], [ 116.3854246, 39.9017386 ], [ 116.3853233, 39.9017318 ], [ 116.3852964, 39.901733 ] ] } },
{ "type": "Feature", "properties": { "index": 147, "color": "#3b4cc0", "label": "Designated", "@osmId": "way/1109718191" }, "geometry": { "type": "LineString", "coordinates": [ [ 116.3839438, 39.9021962 ], [ 116.3840337, 39.9019659 ], [ 116.3842227, 39.9016868 ], [ 116.3844355, 39.9014778 ] ] } },
{ "type": "Feature", "properties": { "index": 148, "color": "#3b4cc0", "label": "Designated", "@osmId": "way/1114981924" }, "geometry": { "type": "LineString", "coordinates": [ [ 116.3858879, 39.9020268 ], [ 116.3858902, 39.9018892 ], [ 116.3858932, 39.9017407 ] ] } },
{ "type": "Feature", "properties": { "index": 149, "color": "#3b4cc0", "label": "Designated", "@osmId": "way/951781318" }, "geometry": { "type": "LineString", "coordinates": [ [ 116.3844347, 39.9021048 ], [ 116.384416, 39.9020117 ], [ 116.3841974, 39.9020081 ], [ 116.384084, 39.901965 ], [ 116.3840337, 39.9019659 ] ] } },
{ "type": "Feature", "properties": { "index": 150, "color": "#3b4cc0", "label": "Designated", "@osmId": "way/1114981925" }, "geometry": { "type": "LineString", "coordinates": [ [ 116.3857618, 39.9021707 ], [ 116.3858101, 39.9021152 ], [ 116.3858879, 39.9020268 ] ] } },
{ "type": "Feature", "properties": { "index": 151, "color": "#808080", "label": "Unknown", "@osmId": "way/984088921" }, "geometry": { "type": "LineString", "coordinates": [ [ 116.3826849, 39.9006431 ], [ 116.3827292, 39.9007403 ], [ 116.3827903, 39.9012903 ], [ 116.3827868, 39.9013446 ] ] } },
{ "type": "Feature", "properties": { "index": 152, "color": "#c0d4f5", "label": "Shared with cars up to 15 km/h", "@osmId": "way/30833889" }, "geometry": { "type": "LineString", "coordinates": [ [ 116.3800064, 39.9008489 ], [ 116.3799678, 39.9017523 ] ] } },
{ "type": "Feature", "properties": { "index": 153, "color": "#c0d4f5", "label": "Shared with cars up to 15 km/h", "@osmId": "way/42710231" }, "geometry": { "type": "LineString", "coordinates": [ [ 116.380882, 39.9017448 ], [ 116.3809167, 39.9010968 ], [ 116.3809257, 39.9010088 ], [ 116.3809389, 39.9009208 ] ] } },
{ "type": "Feature", "properties": { "index": 154, "color": "#808080", "label": "Unknown", "@osmId": "way/161809909" }, "geometry": { "type": "LineString", "coordinates": [ [ 116.3816769, 39.9013079 ], [ 116.3819234, 39.9012677 ], [ 116.3827903, 39.9012903 ], [ 116.3852253, 39.9013779 ], [ 116.3852661, 39.9013882 ], [ 116.3854253, 39.9014284 ] ] } },
{ "type": "Feature", "properties": { "index": 155, "color": "#808080", "label": "Unknown", "@osmId": "way/161809907" }, "geometry": { "type": "LineString", "coordinates": [ [ 116.3854253, 39.9014284 ], [ 116.3852632, 39.901423 ], [ 116.3850647, 39.9014163 ], [ 116.384509, 39.9013977 ], [ 116.3827868, 39.9013446 ], [ 116.3823436, 39.9013285 ], [ 116.3821465, 39.9013234 ], [ 116.3816769, 39.9013079 ] ] } },
{ "type": "Feature", "properties": { "index": 156, "color": "#c0d4f5", "label": "Shared with cars up to 15 km/h", "@osmId": "way/523787955" }, "geometry": { "type": "LineString", "coordinates": [ [ 116.3828838, 39.9018847 ], [ 116.3822593, 39.9014093 ], [ 116.3822404, 39.9013949 ], [ 116.3821465, 39.9013234 ] ] } },
{ "type": "Feature", "properties": { "index": 157, "color": "#3b4cc0", "label": "Designated", "@osmId": "way/1109718190" }, "geometry": { "type": "LineString", "coordinates": [ [ 116.3832223, 39.9021982 ], [ 116.3832115, 39.9020407 ], [ 116.3831519, 39.9019257 ], [ 116.3830855, 39.9017752 ], [ 116.3828184, 39.9014366 ] ] } },
{ "type": "Feature", "properties": { "index": 158, "color": "#3b4cc0", "label": "Designated", "@osmId": "way/724545153" }, "geometry": { "type": "LineString", "coordinates": [ [ 116.3822639, 39.9022473 ], [ 116.3822125, 39.9022592 ], [ 116.3821723, 39.9022653 ], [ 116.3821294, 39.9022674 ], [ 116.3820663, 39.9022684 ], [ 116.3820274, 39.9022643 ], [ 116.3819926, 39.902255 ], [ 116.3819751, 39.9022396 ], [ 116.381959, 39.9022221 ], [ 116.3819456, 39.9022036 ], [ 116.3819349, 39.9021748 ], [ 116.3819282, 39.902146 ], [ 116.3819282, 39.902112 ], [ 116.381947, 39.902075 ], [ 116.3819724, 39.9020534 ], [ 116.382002, 39.9020369 ], [ 116.3820355, 39.9020205 ], [ 116.3820704, 39.902002 ], [ 116.3820851, 39.9019793 ], [ 116.3820878, 39.9019485 ], [ 116.3820891, 39.9019258 ], [ 116.3820999, 39.9019052 ], [ 116.3821173, 39.9018857 ], [ 116.3821387, 39.9018764 ], [ 116.382179, 39.9018631 ], [ 116.3822273, 39.9018579 ], [ 116.3822675, 39.90186 ], [ 116.3823117, 39.9018723 ], [ 116.3823453, 39.9018919 ], [ 116.3823614, 39.9019114 ], [ 116.3823734, 39.9019402 ], [ 116.3823748, 39.901969 ], [ 116.3823694, 39.9020215 ] ] } },
{ "type": "Feature", "properties": { "index": 159, "color": "#3b4cc0", "label": "Designated", "@osmId": "way/724545145" }, "geometry": { "type": "LineString", "coordinates": [ [ 116.3822924, 39.9024346 ], [ 116.3822689, 39.9024115 ], [ 116.3822709, 39.9023776 ], [ 116.3822673, 39.9023535 ], [ 116.3822648, 39.9023363 ], [ 116.3822608, 39.9023127 ], [ 116.3822608, 39.9022633 ], [ 116.3822639, 39.9022473 ], [ 116.3822729, 39.9022015 ], [ 116.3822916, 39.9021316 ], [ 116.3823278, 39.9020688 ], [ 116.3823694, 39.9020215 ], [ 116.3824137, 39.9019865 ], [ 116.3824687, 39.9019577 ], [ 116.3825277, 39.9019413 ], [ 116.3826041, 39.9019289 ], [ 116.3826738, 39.9019299 ], [ 116.382757, 39.9019413 ], [ 116.382867, 39.9019557 ], [ 116.3829474, 39.9019659 ], [ 116.3830038, 39.9019701 ], [ 116.383044, 39.9019629 ], [ 116.3830923, 39.9019515 ], [ 116.3831324, 39.9019342 ], [ 116.3831519, 39.9019257 ] ] } },
{ "type": "Feature", "properties": { "index": 160, "color": "#3b4cc0", "label": "Designated", "@osmId": "way/951781317" }, "geometry": { "type": "LineString", "coordinates": [ [ 116.3835834, 39.9022162 ], [ 116.3835844, 39.9021972 ] ] } },
{ "type": "Feature", "properties": { "index": 161, "color": "#3b4cc0", "label": "Designated", "@osmId": "way/1114981921" }, "geometry": { "type": "LineString", "coordinates": [ [ 116.3881665, 39.9012824 ], [ 116.3881618, 39.9013161 ], [ 116.3881785, 39.9013293 ], [ 116.388194, 39.9013351 ], [ 116.3882097, 39.9013358 ], [ 116.3882712, 39.9013384 ] ] } },
{ "type": "Feature", "properties": { "index": 162, "color": "#3b4cc0", "label": "Designated", "@osmId": "way/1114981919" }, "geometry": { "type": "LineString", "coordinates": [ [ 116.387885, 39.901328 ], [ 116.3879912, 39.9013285 ], [ 116.3881785, 39.9013293 ] ] } },
{ "type": "Feature", "properties": { "index": 163, "color": "#3b4cc0", "label": "Designated", "@osmId": "way/687831272" }, "geometry": { "type": "LineString", "coordinates": [ [ 116.3877842, 39.9015658 ], [ 116.3877856, 39.9015523 ], [ 116.3877961, 39.9014482 ], [ 116.3878076, 39.9013353 ] ] } },
{ "type": "Feature", "properties": { "index": 164, "color": "#3b4cc0", "label": "Designated", "@osmId": "way/1114981918" }, "geometry": { "type": "LineString", "coordinates": [ [ 116.3882097, 39.9013358 ], [ 116.3882009, 39.9014591 ], [ 116.3881934, 39.9015642 ], [ 116.3881925, 39.9015768 ] ] } },
{ "type": "Feature", "properties": { "index": 165, "color": "#3b4cc0", "label": "Designated", "@osmId": "way/637921543" }, "geometry": { "type": "LineString", "coordinates": [ [ 116.3893935, 39.9016172 ], [ 116.3894013, 39.9014984 ], [ 116.3894077, 39.9014015 ], [ 116.3894095, 39.9013589 ] ] } },
{ "type": "Feature", "properties": { "index": 166, "color": "#3b4cc0", "label": "Designated", "@osmId": "way/1085800762" }, "geometry": { "type": "LineString", "coordinates": [ [ 116.3893586, 39.9016522 ], [ 116.3893684, 39.9016423 ], [ 116.3893935, 39.9016172 ] ] } },
{ "type": "Feature", "properties": { "index": 167, "color": "#808080", "label": "Unknown", "@osmId": "way/8365687" }, "geometry": { "type": "LineString", "coordinates": [ [ 116.3855782, 39.9019869 ], [ 116.3857511, 39.9019465 ], [ 116.3858902, 39.9018892 ], [ 116.3862835, 39.9016947 ], [ 116.3865228, 39.901568 ], [ 116.3865423, 39.9015576 ], [ 116.3867186, 39.9014882 ], [ 116.3868883, 39.9014526 ], [ 116.3871101, 39.9014347 ], [ 116.3877961, 39.9014482 ], [ 116.3879786, 39.9014518 ], [ 116.3882009, 39.9014591 ], [ 116.3894013, 39.9014984 ], [ 116.3895799, 39.9015045 ] ] } },
{ "type": "Feature", "properties": { "index": 168, "color": "#3b4cc0", "label": "Designated", "@osmId": "way/637922396" }, "geometry": { "type": "LineString", "coordinates": [ [ 116.3894429, 39.9017331 ], [ 116.3894173, 39.9017327 ], [ 116.3893426, 39.9017337 ], [ 116.3892525, 39.901735 ] ] } },
{ "type": "Feature", "properties": { "index": 169, "color": "#3b4cc0", "label": "Designated", "@osmId": "way/225934843" }, "geometry": { "type": "LineString", "coordinates": [ [ 116.3895678, 39.9017374 ], [ 116.3894429, 39.9017331 ] ] } },
{ "type": "Feature", "properties": { "index": 170, "color": "#3b4cc0", "label": "Designated", "@osmId": "way/687808799" }, "geometry": { "type": "LineString", "coordinates": [ [ 116.3886432, 39.901943 ], [ 116.3887048, 39.9019451 ], [ 116.3887353, 39.9019461 ], [ 116.3888759, 39.9019509 ], [ 116.3890855, 39.901958 ], [ 116.3891191, 39.9019592 ], [ 116.3891819, 39.9019613 ], [ 116.3892428, 39.901963 ], [ 116.3893334, 39.9019631 ] ] } },
{ "type": "Feature", "properties": { "index": 171, "color": "#3b4cc0", "label": "Designated", "@osmId": "way/951781316" }, "geometry": { "type": "LineString", "coordinates": [ [ 116.383167, 39.9023156 ], [ 116.3832223, 39.9021982 ], [ 116.3835844, 39.9021972 ], [ 116.3839438, 39.9021962 ], [ 116.384053, 39.9023387 ] ] } },
{ "type": "Feature", "properties": { "index": 172, "color": "#3b4cc0", "label": "Designated", "@osmId": "way/951781319" }, "geometry": { "type": "LineString", "coordinates": [ [ 116.3826819, 39.9022694 ], [ 116.3826876, 39.9023087 ], [ 116.3826912, 39.9023449 ] ] } },
{ "type": "Feature", "properties": { "index": 173, "color": "#3b4cc0", "label": "Designated", "@osmId": "way/1114983305" }, "geometry": { "type": "LineString", "coordinates": [ [ 116.3853903, 39.9021654 ], [ 116.3853867, 39.9021355 ], [ 116.3853733, 39.9021125 ], [ 116.3853477, 39.9020885 ], [ 116.3853176, 39.9020646 ], [ 116.3852976, 39.9020373 ], [ 116.3852875, 39.9020014 ], [ 116.3852831, 39.9019698 ], [ 116.3852964, 39.901733 ], [ 116.3853011, 39.9016028 ], [ 116.3852896, 39.9015668 ], [ 116.3852515, 39.9015324 ], [ 116.3852163, 39.9015178 ], [ 116.3851628, 39.9015024 ], [ 116.3850681, 39.9014939 ], [ 116.3849528, 39.901489 ], [ 116.3847964, 39.9014853 ], [ 116.3844355, 39.9014778 ], [ 116.38397, 39.9014682 ], [ 116.3839065, 39.9014836 ], [ 116.3838085, 39.9015221 ], [ 116.383441, 39.9015204 ], [ 116.3833797, 39.9014768 ], [ 116.3833296, 39.901458 ], [ 116.383265, 39.9014503 ], [ 116.3831692, 39.9014452 ], [ 116.3828184, 39.9014366 ], [ 116.3826335, 39.9014221 ], [ 116.3822593, 39.9014093 ], [ 116.3818784, 39.9014033 ], [ 116.3818182, 39.9014153 ], [ 116.3817804, 39.9014366 ], [ 116.3817536, 39.9014614 ], [ 116.3817436, 39.9014913 ], [ 116.3816968, 39.9018698 ], [ 116.3816946, 39.9020014 ], [ 116.3816979, 39.9020672 ], [ 116.3817336, 39.9023662 ], [ 116.3818621, 39.9033026 ] ] } },
{ "type": "Feature", "properties": { "index": 174, "color": "#3b4cc0", "label": "Designated", "@osmId": "way/1109718189" }, "geometry": { "type": "LineString", "coordinates": [ [ 116.3822219, 39.9024786 ], [ 116.3820877, 39.9024049 ], [ 116.3818329, 39.9023575 ], [ 116.3817336, 39.9023662 ], [ 116.3817103, 39.9023683 ] ] } },
{ "type": "Feature", "properties": { "index": 175, "color": "#c0d4f5", "label": "Shared with cars up to 15 km/h", "@osmId": "way/30833852" }, "geometry": { "type": "LineString", "coordinates": [ [ 116.3777412, 39.9029459 ], [ 116.3778421, 39.902968 ], [ 116.3779332, 39.9029784 ], [ 116.3785086, 39.9029809 ], [ 116.3794549, 39.9029622 ], [ 116.3809818, 39.9029542 ], [ 116.3816758, 39.9029476 ] ] } },
{ "type": "Feature", "properties": { "index": 176, "color": "#3b4cc0", "label": "Designated", "@osmId": "way/1109718188" }, "geometry": { "type": "LineString", "coordinates": [ [ 116.3820027, 39.9032917 ], [ 116.3818621, 39.9033026 ], [ 116.3818409, 39.9033043 ] ] } },
{ "type": "Feature", "properties": { "index": 177, "color": "#c0d4f5", "label": "Shared with cars up to 15 km/h", "@osmId": "way/59185369" }, "geometry": { "type": "LineString", "coordinates": [ [ 116.3809651, 39.9039617 ], [ 116.3809818, 39.9029542 ] ] } },
{ "type": "Feature", "properties": { "index": 178, "color": "#c0d4f5", "label": "Shared with cars up to 15 km/h", "@osmId": "way/59185384" }, "geometry": { "type": "LineString", "coordinates": [ [ 116.3818285, 39.9039956 ], [ 116.3814785, 39.9040067 ], [ 116.3809651, 39.9039617 ], [ 116.3807014, 39.9039695 ], [ 116.3804671, 39.9039444 ], [ 116.3800637, 39.9038863 ], [ 116.3795037, 39.9038658 ], [ 116.3794849, 39.903469 ], [ 116.3794549, 39.9029622 ] ] } },
{ "type": "Feature", "properties": { "index": 179, "color": "#3b4cc0", "label": "Designated", "@osmId": "way/951781320" }, "geometry": { "type": "LineString", "coordinates": [ [ 116.3826872, 39.904787 ], [ 116.3830117, 39.904859 ], [ 116.3831874, 39.9048715 ], [ 116.3833873, 39.9048858 ], [ 116.3837991, 39.9048875 ], [ 116.3838687, 39.9048878 ], [ 116.3842469, 39.9048343 ], [ 116.3843086, 39.9048158 ], [ 116.3846318, 39.904749 ], [ 116.3847737, 39.9046954 ], [ 116.3848774, 39.9045054 ], [ 116.3850012, 39.904063 ], [ 116.3850733, 39.9034548 ], [ 116.3850782, 39.9033753 ], [ 116.3850868, 39.9032337 ], [ 116.3850643, 39.9029849 ], [ 116.3850238, 39.9027654 ], [ 116.3849449, 39.9025978 ], [ 116.3849059, 39.9025521 ], [ 116.3848509, 39.9024877 ], [ 116.3847647, 39.9024475 ], [ 116.384053, 39.9023387 ], [ 116.3836926, 39.9023127 ], [ 116.3833165, 39.9023127 ], [ 116.383167, 39.9023156 ], [ 116.3830417, 39.9023179 ], [ 116.3826912, 39.9023449 ], [ 116.382571, 39.9023542 ], [ 116.3823547, 39.9023957 ], [ 116.3822924, 39.9024346 ], [ 116.3822219, 39.9024786 ], [ 116.382125, 39.902679 ], [ 116.3820349, 39.9029244 ], [ 116.3820034, 39.9032492 ], [ 116.3820027, 39.9032917 ], [ 116.3819966, 39.9036518 ], [ 116.3820574, 39.9042064 ], [ 116.3821002, 39.9044138 ], [ 116.3821723, 39.9045468 ], [ 116.382235, 39.9046083 ], [ 116.3822691, 39.9046418 ], [ 116.3826872, 39.904787 ] ] } },
{ "type": "Feature", "properties": { "index": 180, "color": "#3b4cc0", "label": "Designated", "@osmId": "way/687830161" }, "geometry": { "type": "LineString", "coordinates": [ [ 116.3888759, 39.9019509 ], [ 116.3888728, 39.9020167 ], [ 116.3889218, 39.9020177 ], [ 116.3889211, 39.9020486 ], [ 116.3889989, 39.9020496 ], [ 116.3890163, 39.9020339 ], [ 116.3890271, 39.9020262 ], [ 116.3890472, 39.9020221 ], [ 116.3890826, 39.9020233 ] ] } },
{ "type": "Feature", "properties": { "index": 181, "color": "#3b4cc0", "label": "Designated", "@osmId": "way/687808793" }, "geometry": { "type": "LineString", "coordinates": [ [ 116.3890855, 39.901958 ], [ 116.3890826, 39.9020233 ], [ 116.3890434, 39.9029042 ], [ 116.3886894, 39.902891 ], [ 116.3886907, 39.9028652 ], [ 116.3887353, 39.9019461 ], [ 116.3887417, 39.901786 ], [ 116.3890354, 39.9017952 ], [ 116.3890341, 39.9018621 ] ] } },
{ "type": "Feature", "properties": { "index": 182, "color": "#3b4cc0", "label": "Designated", "@osmId": "way/687808795" }, "geometry": { "type": "LineString", "coordinates": [ [ 116.3886033, 39.9029252 ], [ 116.3886907, 39.9028652 ] ] } },
{ "type": "Feature", "properties": { "index": 183, "color": "#3b4cc0", "label": "Designated", "@osmId": "way/687808796" }, "geometry": { "type": "LineString", "coordinates": [ [ 116.3885819, 39.9029245 ], [ 116.3886033, 39.9029252 ], [ 116.3891219, 39.9029411 ], [ 116.389204, 39.9029437 ], [ 116.3892873, 39.9029458 ] ] } },
{ "type": "Feature", "properties": { "index": 184, "color": "#3b4cc0", "label": "Designated", "@osmId": "way/687811214" }, "geometry": { "type": "LineString", "coordinates": [ [ 116.3885638, 39.9032135 ], [ 116.3887495, 39.9032192 ], [ 116.3889416, 39.903225 ], [ 116.3891921, 39.9032327 ] ] } },
{ "type": "Feature", "properties": { "index": 185, "color": "#3b4cc0", "label": "Designated", "@osmId": "way/687816826" }, "geometry": { "type": "LineString", "coordinates": [ [ 116.3887218, 39.9037928 ], [ 116.3887357, 39.9035032 ], [ 116.3887495, 39.9032192 ] ] } },
{ "type": "Feature", "properties": { "index": 186, "color": "#3b4cc0", "label": "Designated", "@osmId": "way/687811216" }, "geometry": { "type": "LineString", "coordinates": [ [ 116.3885461, 39.9034975 ], [ 116.3887357, 39.9035032 ], [ 116.3889282, 39.903509 ], [ 116.3891803, 39.9035167 ] ] } },
{ "type": "Feature", "properties": { "index": 187, "color": "#3b4cc0", "label": "Designated", "@osmId": "way/687816825" }, "geometry": { "type": "LineString", "coordinates": [ [ 116.3889146, 39.9037992 ], [ 116.3889282, 39.903509 ], [ 116.3889416, 39.903225 ] ] } },
{ "type": "Feature", "properties": { "index": 188, "color": "#3b4cc0", "label": "Designated", "@osmId": "way/478109326" }, "geometry": { "type": "LineString", "coordinates": [ [ 116.386523, 39.901666 ], [ 116.3884465, 39.9017116 ], [ 116.3886574, 39.9017166 ], [ 116.3891959, 39.9017336 ], [ 116.3892525, 39.901735 ], [ 116.3892428, 39.901963 ], [ 116.389204, 39.9029437 ], [ 116.3891921, 39.9032327 ], [ 116.3891803, 39.9035167 ], [ 116.3891769, 39.9035984 ], [ 116.3891682, 39.9038077 ], [ 116.3891602, 39.9038847 ], [ 116.3890816, 39.9040426 ], [ 116.3890809, 39.9040576 ], [ 116.3890335, 39.90507 ], [ 116.3890159, 39.9054449 ] ] } },
{ "type": "Feature", "properties": { "index": 189, "color": "#3b4cc0", "label": "Designated", "@osmId": "way/687801380" }, "geometry": { "type": "LineString", "coordinates": [ [ 116.3886574, 39.9017166 ], [ 116.3886432, 39.901943 ], [ 116.3885819, 39.9029245 ], [ 116.3885675, 39.9031548 ], [ 116.3885638, 39.9032135 ], [ 116.3885461, 39.9034975 ], [ 116.3885281, 39.9037863 ], [ 116.3885233, 39.9038627 ], [ 116.3885121, 39.9040421 ], [ 116.3885023, 39.9042324 ], [ 116.3884861, 39.9045492 ], [ 116.3884757, 39.9047529 ], [ 116.3884636, 39.9049897 ], [ 116.3884604, 39.9050523 ], [ 116.3884423, 39.9054071 ], [ 116.3884411, 39.9054282 ] ] } },
{ "type": "Feature", "properties": { "index": 190, "color": "#3b4cc0", "label": "Designated", "@osmId": "way/687801381" }, "geometry": { "type": "LineString", "coordinates": [ [ 116.3893426, 39.9017337 ], [ 116.3893334, 39.9019631 ], [ 116.3892873, 39.9029458 ], [ 116.3892599, 39.9036001 ], [ 116.3892498, 39.9038108 ], [ 116.3891575, 39.9054505 ], [ 116.3890159, 39.9054449 ], [ 116.3889845, 39.905444 ], [ 116.3889273, 39.9054423 ], [ 116.3884411, 39.9054282 ], [ 116.3881547, 39.9054199 ], [ 116.3880827, 39.9054178 ], [ 116.3867838, 39.9053801 ], [ 116.3866709, 39.9053768 ], [ 116.3865496, 39.9053733 ], [ 116.3858234, 39.9053522 ], [ 116.3857377, 39.9053497 ], [ 116.3857564, 39.9049567 ], [ 116.3857868, 39.9043048 ], [ 116.3858331, 39.9033047 ], [ 116.3858713, 39.9024898 ], [ 116.3858879, 39.9021337 ], [ 116.3858879, 39.9020268 ] ] } },
{ "type": "Feature", "properties": { "index": 191, "color": "#3b4cc0", "label": "Designated", "@osmId": "way/637467824" }, "geometry": { "type": "LineString", "coordinates": [ [ 116.3894717, 39.9036073 ], [ 116.3894143, 39.903605 ], [ 116.3893697, 39.9036022 ], [ 116.3892599, 39.9036001 ], [ 116.3891769, 39.9035984 ] ] } },
{ "type": "Feature", "properties": { "index": 192, "color": "#3b4cc0", "label": "Designated", "@osmId": "way/523787938" }, "geometry": { "type": "LineString", "coordinates": [ [ 116.3858879, 39.9020268 ], [ 116.3859339, 39.9019952 ], [ 116.3860944, 39.9018847 ], [ 116.386523, 39.901666 ], [ 116.3865864, 39.901642 ], [ 116.386663, 39.9016131 ], [ 116.3867918, 39.9015761 ], [ 116.3869055, 39.9015529 ], [ 116.3869634, 39.9015411 ], [ 116.3870019, 39.9015435 ], [ 116.3870626, 39.9015473 ], [ 116.3877842, 39.9015658 ], [ 116.3881925, 39.9015768 ], [ 116.3884842, 39.9015883 ], [ 116.3892594, 39.9016193 ], [ 116.3893586, 39.9016522 ], [ 116.3894173, 39.9017327 ], [ 116.3894525, 39.9017983 ], [ 116.3894525, 39.9019856 ], [ 116.3893916, 39.9031735 ], [ 116.3893697, 39.9036022 ], [ 116.3893522, 39.9039437 ], [ 116.3892728, 39.9054958 ], [ 116.3892547, 39.9055561 ], [ 116.3892487, 39.905576 ], [ 116.3891923, 39.9056234 ], [ 116.389132, 39.9056645 ], [ 116.3890783, 39.9056779 ], [ 116.3889858, 39.9056913 ], [ 116.3889094, 39.9056888 ], [ 116.3887589, 39.9056839 ], [ 116.3882454, 39.9056671 ], [ 116.3881441, 39.9056638 ], [ 116.3880684, 39.9056613 ], [ 116.3867708, 39.9056191 ], [ 116.3866594, 39.9056155 ], [ 116.3865302, 39.9056113 ], [ 116.3856992, 39.905569 ] ] } },
{ "type": "Feature", "properties": { "index": 193, "color": "#3b4cc0", "label": "Designated", "@osmId": "way/687811215" }, "geometry": { "type": "LineString", "coordinates": [ [ 116.3885281, 39.9037863 ], [ 116.3887218, 39.9037928 ], [ 116.3889146, 39.9037992 ], [ 116.3891682, 39.9038077 ], [ 116.3892498, 39.9038108 ] ] } },
{ "type": "Feature", "properties": { "index": 194, "color": "#3b4cc0", "label": "Designated", "@osmId": "way/687801348" }, "geometry": { "type": "LineString", "coordinates": [ [ 116.3885121, 39.9040421 ], [ 116.3890653, 39.9040572 ], [ 116.3890809, 39.9040576 ] ] } },
{ "type": "Feature", "properties": { "index": 195, "color": "#3b4cc0", "label": "Designated", "@osmId": "way/687801350" }, "geometry": { "type": "LineString", "coordinates": [ [ 116.3888991, 39.9042263 ], [ 116.3889593, 39.9042284 ] ] } },
{ "type": "Feature", "properties": { "index": 196, "color": "#3b4cc0", "label": "Designated", "@osmId": "way/687801356" }, "geometry": { "type": "LineString", "coordinates": [ [ 116.3886405, 39.9042356 ], [ 116.3885023, 39.9042324 ] ] } },
{ "type": "Feature", "properties": { "index": 197, "color": "#3b4cc0", "label": "Designated", "@osmId": "way/687801352" }, "geometry": { "type": "LineString", "coordinates": [ [ 116.3888792, 39.9047252 ], [ 116.3889416, 39.9046471 ], [ 116.3889454, 39.9045556 ], [ 116.3889593, 39.9042284 ], [ 116.388963, 39.9041409 ], [ 116.388904, 39.9041028 ] ] } },
{ "type": "Feature", "properties": { "index": 198, "color": "#3b4cc0", "label": "Designated", "@osmId": "way/687801357" }, "geometry": { "type": "LineString", "coordinates": [ [ 116.3886207, 39.904812 ], [ 116.3886297, 39.9045506 ], [ 116.3886405, 39.9042356 ], [ 116.3886445, 39.9041234 ], [ 116.3886948, 39.9040972 ], [ 116.388904, 39.9041028 ], [ 116.3888991, 39.9042263 ], [ 116.3888861, 39.9045533 ], [ 116.3888792, 39.9047252 ], [ 116.3888758, 39.9048147 ] ] } },
{ "type": "Feature", "properties": { "index": 199, "color": "#3b4cc0", "label": "Designated", "@osmId": "way/687801819" }, "geometry": { "type": "LineString", "coordinates": [ [ 116.3886297, 39.9045506 ], [ 116.3884861, 39.9045492 ] ] } },
{ "type": "Feature", "properties": { "index": 200, "color": "#3b4cc0", "label": "Designated", "@osmId": "way/114674237" }, "geometry": { "type": "LineString", "coordinates": [ [ 116.3681232, 39.8983597 ], [ 116.3687827, 39.8983768 ] ] } },
{ "type": "Feature", "properties": { "index": 201, "color": "#808080", "label": "Unknown", "@osmId": "way/154860681" }, "geometry": { "type": "LineString", "coordinates": [ [ 116.3682239, 39.8983546 ], [ 116.3682129, 39.8984274 ] ] } },
{ "type": "Feature", "properties": { "index": 202, "color": "#808080", "label": "Unknown", "@osmId": "way/184540647" }, "geometry": { "type": "LineString", "coordinates": [ [ 116.3684409, 39.8983614 ], [ 116.3684267, 39.8984413 ] ] } },
{ "type": "Feature", "properties": { "index": 203, "color": "#808080", "label": "Unknown", "@osmId": "way/184540648" }, "geometry": { "type": "LineString", "coordinates": [ [ 116.3684267, 39.8984413 ], [ 116.3682966, 39.8984328 ], [ 116.3682129, 39.8984274 ] ] } },
{ "type": "Feature", "properties": { "index": 204, "color": "#3b4cc0", "label": "Designated", "@osmId": "way/114674234" }, "geometry": { "type": "LineString", "coordinates": [ [ 116.3687784, 39.8984501 ], [ 116.3681191, 39.8984339 ] ] } },
{ "type": "Feature", "properties": { "index": 205, "color": "#808080", "label": "Unknown", "@osmId": "way/225935790" }, "geometry": { "type": "LineString", "coordinates": [ [ 116.3706719, 39.8985252 ], [ 116.3699824, 39.8985081 ], [ 116.3685399, 39.8984455 ], [ 116.3684267, 39.8984413 ] ] } },
{ "type": "Feature", "properties": { "index": 206, "color": "#808080", "label": "Unknown", "@osmId": "way/144919565" }, "geometry": { "type": "LineString", "coordinates": [ [ 116.3683972, 39.8986596 ], [ 116.3682862, 39.8986489 ], [ 116.3681978, 39.8986404 ] ] } },
{ "type": "Feature", "properties": { "index": 207, "color": "#808080", "label": "Unknown", "@osmId": "way/225935791" }, "geometry": { "type": "LineString", "coordinates": [ [ 116.3706657, 39.8986532 ], [ 116.3692852, 39.8986758 ], [ 116.368517, 39.8986618 ], [ 116.3683972, 39.8986596 ] ] } },
{ "type": "Feature", "properties": { "index": 208, "color": "#3b4cc0", "label": "Designated", "@osmId": "way/919756672" }, "geometry": { "type": "LineString", "coordinates": [ [ 116.3683537, 39.9004136 ], [ 116.3683499, 39.9004997 ], [ 116.3683468, 39.9006042 ] ] } },
{ "type": "Feature", "properties": { "index": 209, "color": "#808080", "label": "Unknown", "@osmId": "way/42710237" }, "geometry": { "type": "LineString", "coordinates": [ [ 116.3682716, 39.9004984 ], [ 116.3683499, 39.9004997 ], [ 116.369853, 39.9005233 ] ] } },
{ "type": "Feature", "properties": { "index": 210, "color": "#808080", "label": "Unknown", "@osmId": "way/225935788" }, "geometry": { "type": "LineString", "coordinates": [ [ 116.3706719, 39.8985252 ], [ 116.3706657, 39.8986532 ] ] } },
{ "type": "Feature", "properties": { "index": 211, "color": "#3b4cc0", "label": "Designated", "@osmId": "way/919756673" }, "geometry": { "type": "LineString", "coordinates": [ [ 116.3683537, 39.9004136 ], [ 116.3718662, 39.9004582 ], [ 116.3719067, 39.9004564 ], [ 116.3719418, 39.9004439 ] ] } },
{ "type": "Feature", "properties": { "index": 212, "color": "#808080", "label": "Unknown", "@osmId": "way/225932292" }, "geometry": { "type": "LineString", "coordinates": [ [ 116.369853, 39.9005233 ], [ 116.3719384, 39.9005426 ], [ 116.3720725, 39.9005392 ] ] } },
{ "type": "Feature", "properties": { "index": 213, "color": "#c0d4f5", "label": "Shared with cars up to 15 km/h", "@osmId": "way/1425097543" }, "geometry": { "type": "LineString", "coordinates": [ [ 116.370945, 39.9012811 ], [ 116.3716277, 39.9012864 ], [ 116.3716313, 39.9011403 ], [ 116.3716373, 39.9008929 ], [ 116.3709005, 39.9008887 ] ] } },
{ "type": "Feature", "properties": { "index": 214, "color": "#c0d4f5", "label": "Shared with cars up to 15 km/h", "@osmId": "way/1425097542" }, "geometry": { "type": "LineString", "coordinates": [ [ 116.3716313, 39.9011403 ], [ 116.3719042, 39.901143 ], [ 116.3719125, 39.9011431 ], [ 116.372047, 39.9011444 ] ] } },
{ "type": "Feature", "properties": { "index": 215, "color": "#c0d4f5", "label": "Shared with cars up to 15 km/h", "@osmId": "way/1425097544" }, "geometry": { "type": "LineString", "coordinates": [ [ 116.3708747, 39.9006901 ], [ 116.3709005, 39.9008887 ], [ 116.370945, 39.9012811 ], [ 116.3708335, 39.9014561 ], [ 116.3708295, 39.9016034 ] ] } },
{ "type": "Feature", "properties": { "index": 216, "color": "#808080", "label": "Unknown", "@osmId": "way/59185350" }, "geometry": { "type": "LineString", "coordinates": [ [ 116.3701776, 39.9027771 ], [ 116.3701766, 39.9026683 ], [ 116.3701765, 39.902632 ], [ 116.3701761, 39.9022479 ], [ 116.3701618, 39.9021219 ], [ 116.3701342, 39.9020345 ], [ 116.3700834, 39.9019511 ], [ 116.3699938, 39.9018025 ], [ 116.369911, 39.9016519 ], [ 116.3698827, 39.901584 ], [ 116.3698579, 39.9015106 ], [ 116.3698397, 39.9014298 ], [ 116.3698315, 39.9013601 ], [ 116.3698513, 39.9006271 ], [ 116.369853, 39.9005233 ] ] } },
{ "type": "Feature", "properties": { "index": 217, "color": "#3b4cc0", "label": "Designated", "@osmId": "way/915921608" }, "geometry": { "type": "LineString", "coordinates": [ [ 116.3699883, 39.9006293 ], [ 116.3699553, 39.9012559 ], [ 116.3699528, 39.9013604 ], [ 116.3699645, 39.9014568 ], [ 116.3699904, 39.9015341 ], [ 116.3700304, 39.9016033 ], [ 116.3702259, 39.9019479 ], [ 116.3702691, 39.9020285 ], [ 116.3703018, 39.9021118 ], [ 116.370322, 39.9022019 ], [ 116.3703281, 39.9022919 ], [ 116.3703345, 39.9026221 ], [ 116.3703352, 39.9026478 ], [ 116.3703388, 39.9026654 ], [ 116.3703443, 39.902678 ] ] } },
{ "type": "Feature", "properties": { "index": 218, "color": "#3b4cc0", "label": "Designated", "@osmId": "way/915921625" }, "geometry": { "type": "LineString", "coordinates": [ [ 116.3718402, 39.9026862 ], [ 116.3718514, 39.9026589 ], [ 116.3718545, 39.902631 ], [ 116.3719125, 39.9011431 ], [ 116.3719313, 39.9006605 ], [ 116.3719348, 39.9006335 ], [ 116.3719113, 39.9006359 ], [ 116.3718864, 39.9006373 ], [ 116.3699883, 39.9006293 ] ] } },
{ "type": "Feature", "properties": { "index": 219, "color": "#3b4cc0", "label": "Designated", "@osmId": "way/915921609" }, "geometry": { "type": "LineString", "coordinates": [ [ 116.3700242, 39.9026611 ], [ 116.3701766, 39.9026683 ], [ 116.3703443, 39.902678 ] ] } },
{ "type": "Feature", "properties": { "index": 220, "color": "#808080", "label": "Unknown", "@osmId": "way/127844302" }, "geometry": { "type": "LineString", "coordinates": [ [ 116.3682129, 39.8984274 ], [ 116.3681196, 39.8984249 ] ] } },
{ "type": "Feature", "properties": { "index": 221, "color": "#808080", "label": "Unknown", "@osmId": "way/127844299" }, "geometry": { "type": "LineString", "coordinates": [ [ 116.3682129, 39.8984274 ], [ 116.3681978, 39.8986404 ] ] } },
{ "type": "Feature", "properties": { "index": 222, "color": "#808080", "label": "Unknown", "@osmId": "way/225935789" }, "geometry": { "type": "LineString", "coordinates": [ [ 116.3681978, 39.8986404 ], [ 116.3681085, 39.8986301 ] ] } },
{ "type": "Feature", "properties": { "index": 223, "color": "#3b4cc0", "label": "Designated", "@osmId": "way/154870245" }, "geometry": { "type": "LineString", "coordinates": [ [ 116.3680903, 39.8990074 ], [ 116.3680959, 39.8988625 ] ] } },
{ "type": "Feature", "properties": { "index": 224, "color": "#808080", "label": "Unknown", "@osmId": "way/225935793" }, "geometry": { "type": "LineString", "coordinates": [ [ 116.3681978, 39.8986404 ], [ 116.368136, 39.8997648 ], [ 116.368029, 39.9025953 ], [ 116.3680256, 39.9026708 ], [ 116.3680244, 39.9027762 ] ] } },
{ "type": "Feature", "properties": { "index": 225, "color": "#3b4cc0", "label": "Designated", "@osmId": "way/33612627" }, "geometry": { "type": "LineString", "coordinates": [ [ 116.3679899, 39.9008145 ], [ 116.3683936, 39.9008286 ], [ 116.3683769, 39.9011085 ], [ 116.3683434, 39.9011074 ], [ 116.3683505, 39.9009882 ] ] } },
{ "type": "Feature", "properties": { "index": 226, "color": "#808080", "label": "Unknown", "@osmId": "way/1128446935" }, "geometry": { "type": "LineString", "coordinates": [ [ 116.3683002, 39.898357 ], [ 116.3682966, 39.8984328 ], [ 116.3682862, 39.8986489 ], [ 116.368166, 39.9011451 ], [ 116.3681115, 39.9026024 ], [ 116.3681073, 39.902676 ], [ 116.368104, 39.9027857 ], [ 116.3680982, 39.9028481 ], [ 116.3680802, 39.9033521 ], [ 116.3680674, 39.9040232 ] ] } },
{ "type": "Feature", "properties": { "index": 227, "color": "#3b4cc0", "label": "Designated", "@osmId": "way/915921603" }, "geometry": { "type": "LineString", "coordinates": [ [ 116.3679372, 39.9025862 ], [ 116.368029, 39.9025953 ], [ 116.3681115, 39.9026024 ], [ 116.3681919, 39.9026096 ], [ 116.3682706, 39.9026154 ] ] } },
{ "type": "Feature", "properties": { "index": 228, "color": "#808080", "label": "Unknown", "@osmId": "way/190438902" }, "geometry": { "type": "LineString", "coordinates": [ [ 116.3679349, 39.9026624 ], [ 116.3680256, 39.9026708 ] ] } },
{ "type": "Feature", "properties": { "index": 229, "color": "#808080", "label": "Unknown", "@osmId": "way/162362276" }, "geometry": { "type": "LineString", "coordinates": [ [ 116.3680244, 39.9027762 ], [ 116.3679332, 39.9027224 ] ] } },
{ "type": "Feature", "properties": { "index": 230, "color": "#3b4cc0", "label": "Designated", "@osmId": "way/915921626" }, "geometry": { "type": "LineString", "coordinates": [ [ 116.3697116, 39.9006268 ], [ 116.3698513, 39.9006271 ], [ 116.3699883, 39.9006293 ] ] } },
{ "type": "Feature", "properties": { "index": 231, "color": "#3b4cc0", "label": "Designated", "@osmId": "way/944265816" }, "geometry": { "type": "LineString", "coordinates": [ [ 116.368338, 39.9008523 ], [ 116.3683673, 39.9008523 ], [ 116.3683505, 39.9009882 ] ] } },
{ "type": "Feature", "properties": { "index": 232, "color": "#808080", "label": "Unknown", "@osmId": "way/184540649" }, "geometry": { "type": "LineString", "coordinates": [ [ 116.3684267, 39.8984413 ], [ 116.3683972, 39.8986596 ], [ 116.368289, 39.8996903 ], [ 116.3682716, 39.9004984 ], [ 116.3682096, 39.9021101 ], [ 116.3681919, 39.9026096 ], [ 116.3681837, 39.9026795 ], [ 116.3681731, 39.9027934 ], [ 116.3681624, 39.9028857 ], [ 116.3681412, 39.9035163 ] ] } },
{ "type": "Feature", "properties": { "index": 233, "color": "#3b4cc0", "label": "Designated", "@osmId": "way/915921607" }, "geometry": { "type": "LineString", "coordinates": [ [ 116.3682706, 39.9026154 ], [ 116.368338, 39.9008523 ], [ 116.3683468, 39.9006042 ], [ 116.3697116, 39.9006268 ] ] } },
{ "type": "Feature", "properties": { "index": 234, "color": "#3b4cc0", "label": "Designated", "@osmId": "way/915921606" }, "geometry": { "type": "LineString", "coordinates": [ [ 116.3700242, 39.9026611 ], [ 116.3700344, 39.9022939 ], [ 116.3700313, 39.9022175 ], [ 116.3700212, 39.902152 ], [ 116.3699969, 39.902066 ], [ 116.3699619, 39.901991 ], [ 116.3697644, 39.9016217 ], [ 116.3697308, 39.9015218 ], [ 116.3697149, 39.9014164 ], [ 116.3697008, 39.9012948 ], [ 116.3697009, 39.9011731 ], [ 116.3697116, 39.9006268 ] ] } },
{ "type": "Feature", "properties": { "index": 235, "color": "#3b4cc0", "label": "Designated", "@osmId": "way/915921604" }, "geometry": { "type": "LineString", "coordinates": [ [ 116.3682706, 39.9026154 ], [ 116.3700242, 39.9026611 ] ] } },
{ "type": "Feature", "properties": { "index": 236, "color": "#808080", "label": "Unknown", "@osmId": "way/8365690" }, "geometry": { "type": "LineString", "coordinates": [ [ 116.3680256, 39.9026708 ], [ 116.3681073, 39.902676 ], [ 116.3681837, 39.9026795 ], [ 116.3699678, 39.9027234 ], [ 116.3700227, 39.9027266 ], [ 116.3701776, 39.9027771 ] ] } },
{ "type": "Feature", "properties": { "index": 237, "color": "#808080", "label": "Unknown", "@osmId": "way/154860701" }, "geometry": { "type": "LineString", "coordinates": [ [ 116.3701776, 39.9027771 ], [ 116.370023, 39.9028216 ], [ 116.3699557, 39.9028259 ], [ 116.3681731, 39.9027934 ], [ 116.368104, 39.9027857 ], [ 116.3680244, 39.9027762 ] ] } },
{ "type": "Feature", "properties": { "index": 238, "color": "#3b4cc0", "label": "Designated", "@osmId": "way/915921601" }, "geometry": { "type": "LineString", "coordinates": [ [ 116.3700187, 39.9029287 ], [ 116.3683437, 39.9029005 ], [ 116.3683115, 39.9029021 ], [ 116.3682847, 39.9029077 ], [ 116.3682603, 39.9029147 ], [ 116.3682498, 39.9029299 ], [ 116.3682439, 39.9029499 ], [ 116.3682135, 39.903868 ], [ 116.3682156, 39.9038935 ], [ 116.3682278, 39.9039112 ], [ 116.368256, 39.9039248 ] ] } },
{ "type": "Feature", "properties": { "index": 239, "color": "#3b4cc0", "label": "Designated", "@osmId": "way/190425074" }, "geometry": { "type": "LineString", "coordinates": [ [ 116.368256, 39.9039248 ], [ 116.3699599, 39.9039554 ], [ 116.3699804, 39.9039515 ], [ 116.3699948, 39.9039382 ] ] } },
{ "type": "Feature", "properties": { "index": 240, "color": "#3b4cc0", "label": "Designated", "@osmId": "way/915921610" }, "geometry": { "type": "LineString", "coordinates": [ [ 116.3703443, 39.902678 ], [ 116.3703669, 39.9026883 ], [ 116.3703957, 39.9026939 ], [ 116.3704916, 39.9027022 ], [ 116.3705929, 39.9027064 ], [ 116.3716288, 39.9027194 ], [ 116.3716863, 39.9027174 ], [ 116.3717573, 39.9027093 ], [ 116.3718402, 39.9026862 ] ] } },
{ "type": "Feature", "properties": { "index": 241, "color": "#3b4cc0", "label": "Designated", "@osmId": "way/915921605" }, "geometry": { "type": "LineString", "coordinates": [ [ 116.3700238, 39.9028948 ], [ 116.370023, 39.9028216 ], [ 116.3700227, 39.9027266 ], [ 116.3700242, 39.9026611 ] ] } },
{ "type": "Feature", "properties": { "index": 242, "color": "#3b4cc0", "label": "Designated", "@osmId": "way/915921611" }, "geometry": { "type": "LineString", "coordinates": [ [ 116.3703455, 39.9028973 ], [ 116.370344, 39.9027816 ], [ 116.3703443, 39.902678 ] ] } },
{ "type": "Feature", "properties": { "index": 243, "color": "#3b4cc0", "label": "Designated", "@osmId": "way/915921622" }, "geometry": { "type": "LineString", "coordinates": [ [ 116.3718402, 39.9026862 ], [ 116.3718437, 39.9027974 ], [ 116.3718475, 39.9028988 ] ] } },
{ "type": "Feature", "properties": { "index": 244, "color": "#3b4cc0", "label": "Designated", "@osmId": "way/915921620" }, "geometry": { "type": "LineString", "coordinates": [ [ 116.3703455, 39.9028973 ], [ 116.3703902, 39.9028889 ], [ 116.3704396, 39.9028859 ], [ 116.3717912, 39.9028987 ] ] } },
{ "type": "Feature", "properties": { "index": 245, "color": "#3b4cc0", "label": "Designated", "@osmId": "way/915921598" }, "geometry": { "type": "LineString", "coordinates": [ [ 116.3703455, 39.9028973 ], [ 116.3701755, 39.9028953 ], [ 116.3700238, 39.9028948 ] ] } },
{ "type": "Feature", "properties": { "index": 246, "color": "#3b4cc0", "label": "Designated", "@osmId": "way/1424958307" }, "geometry": { "type": "LineString", "coordinates": [ [ 116.3700238, 39.9028948 ], [ 116.3700187, 39.9029287 ] ] } },
{ "type": "Feature", "properties": { "index": 247, "color": "#808080", "label": "Unknown", "@osmId": "way/1084252279" }, "geometry": { "type": "LineString", "coordinates": [ [ 116.3701329, 39.9040549 ], [ 116.370135, 39.9039595 ], [ 116.3701746, 39.9029354 ], [ 116.3701755, 39.9028953 ], [ 116.3701776, 39.9027771 ] ] } },
{ "type": "Feature", "properties": { "index": 248, "color": "#3b4cc0", "label": "Designated", "@osmId": "way/915921599" }, "geometry": { "type": "LineString", "coordinates": [ [ 116.3699948, 39.9039382 ], [ 116.3699992, 39.9039172 ], [ 116.3700187, 39.9029287 ] ] } },
{ "type": "Feature", "properties": { "index": 249, "color": "#c0d4f5", "label": "Shared with cars up to 15 km/h", "@osmId": "way/59185374" }, "geometry": { "type": "LineString", "coordinates": [ [ 116.371743, 39.9044475 ], [ 116.3717308, 39.9039156 ], [ 116.371734, 39.9038127 ], [ 116.3717429, 39.9037123 ], [ 116.3717519, 39.9036118 ], [ 116.3717677, 39.9034 ], [ 116.3717756, 39.9032703 ], [ 116.3717815, 39.9031391 ], [ 116.3717912, 39.9028987 ], [ 116.3717934, 39.9027986 ] ] } },
{ "type": "Feature", "properties": { "index": 250, "color": "#3b4cc0", "label": "Designated", "@osmId": "way/915921602" }, "geometry": { "type": "LineString", "coordinates": [ [ 116.3682603, 39.9029147 ], [ 116.3681624, 39.9028857 ], [ 116.3680982, 39.9028481 ], [ 116.3680234, 39.9028233 ], [ 116.3679312, 39.9027918 ] ] } },
{ "type": "Feature", "properties": { "index": 251, "color": "#808080", "label": "Unknown", "@osmId": "way/162362277" }, "geometry": { "type": "LineString", "coordinates": [ [ 116.3680244, 39.9027762 ], [ 116.3680234, 39.9028233 ], [ 116.3680126, 39.903224 ] ] } },
{ "type": "Feature", "properties": { "index": 252, "color": "#808080", "label": "Unknown", "@osmId": "way/1071049907" }, "geometry": { "type": "LineString", "coordinates": [ [ 116.3680126, 39.903224 ], [ 116.3680802, 39.9033521 ], [ 116.3681412, 39.9035163 ] ] } },
{ "type": "Feature", "properties": { "index": 253, "color": "#808080", "label": "Unknown", "@osmId": "way/1071049906" }, "geometry": { "type": "LineString", "coordinates": [ [ 116.3680126, 39.903224 ], [ 116.3679849, 39.9036014 ] ] } },
{ "type": "Feature", "properties": { "index": 254, "color": "#808080", "label": "Unknown", "@osmId": "way/1071049904" }, "geometry": { "type": "LineString", "coordinates": [ [ 116.3681412, 39.9035163 ], [ 116.3680674, 39.9040232 ] ] } },
{ "type": "Feature", "properties": { "index": 255, "color": "#808080", "label": "Unknown", "@osmId": "way/1071049928" }, "geometry": { "type": "LineString", "coordinates": [ [ 116.3679849, 39.9036014 ], [ 116.3679771, 39.9040224 ] ] } },
{ "type": "Feature", "properties": { "index": 256, "color": "#808080", "label": "Unknown", "@osmId": "way/1071049905" }, "geometry": { "type": "LineString", "coordinates": [ [ 116.3679771, 39.9040224 ], [ 116.3680674, 39.9040232 ] ] } },
{ "type": "Feature", "properties": { "index": 257, "color": "#808080", "label": "Unknown", "@osmId": "way/154865086" }, "geometry": { "type": "LineString", "coordinates": [ [ 116.3679771, 39.9040224 ], [ 116.3679657, 39.9043474 ], [ 116.367959, 39.9046202 ], [ 116.3679599, 39.9054704 ], [ 116.3679584, 39.905514 ], [ 116.367954, 39.9056887 ] ] } },
{ "type": "Feature", "properties": { "index": 258, "color": "#3b4cc0", "label": "Designated", "@osmId": "way/521039217" }, "geometry": { "type": "LineString", "coordinates": [ [ 116.368196, 39.9055123 ], [ 116.3680993, 39.905513 ], [ 116.3679584, 39.905514 ], [ 116.3678451, 39.9055149 ] ] } },
{ "type": "Feature", "properties": { "index": 259, "color": "#3b4cc0", "label": "Designated", "@osmId": "way/915921596" }, "geometry": { "type": "LineString", "coordinates": [ [ 116.3702465, 39.9043667 ], [ 116.3702589, 39.9039796 ], [ 116.370316, 39.9029725 ], [ 116.370324, 39.9029318 ], [ 116.3703455, 39.9028973 ] ] } },
{ "type": "Feature", "properties": { "index": 260, "color": "#3b4cc0", "label": "Designated", "@osmId": "way/915921597" }, "geometry": { "type": "LineString", "coordinates": [ [ 116.3699948, 39.9039382 ], [ 116.370135, 39.9039595 ], [ 116.3702589, 39.9039796 ] ] } },
{ "type": "Feature", "properties": { "index": 261, "color": "#3b4cc0", "label": "Designated", "@osmId": "way/915921595" }, "geometry": { "type": "LineString", "coordinates": [ [ 116.3702453, 39.904525 ], [ 116.3702459, 39.9044548 ], [ 116.3702465, 39.9043667 ], [ 116.3701249, 39.9043673 ], [ 116.3700246, 39.9043687 ] ] } },
{ "type": "Feature", "properties": { "index": 262, "color": "#3b4cc0", "label": "Designated", "@osmId": "way/915921616" }, "geometry": { "type": "LineString", "coordinates": [ [ 116.3717381, 39.9045379 ], [ 116.371913, 39.9045355 ], [ 116.3720074, 39.9045127 ] ] } },
{ "type": "Feature", "properties": { "index": 263, "color": "#808080", "label": "Unknown", "@osmId": "way/1071049926" }, "geometry": { "type": "LineString", "coordinates": [ [ 116.3700933, 39.9054926 ], [ 116.3701228, 39.9044562 ], [ 116.3701249, 39.9043673 ], [ 116.3701329, 39.9040549 ] ] } },
{ "type": "Feature", "properties": { "index": 264, "color": "#3b4cc0", "label": "Designated", "@osmId": "way/915921592" }, "geometry": { "type": "LineString", "coordinates": [ [ 116.3702453, 39.904525 ], [ 116.3716576, 39.904524 ], [ 116.3717381, 39.9045379 ], [ 116.3717884, 39.9045987 ], [ 116.3717745, 39.9054871 ], [ 116.3715202, 39.9054876 ], [ 116.3704173, 39.9054948 ], [ 116.370186, 39.9054941 ], [ 116.3702203, 39.9046124 ], [ 116.3702287, 39.9045663 ], [ 116.3702453, 39.904525 ] ] } },
{ "type": "Feature", "properties": { "index": 265, "color": "#3b4cc0", "label": "Designated", "@osmId": "way/915921614" }, "geometry": { "type": "LineString", "coordinates": [ [ 116.3717745, 39.9054871 ], [ 116.3718704, 39.9054869 ], [ 116.3719786, 39.9054921 ] ] } },
{ "type": "Feature", "properties": { "index": 266, "color": "#3b4cc0", "label": "Designated", "@osmId": "way/915921593" }, "geometry": { "type": "LineString", "coordinates": [ [ 116.3699995, 39.9054943 ], [ 116.3700933, 39.9054926 ], [ 116.370186, 39.9054941 ] ] } },
{ "type": "Feature", "properties": { "index": 267, "color": "#808080", "label": "Unknown", "@osmId": "way/1071049927" }, "geometry": { "type": "LineString", "coordinates": [ [ 116.3700933, 39.9054926 ], [ 116.3701406, 39.9055678 ], [ 116.3701768, 39.9056048 ], [ 116.3703016, 39.9056851 ] ] } },
{ "type": "Feature", "properties": { "index": 268, "color": "#3b4cc0", "label": "Designated", "@osmId": "way/915921589" }, "geometry": { "type": "LineString", "coordinates": [ [ 116.368256, 39.9039248 ], [ 116.3682536, 39.9040237 ], [ 116.3682517, 39.9041175 ] ] } },
{ "type": "Feature", "properties": { "index": 269, "color": "#808080", "label": "Unknown", "@osmId": "way/33460051" }, "geometry": { "type": "LineString", "coordinates": [ [ 116.3680674, 39.9040232 ], [ 116.3682536, 39.9040237 ], [ 116.3691764, 39.9040384 ] ] } },
{ "type": "Feature", "properties": { "index": 270, "color": "#808080", "label": "Unknown", "@osmId": "way/1071049929" }, "geometry": { "type": "LineString", "coordinates": [ [ 116.3691764, 39.9040384 ], [ 116.3701329, 39.9040549 ] ] } },
{ "type": "Feature", "properties": { "index": 271, "color": "#3b4cc0", "label": "Designated", "@osmId": "way/190425078" }, "geometry": { "type": "LineString", "coordinates": [ [ 116.3698985, 39.9041321 ], [ 116.3700197, 39.9043142 ], [ 116.3700246, 39.9043687 ], [ 116.3699995, 39.9054943 ], [ 116.3689968, 39.9054914 ], [ 116.3687769, 39.9054926 ], [ 116.3682966, 39.9054974 ], [ 116.3682437, 39.9054697 ], [ 116.3682385, 39.9054106 ], [ 116.3682577, 39.9047115 ], [ 116.3682362, 39.9046148 ], [ 116.3682517, 39.9041175 ], [ 116.3698985, 39.9041321 ] ] } },
{ "type": "Feature", "properties": { "index": 272, "color": "#3b4cc0", "label": "Designated", "@osmId": "way/915491796" }, "geometry": { "type": "LineString", "coordinates": [ [ 116.3678476, 39.9054442 ], [ 116.3688683, 39.9054167 ] ] } },
{ "type": "Feature", "properties": { "index": 273, "color": "#3b4cc0", "label": "Designated", "@osmId": "way/521039213" }, "geometry": { "type": "LineString", "coordinates": [ [ 116.3689968, 39.9054914 ], [ 116.3689899, 39.9054166 ], [ 116.3688683, 39.9054167 ] ] } },
{ "type": "Feature", "properties": { "index": 274, "color": "#3b4cc0", "label": "Designated", "@osmId": "way/915491795" }, "geometry": { "type": "LineString", "coordinates": [ [ 116.3682437, 39.9054697 ], [ 116.368196, 39.9055123 ] ] } },
{ "type": "Feature", "properties": { "index": 275, "color": "#808080", "label": "Unknown", "@osmId": "way/1071049925" }, "geometry": { "type": "LineString", "coordinates": [ [ 116.3697732, 39.9056784 ], [ 116.3699207, 39.9056131 ], [ 116.3700011, 39.905574 ], [ 116.3700933, 39.9054926 ] ] } },
{ "type": "Feature", "properties": { "index": 276, "color": "#3b4cc0", "label": "Designated", "@osmId": "way/115107917" }, "geometry": { "type": "LineString", "coordinates": [ [ 116.3689664, 39.9057542 ], [ 116.3708801, 39.9057439 ] ] } },
{ "type": "Feature", "properties": { "index": 277, "color": "#3b4cc0", "label": "Designated", "@osmId": "way/115107918" }, "geometry": { "type": "LineString", "coordinates": [ [ 116.3687318, 39.9061752 ], [ 116.3687409, 39.9061154 ], [ 116.3688683, 39.9054167 ] ] } },
{ "type": "Feature", "properties": { "index": 278, "color": "#3b4cc0", "label": "Designated", "@osmId": "way/115107920" }, "geometry": { "type": "LineString", "coordinates": [ [ 116.3689667, 39.9058028 ], [ 116.3708789, 39.9057929 ] ] } },
{ "type": "Feature", "properties": { "index": 279, "color": "#3b4cc0", "label": "Designated", "@osmId": "way/915047153" }, "geometry": { "type": "LineString", "coordinates": [ [ 116.3678239, 39.9061112 ], [ 116.3686097, 39.9061148 ], [ 116.3687409, 39.9061154 ] ] } },
{ "type": "Feature", "properties": { "index": 280, "color": "#3b4cc0", "label": "Designated", "@osmId": "way/915047149" }, "geometry": { "type": "LineString", "coordinates": [ [ 116.3681702, 39.9061736 ], [ 116.3685403, 39.9061747 ] ] } },
{ "type": "Feature", "properties": { "index": 281, "color": "#3b4cc0", "label": "Designated", "@osmId": "way/227325493" }, "geometry": { "type": "LineString", "coordinates": [ [ 116.3685403, 39.9061747 ], [ 116.3687318, 39.9061752 ] ] } },
{ "type": "Feature", "properties": { "index": 282, "color": "#3b4cc0", "label": "Designated", "@osmId": "way/1135077698" }, "geometry": { "type": "LineString", "coordinates": [ [ 116.3697822, 39.9062375 ], [ 116.3697826, 39.9061605 ] ] } },
{ "type": "Feature", "properties": { "index": 283, "color": "#3b4cc0", "label": "Designated", "@osmId": "way/1135077697" }, "geometry": { "type": "LineString", "coordinates": [ [ 116.3681695, 39.9062516 ], [ 116.3687005, 39.9062489 ], [ 116.3690058, 39.9062473 ], [ 116.3690058, 39.9061665 ], [ 116.3691452, 39.9061654 ], [ 116.3697826, 39.9061605 ], [ 116.3699643, 39.9061591 ] ] } },
{ "type": "Feature", "properties": { "index": 284, "color": "#3b4cc0", "label": "Designated", "@osmId": "way/1075553890" }, "geometry": { "type": "LineString", "coordinates": [ [ 116.369158, 39.9065949 ], [ 116.369141, 39.9065385 ], [ 116.3691452, 39.9061654 ], [ 116.3691463, 39.906073 ] ] } },
{ "type": "Feature", "properties": { "index": 285, "color": "#3b4cc0", "label": "Designated", "@osmId": "way/1076099196" }, "geometry": { "type": "LineString", "coordinates": [ [ 116.3686097, 39.9061148 ], [ 116.3686081, 39.9065369 ], [ 116.3690151, 39.9067592 ] ] } },
{ "type": "Feature", "properties": { "index": 286, "color": "#3b4cc0", "label": "Designated", "@osmId": "way/1135077696" }, "geometry": { "type": "LineString", "coordinates": [ [ 116.3681659, 39.9066397 ], [ 116.3684042, 39.9064655 ], [ 116.3687005, 39.9062489 ] ] } },
{ "type": "Feature", "properties": { "index": 287, "color": "#3b4cc0", "label": "Designated", "@osmId": "way/1135077695" }, "geometry": { "type": "LineString", "coordinates": [ [ 116.3684006, 39.9069324 ], [ 116.3684042, 39.9064655 ] ] } },
{ "type": "Feature", "properties": { "index": 288, "color": "#808080", "label": "Unknown", "@osmId": "way/33459792" }, "geometry": { "type": "LineString", "coordinates": [ [ 116.3700885, 39.9075671 ], [ 116.3700553, 39.9074914 ], [ 116.3700519, 39.9074316 ], [ 116.3700638, 39.9061024 ], [ 116.370064, 39.906076 ], [ 116.3700286, 39.9060291 ], [ 116.3699073, 39.9059745 ], [ 116.3697915, 39.9059538 ], [ 116.3696292, 39.9058679 ] ] } },
{ "type": "Feature", "properties": { "index": 289, "color": "#3b4cc0", "label": "Designated", "@osmId": "way/915047146" }, "geometry": { "type": "LineString", "coordinates": [ [ 116.3682012, 39.9060851 ], [ 116.3681704, 39.9061522 ], [ 116.3681702, 39.9061736 ], [ 116.3681695, 39.9062516 ], [ 116.3681659, 39.9066397 ], [ 116.3681651, 39.9067308 ], [ 116.3681636, 39.9068904 ], [ 116.3681616, 39.9071134 ], [ 116.3681604, 39.9072391 ], [ 116.3681624, 39.9074729 ], [ 116.3699506, 39.9074926 ], [ 116.3699643, 39.9061591 ], [ 116.3699649, 39.9061046 ], [ 116.369911, 39.9060768 ], [ 116.3691463, 39.906073 ], [ 116.3682745, 39.9060651 ], [ 116.3682012, 39.9060851 ] ] } },
{ "type": "Feature", "properties": { "index": 290, "color": "#3b4cc0", "label": "Designated", "@osmId": "way/1135077694" }, "geometry": { "type": "LineString", "coordinates": [ [ 116.3681935, 39.9071133 ], [ 116.3684185, 39.9069476 ] ] } },
{ "type": "Feature", "properties": { "index": 291, "color": "#3b4cc0", "label": "Designated", "@osmId": "way/1135077692" }, "geometry": { "type": "LineString", "coordinates": [ [ 116.368891, 39.9071875 ], [ 116.3686122, 39.9073835 ], [ 116.3686105, 39.9071119 ], [ 116.3684185, 39.9069476 ], [ 116.3684006, 39.9069324 ], [ 116.3681651, 39.9067308 ] ] } },
{ "type": "Feature", "properties": { "index": 292, "color": "#3b4cc0", "label": "Designated", "@osmId": "way/1135077693" }, "geometry": { "type": "LineString", "coordinates": [ [ 116.3687643, 39.9071114 ], [ 116.3686105, 39.9071119 ], [ 116.3681935, 39.9071133 ], [ 116.3681616, 39.9071134 ] ] } },
{ "type": "Feature", "properties": { "index": 293, "color": "#808080", "label": "Unknown", "@osmId": "way/127843735" }, "geometry": { "type": "LineString", "coordinates": [ [ 116.36784, 39.9075702 ], [ 116.368035, 39.9075694 ], [ 116.369882, 39.9075615 ], [ 116.3699537, 39.9075634 ], [ 116.3700885, 39.9075671 ] ] } },
{ "type": "Feature", "properties": { "index": 294, "color": "#3b4cc0", "label": "Designated", "@osmId": "way/227325497" }, "geometry": { "type": "LineString", "coordinates": [ [ 116.3677664, 39.9077271 ], [ 116.3681889, 39.9077314 ], [ 116.3688611, 39.9077158 ], [ 116.3688622, 39.9076671 ], [ 116.3688678, 39.9074259 ], [ 116.3691393, 39.9074261 ], [ 116.369421, 39.9074263 ], [ 116.3694126, 39.9076669 ], [ 116.3694109, 39.9077158 ], [ 116.3698233, 39.9077185 ] ] } },
{ "type": "Feature", "properties": { "index": 295, "color": "#3b4cc0", "label": "Designated", "@osmId": "way/227325495" }, "geometry": { "type": "LineString", "coordinates": [ [ 116.3688622, 39.9076671 ], [ 116.3694126, 39.9076669 ] ] } },
{ "type": "Feature", "properties": { "index": 296, "color": "#3b4cc0", "label": "Designated", "@osmId": "way/915047152" }, "geometry": { "type": "LineString", "coordinates": [ [ 116.3680339, 39.9079129 ], [ 116.36805, 39.9076947 ], [ 116.3680973, 39.9076804 ], [ 116.3682465, 39.9076814 ], [ 116.3699592, 39.9076887 ] ] } },
{ "type": "Feature", "properties": { "index": 297, "color": "#3b4cc0", "label": "Designated", "@osmId": "way/1114981926" }, "geometry": { "type": "LineString", "coordinates": [ [ 116.3853903, 39.9021654 ], [ 116.3854151, 39.9021658 ], [ 116.3855838, 39.9021682 ], [ 116.3857618, 39.9021707 ] ] } },
{ "type": "Feature", "properties": { "index": 298, "color": "#3b4cc0", "label": "Designated", "@osmId": "way/1114981923" }, "geometry": { "type": "LineString", "coordinates": [ [ 116.3848509, 39.9024877 ], [ 116.3848652, 39.9024697 ], [ 116.3848736, 39.9024334 ], [ 116.3849008, 39.9023148 ], [ 116.3850671, 39.902286 ], [ 116.3851878, 39.9022674 ], [ 116.3852602, 39.9022098 ], [ 116.3853672, 39.9021794 ], [ 116.3853903, 39.9021654 ] ] } },
{ "type": "Feature", "properties": { "index": 299, "color": "#c0d4f5", "label": "Shared with cars up to 15 km/h", "@osmId": "way/724675227" }, "geometry": { "type": "LineString", "coordinates": [ [ 116.3862609, 39.9025002 ], [ 116.3859262, 39.9024913 ], [ 116.3858713, 39.9024898 ], [ 116.3858509, 39.9024892 ], [ 116.3855688, 39.9024817 ] ] } },
{ "type": "Feature", "properties": { "index": 300, "color": "#3b4cc0", "label": "Designated", "@osmId": "way/1109718186" }, "geometry": { "type": "LineString", "coordinates": [ [ 116.3849059, 39.9025521 ], [ 116.3850778, 39.9025011 ], [ 116.3853166, 39.9024596 ], [ 116.3853874, 39.9024423 ] ] } },
{ "type": "Feature", "properties": { "index": 301, "color": "#c0d4f5", "label": "Shared with cars up to 15 km/h", "@osmId": "way/724675226" }, "geometry": { "type": "LineString", "coordinates": [ [ 116.3863528, 39.9026167 ], [ 116.386307, 39.9025926 ], [ 116.386279, 39.9025641 ], [ 116.3862611, 39.9025238 ], [ 116.3862609, 39.9025002 ], [ 116.3862608, 39.9024885 ], [ 116.3862777, 39.902448 ], [ 116.386311, 39.9024149 ], [ 116.3863578, 39.902392 ], [ 116.3864173, 39.9023826 ], [ 116.3864956, 39.9023976 ], [ 116.3865389, 39.9024242 ], [ 116.3865692, 39.9024636 ], [ 116.3865787, 39.9025055 ], [ 116.3865702, 39.9025446 ], [ 116.3865352, 39.9025892 ], [ 116.3864907, 39.9026146 ], [ 116.3864106, 39.9026275 ], [ 116.3863528, 39.9026167 ] ] } },
{ "type": "Feature", "properties": { "index": 302, "color": "#c0d4f5", "label": "Shared with cars up to 15 km/h", "@osmId": "way/724675224" }, "geometry": { "type": "LineString", "coordinates": [ [ 116.3865787, 39.9025055 ], [ 116.3868462, 39.9025095 ] ] } },
{ "type": "Feature", "properties": { "index": 303, "color": "#3b4cc0", "label": "Designated", "@osmId": "way/1114983306" }, "geometry": { "type": "LineString", "coordinates": [ [ 116.3853489, 39.9032991 ], [ 116.3853786, 39.9032994 ], [ 116.3855301, 39.9033012 ], [ 116.3856758, 39.9033029 ], [ 116.3858331, 39.9033047 ] ] } },
{ "type": "Feature", "properties": { "index": 304, "color": "#3b4cc0", "label": "Designated", "@osmId": "way/1109718185" }, "geometry": { "type": "LineString", "coordinates": [ [ 116.3853445, 39.9033876 ], [ 116.3850782, 39.9033753 ] ] } },
{ "type": "Feature", "properties": { "index": 305, "color": "#3b4cc0", "label": "Designated", "@osmId": "way/525967877" }, "geometry": { "type": "LineString", "coordinates": [ [ 116.3853903, 39.9021654 ], [ 116.385389, 39.9024074 ], [ 116.3853874, 39.9024423 ], [ 116.3853539, 39.9031971 ], [ 116.3853489, 39.9032991 ], [ 116.3853445, 39.9033876 ], [ 116.3853115, 39.9040599 ], [ 116.385278, 39.9047406 ], [ 116.3852709, 39.9048847 ], [ 116.3852412, 39.9051602 ], [ 116.3852227, 39.9053312 ], [ 116.3851315, 39.9055637 ] ] } },
{ "type": "Feature", "properties": { "index": 306, "color": "#808080", "label": "Unknown", "@osmId": "way/127844311" }, "geometry": { "type": "LineString", "coordinates": [ [ 116.3855503, 39.9058974 ], [ 116.3854296, 39.9056929 ], [ 116.3854205, 39.9055674 ], [ 116.3854226, 39.9055281 ], [ 116.3854401, 39.9052077 ], [ 116.385483, 39.9042994 ], [ 116.3855301, 39.9033012 ], [ 116.3855688, 39.9024817 ], [ 116.3855838, 39.9021682 ], [ 116.3855782, 39.9019869 ] ] } },
{ "type": "Feature", "properties": { "index": 307, "color": "#808080", "label": "Unknown", "@osmId": "way/101833597" }, "geometry": { "type": "LineString", "coordinates": [ [ 116.3816138, 39.9024289 ], [ 116.3816758, 39.9029476 ], [ 116.3817672, 39.9035475 ], [ 116.3818285, 39.9039956 ], [ 116.3819008, 39.9045922 ], [ 116.3819396, 39.9050752 ], [ 116.3819567, 39.9056288 ], [ 116.3819614, 39.905779 ] ] } },
{ "type": "Feature", "properties": { "index": 308, "color": "#c0d4f5", "label": "Shared with cars up to 15 km/h", "@osmId": "way/59185390" }, "geometry": { "type": "LineString", "coordinates": [ [ 116.3812985, 39.904733 ], [ 116.3812387, 39.9044743 ], [ 116.3814612, 39.9044362 ], [ 116.3814785, 39.9040067 ] ] } },
{ "type": "Feature", "properties": { "index": 309, "color": "#c0d4f5", "label": "Shared with cars up to 15 km/h", "@osmId": "way/59185361" }, "geometry": { "type": "LineString", "coordinates": [ [ 116.3798469, 39.9050794 ], [ 116.3798011, 39.9042174 ], [ 116.3798234, 39.9041584 ], [ 116.3800718, 39.9041186 ], [ 116.3800637, 39.9038863 ] ] } },
{ "type": "Feature", "properties": { "index": 310, "color": "#c0d4f5", "label": "Shared with cars up to 15 km/h", "@osmId": "way/59185381" }, "geometry": { "type": "LineString", "coordinates": [ [ 116.3808633, 39.9050833 ], [ 116.3808058, 39.9047818 ], [ 116.3807014, 39.9039695 ] ] } },
{ "type": "Feature", "properties": { "index": 311, "color": "#3b4cc0", "label": "Designated", "@osmId": "way/1109718187" }, "geometry": { "type": "LineString", "coordinates": [ [ 116.382235, 39.9046083 ], [ 116.3820245, 39.9046734 ] ] } },
{ "type": "Feature", "properties": { "index": 312, "color": "#3b4cc0", "label": "Designated", "@osmId": "way/29241166" }, "geometry": { "type": "LineString", "coordinates": [ [ 116.3834667, 39.9053793 ], [ 116.3834707, 39.9050149 ], [ 116.3834816, 39.9049319 ], [ 116.3835221, 39.9039591 ] ] } },
{ "type": "Feature", "properties": { "index": 313, "color": "#c0d4f5", "label": "Shared with cars up to 15 km/h", "@osmId": "way/59185365" }, "geometry": { "type": "LineString", "coordinates": [ [ 116.381545, 39.9050849 ], [ 116.3815175, 39.9047847 ], [ 116.3812985, 39.904733 ], [ 116.3808058, 39.9047818 ] ] } },
{ "type": "Feature", "properties": { "index": 314, "color": "#3b4cc0", "label": "Designated", "@osmId": "way/724674919" }, "geometry": { "type": "LineString", "coordinates": [ [ 116.3831874, 39.9048715 ], [ 116.3832062, 39.9050041 ], [ 116.3830922, 39.9051008 ], [ 116.3827113, 39.905323 ], [ 116.3827368, 39.9053487 ], [ 116.3828884, 39.9053611 ], [ 116.3829731, 39.9054117 ], [ 116.3830092, 39.9054124 ], [ 116.383465, 39.9054214 ], [ 116.3839249, 39.9054304 ], [ 116.3842778, 39.9054407 ], [ 116.3842205, 39.905365 ], [ 116.3837764, 39.9050294 ], [ 116.3837991, 39.9048875 ] ] } },
{ "type": "Feature", "properties": { "index": 315, "color": "#3b4cc0", "label": "Designated", "@osmId": "way/29241247" }, "geometry": { "type": "LineString", "coordinates": [ [ 116.3828771, 39.9052661 ], [ 116.3831748, 39.9053521 ], [ 116.3834667, 39.9053793 ], [ 116.383751, 39.9053651 ], [ 116.3840798, 39.9053137 ], [ 116.3839407, 39.9051812 ], [ 116.3837569, 39.905069 ], [ 116.3834707, 39.9050149 ], [ 116.3832151, 39.9050659 ], [ 116.3830248, 39.9051546 ], [ 116.3828771, 39.9052661 ] ] } },
{ "type": "Feature", "properties": { "index": 316, "color": "#3b4cc0", "label": "Designated", "@osmId": "way/951781321" }, "geometry": { "type": "LineString", "coordinates": [ [ 116.383465, 39.9054214 ], [ 116.3834667, 39.9053793 ] ] } },
{ "type": "Feature", "properties": { "index": 317, "color": "#3b4cc0", "label": "Designated", "@osmId": "way/687801351" }, "geometry": { "type": "LineString", "coordinates": [ [ 116.3888861, 39.9045533 ], [ 116.3889454, 39.9045556 ] ] } },
{ "type": "Feature", "properties": { "index": 318, "color": "#3b4cc0", "label": "Designated", "@osmId": "way/687801359" }, "geometry": { "type": "LineString", "coordinates": [ [ 116.3884757, 39.9047529 ], [ 116.3886052, 39.9048324 ] ] } },
{ "type": "Feature", "properties": { "index": 319, "color": "#3b4cc0", "label": "Designated", "@osmId": "way/687801372" }, "geometry": { "type": "LineString", "coordinates": [ [ 116.3887484, 39.9048616 ], [ 116.3887501, 39.9048306 ], [ 116.3887521, 39.9047947 ] ] } },
{ "type": "Feature", "properties": { "index": 320, "color": "#3b4cc0", "label": "Designated", "@osmId": "way/687801368" }, "geometry": { "type": "LineString", "coordinates": [ [ 116.3885997, 39.9049272 ], [ 116.3886052, 39.9048324 ], [ 116.3886065, 39.9048192 ], [ 116.3886207, 39.904812 ], [ 116.3886606, 39.9047918 ], [ 116.3887521, 39.9047947 ] ] } },
{ "type": "Feature", "properties": { "index": 321, "color": "#3b4cc0", "label": "Designated", "@osmId": "way/687801370" }, "geometry": { "type": "LineString", "coordinates": [ [ 116.388674, 39.9049271 ], [ 116.3886489, 39.9049076 ], [ 116.3886515, 39.904841 ], [ 116.3886753, 39.9048284 ], [ 116.3887501, 39.9048306 ] ] } },
{ "type": "Feature", "properties": { "index": 322, "color": "#3b4cc0", "label": "Designated", "@osmId": "way/687801373" }, "geometry": { "type": "LineString", "coordinates": [ [ 116.388792, 39.9048963 ], [ 116.3887022, 39.9048934 ], [ 116.3887032, 39.90486 ], [ 116.3887484, 39.9048616 ] ] } },
{ "type": "Feature", "properties": { "index": 323, "color": "#3b4cc0", "label": "Designated", "@osmId": "way/687801366" }, "geometry": { "type": "LineString", "coordinates": [ [ 116.3887484, 39.9048616 ], [ 116.3887934, 39.9048631 ], [ 116.388792, 39.9048963 ] ] } },
{ "type": "Feature", "properties": { "index": 324, "color": "#3b4cc0", "label": "Designated", "@osmId": "way/687801375" }, "geometry": { "type": "LineString", "coordinates": [ [ 116.3887501, 39.9048306 ], [ 116.3888302, 39.904833 ], [ 116.3888497, 39.9048469 ], [ 116.3888473, 39.9049133 ], [ 116.3888222, 39.9049315 ], [ 116.388674, 39.9049271 ] ] } },
{ "type": "Feature", "properties": { "index": 325, "color": "#3b4cc0", "label": "Designated", "@osmId": "way/687801377" }, "geometry": { "type": "LineString", "coordinates": [ [ 116.3887521, 39.9047947 ], [ 116.3888495, 39.9047977 ], [ 116.3888758, 39.9048147 ], [ 116.3888971, 39.9048284 ], [ 116.3888917, 39.9049308 ], [ 116.3888416, 39.9049684 ], [ 116.3886507, 39.9049625 ], [ 116.3885997, 39.9049272 ] ] } },
{ "type": "Feature", "properties": { "index": 326, "color": "#3b4cc0", "label": "Designated", "@osmId": "way/687801364" }, "geometry": { "type": "LineString", "coordinates": [ [ 116.3885997, 39.9049272 ], [ 116.3884636, 39.9049897 ] ] } },
{ "type": "Feature", "properties": { "index": 327, "color": "#3b4cc0", "label": "Designated", "@osmId": "way/1109718184" }, "geometry": { "type": "LineString", "coordinates": [ [ 116.3853115, 39.9040599 ], [ 116.3850012, 39.904063 ] ] } },
{ "type": "Feature", "properties": { "index": 328, "color": "#c0d4f5", "label": "Shared with cars up to 15 km/h", "@osmId": "way/724548759" }, "geometry": { "type": "LineString", "coordinates": [ [ 116.385483, 39.9042994 ], [ 116.3857665, 39.9043045 ], [ 116.3857868, 39.9043048 ], [ 116.3858509, 39.904306 ], [ 116.3862003, 39.9043122 ] ] } },
{ "type": "Feature", "properties": { "index": 329, "color": "#c0d4f5", "label": "Shared with cars up to 15 km/h", "@osmId": "way/724548765" }, "geometry": { "type": "LineString", "coordinates": [ [ 116.3862755, 39.9044013 ], [ 116.3862395, 39.9043845 ], [ 116.3862225, 39.9043703 ], [ 116.3862004, 39.904331 ], [ 116.3862003, 39.9043122 ], [ 116.3862003, 39.9042987 ], [ 116.3862155, 39.9042672 ], [ 116.386243, 39.9042428 ], [ 116.3862919, 39.9042243 ], [ 116.3863521, 39.9042252 ], [ 116.3863884, 39.9042382 ], [ 116.3864123, 39.9042548 ], [ 116.3864325, 39.9042807 ], [ 116.3864409, 39.9043135 ], [ 116.3864342, 39.9043453 ], [ 116.3864136, 39.9043735 ], [ 116.3863713, 39.9043989 ], [ 116.3863216, 39.9044077 ], [ 116.3862755, 39.9044013 ] ] } },
{ "type": "Feature", "properties": { "index": 330, "color": "#c0d4f5", "label": "Shared with cars up to 15 km/h", "@osmId": "way/724548762" }, "geometry": { "type": "LineString", "coordinates": [ [ 116.3863216, 39.9044077 ], [ 116.3863176, 39.9045473 ] ] } },
{ "type": "Feature", "properties": { "index": 331, "color": "#3b4cc0", "label": "Designated", "@osmId": "way/1109718183" }, "geometry": { "type": "LineString", "coordinates": [ [ 116.3847737, 39.9046954 ], [ 116.3849742, 39.9047248 ], [ 116.385278, 39.9047406 ] ] } },
{ "type": "Feature", "properties": { "index": 332, "color": "#c0d4f5", "label": "Shared with cars up to 15 km/h", "@osmId": "way/525967876" }, "geometry": { "type": "LineString", "coordinates": [ [ 116.3854401, 39.9052077 ], [ 116.3852704, 39.9051672 ], [ 116.3852412, 39.9051602 ], [ 116.384534, 39.905146 ] ] } },
{ "type": "Feature", "properties": { "index": 333, "color": "#3b4cc0", "label": "Designated", "@osmId": "way/525967878" }, "geometry": { "type": "LineString", "coordinates": [ [ 116.3844515, 39.9055395 ], [ 116.3850879, 39.9055621 ], [ 116.3851315, 39.9055637 ], [ 116.3852051, 39.9055675 ] ] } },
{ "type": "Feature", "properties": { "index": 334, "color": "#3b4cc0", "label": "Designated", "@osmId": "way/687831275" }, "geometry": { "type": "LineString", "coordinates": [ [ 116.3852051, 39.9055675 ], [ 116.3854205, 39.9055674 ], [ 116.3856992, 39.905569 ] ] } },
{ "type": "Feature", "properties": { "index": 335, "color": "#3b4cc0", "label": "Designated", "@osmId": "way/115107911" }, "geometry": { "type": "LineString", "coordinates": [ [ 116.3842083, 39.9059369 ], [ 116.3846828, 39.9059505 ], [ 116.3861174, 39.9059916 ] ] } },
{ "type": "Feature", "properties": { "index": 336, "color": "#3b4cc0", "label": "Designated", "@osmId": "way/115107913" }, "geometry": { "type": "LineString", "coordinates": [ [ 116.3842071, 39.9059785 ], [ 116.3861135, 39.9060299 ] ] } },
{ "type": "Feature", "properties": { "index": 337, "color": "#3b4cc0", "label": "Designated", "@osmId": "way/687801382" }, "geometry": { "type": "LineString", "coordinates": [ [ 116.3890335, 39.90507 ], [ 116.3890063, 39.9050692 ], [ 116.3884604, 39.9050523 ], [ 116.3864806, 39.9049958 ], [ 116.3864779, 39.9049752 ], [ 116.3858171, 39.9049583 ], [ 116.3857564, 39.9049567 ] ] } },
{ "type": "Feature", "properties": { "index": 338, "color": "#c0d4f5", "label": "Shared with cars up to 15 km/h", "@osmId": "way/478557016" }, "geometry": { "type": "LineString", "coordinates": [ [ 116.3866445, 39.905923 ], [ 116.3866539, 39.9057644 ], [ 116.3866577, 39.9056496 ], [ 116.3866594, 39.9056155 ], [ 116.3866709, 39.9053768 ], [ 116.3866739, 39.9053156 ], [ 116.3866744, 39.9053049 ], [ 116.3867119, 39.9052185 ], [ 116.3868132, 39.9051707 ], [ 116.3869346, 39.9051526 ], [ 116.3879029, 39.9051753 ], [ 116.3880229, 39.9051933 ], [ 116.3881041, 39.9052329 ], [ 116.3881577, 39.9053502 ], [ 116.3881573, 39.9053588 ], [ 116.3881547, 39.9054199 ], [ 116.3881441, 39.9056638 ], [ 116.3881428, 39.9056936 ], [ 116.3881445, 39.9057994 ] ] } },
{ "type": "Feature", "properties": { "index": 339, "color": "#3b4cc0", "label": "Designated", "@osmId": "way/687831273" }, "geometry": { "type": "LineString", "coordinates": [ [ 116.3888731, 39.905546 ], [ 116.3888724, 39.9055714 ] ] } },
{ "type": "Feature", "properties": { "index": 340, "color": "#3b4cc0", "label": "Designated", "@osmId": "way/687831274" }, "geometry": { "type": "LineString", "coordinates": [ [ 116.3887589, 39.9056839 ], [ 116.3887627, 39.9055883 ], [ 116.3887645, 39.9055431 ], [ 116.3888731, 39.905546 ], [ 116.3889187, 39.9055472 ], [ 116.3892547, 39.9055561 ] ] } },
{ "type": "Feature", "properties": { "index": 341, "color": "#3b4cc0", "label": "Designated", "@osmId": "way/478109327" }, "geometry": { "type": "LineString", "coordinates": [ [ 116.3888651, 39.905663 ], [ 116.3888708, 39.9055916 ], [ 116.3888724, 39.9055714 ] ] } },
{ "type": "Feature", "properties": { "index": 342, "color": "#808080", "label": "Unknown", "@osmId": "way/707723441" }, "geometry": { "type": "LineString", "coordinates": [ [ 116.3855503, 39.9058974 ], [ 116.3859689, 39.9057474 ], [ 116.3866539, 39.9057644 ], [ 116.3881445, 39.9057994 ], [ 116.3893597, 39.9058189 ] ] } },
{ "type": "Feature", "properties": { "index": 343, "color": "#3b4cc0", "label": "Designated", "@osmId": "way/477732130" }, "geometry": { "type": "LineString", "coordinates": [ [ 116.3888679, 39.9064477 ], [ 116.3888651, 39.905663 ], [ 116.3893669, 39.9056775 ] ] } },
{ "type": "Feature", "properties": { "index": 344, "color": "#808080", "label": "Unknown", "@osmId": "way/707723442" }, "geometry": { "type": "LineString", "coordinates": [ [ 116.3893333, 39.9063402 ], [ 116.3884923, 39.9063209 ], [ 116.3882375, 39.906325 ], [ 116.3860917, 39.9062647 ], [ 116.3858767, 39.9062587 ], [ 116.3856338, 39.9061421 ] ] } },
{ "type": "Feature", "properties": { "index": 345, "color": "#3b4cc0", "label": "Designated", "@osmId": "way/951781315" }, "geometry": { "type": "LineString", "coordinates": [ [ 116.3830091, 39.9056752 ], [ 116.3830092, 39.9054124 ] ] } },
{ "type": "Feature", "properties": { "index": 346, "color": "#3b4cc0", "label": "Designated", "@osmId": "way/1010198657" }, "geometry": { "type": "LineString", "coordinates": [ [ 116.381876, 39.9054768 ], [ 116.3818797, 39.9056292 ], [ 116.3818445, 39.9056463 ], [ 116.3814425, 39.9056284 ] ] } },
{ "type": "Feature", "properties": { "index": 347, "color": "#3b4cc0", "label": "Designated", "@osmId": "way/121309821" }, "geometry": { "type": "LineString", "coordinates": [ [ 116.3824278, 39.9056091 ], [ 116.3827726, 39.9056169 ] ] } },
{ "type": "Feature", "properties": { "index": 348, "color": "#3b4cc0", "label": "Designated", "@osmId": "way/1010198658" }, "geometry": { "type": "LineString", "coordinates": [ [ 116.3814425, 39.9056284 ], [ 116.3811755, 39.9056228 ] ] } },
{ "type": "Feature", "properties": { "index": 349, "color": "#3b4cc0", "label": "Designated", "@osmId": "way/1010198656" }, "geometry": { "type": "LineString", "coordinates": [ [ 116.3820991, 39.9056279 ], [ 116.3819567, 39.9056288 ], [ 116.3818797, 39.9056292 ] ] } },
{ "type": "Feature", "properties": { "index": 350, "color": "#3b4cc0", "label": "Designated", "@osmId": "way/302726369" }, "geometry": { "type": "LineString", "coordinates": [ [ 116.3823869, 39.9056571 ], [ 116.3823791, 39.9056098 ], [ 116.3824278, 39.9056091 ] ] } },
{ "type": "Feature", "properties": { "index": 351, "color": "#3b4cc0", "label": "Designated", "@osmId": "way/1010198655" }, "geometry": { "type": "LineString", "coordinates": [ [ 116.3851315, 39.9055637 ], [ 116.385029, 39.905626 ], [ 116.3849348, 39.9056832 ], [ 116.3846479, 39.905723 ], [ 116.3839502, 39.9057027 ], [ 116.3830091, 39.9056752 ], [ 116.3823869, 39.9056571 ], [ 116.3821472, 39.9056335 ], [ 116.3820991, 39.9056279 ] ] } },
{ "type": "Feature", "properties": { "index": 352, "color": "#3b4cc0", "label": "Designated", "@osmId": "way/121309819" }, "geometry": { "type": "LineString", "coordinates": [ [ 116.3827531, 39.9061745 ], [ 116.3827726, 39.9056169 ] ] } },
{ "type": "Feature", "properties": { "index": 353, "color": "#808080", "label": "Unknown", "@osmId": "way/588327415" }, "geometry": { "type": "LineString", "coordinates": [ [ 116.3856338, 39.9061421 ], [ 116.3855503, 39.9058974 ] ] } },
{ "type": "Feature", "properties": { "index": 354, "color": "#3b4cc0", "label": "Designated", "@osmId": "way/687806057" }, "geometry": { "type": "LineString", "coordinates": [ [ 116.3866858, 39.9063836 ], [ 116.386552, 39.9063798 ] ] } },
{ "type": "Feature", "properties": { "index": 355, "color": "#3b4cc0", "label": "Designated", "@osmId": "way/1007630680" }, "geometry": { "type": "LineString", "coordinates": [ [ 116.3858787, 39.9063921 ], [ 116.3856755, 39.9063852 ], [ 116.3855259, 39.9063801 ] ] } },
{ "type": "Feature", "properties": { "index": 356, "color": "#3b4cc0", "label": "Designated", "@osmId": "way/687806056" }, "geometry": { "type": "LineString", "coordinates": [ [ 116.3867071, 39.9064277 ], [ 116.3867073, 39.9063836 ], [ 116.3866858, 39.9063836 ] ] } },
{ "type": "Feature", "properties": { "index": 357, "color": "#c0d4f5", "label": "Shared with cars up to 15 km/h", "@osmId": "way/650987746" }, "geometry": { "type": "LineString", "coordinates": [ [ 116.3853756, 39.9076718 ], [ 116.385448, 39.9076244 ], [ 116.3854912, 39.9069842 ] ] } },
{ "type": "Feature", "properties": { "index": 358, "color": "#808080", "label": "Unknown", "@osmId": "way/151018656" }, "geometry": { "type": "LineString", "coordinates": [ [ 116.3845792, 39.908433 ], [ 116.3846078, 39.9078602 ], [ 116.3846525, 39.9069667 ], [ 116.3854912, 39.9069842 ], [ 116.3856185, 39.9069868 ] ] } },
{ "type": "Feature", "properties": { "index": 359, "color": "#c0d4f5", "label": "Shared with cars up to 15 km/h", "@osmId": "way/650987745" }, "geometry": { "type": "LineString", "coordinates": [ [ 116.3850269, 39.9082252 ], [ 116.3850618, 39.9076574 ], [ 116.3853756, 39.9076718 ], [ 116.3853354, 39.9082458 ] ] } },
{ "type": "Feature", "properties": { "index": 360, "color": "#c0d4f5", "label": "Shared with cars up to 15 km/h", "@osmId": "way/59167992" }, "geometry": { "type": "LineString", "coordinates": [ [ 116.3854852, 39.9092563 ], [ 116.3863858, 39.909259 ], [ 116.3865001, 39.9071966 ], [ 116.3860699, 39.9068099 ], [ 116.3856486, 39.906805 ] ] } },
{ "type": "Feature", "properties": { "index": 361, "color": "#c0d4f5", "label": "Shared with cars up to 15 km/h", "@osmId": "way/651770980" }, "geometry": { "type": "LineString", "coordinates": [ [ 116.3855771, 39.9080984 ], [ 116.3861603, 39.9081086 ] ] } },
{ "type": "Feature", "properties": { "index": 362, "color": "#3b4cc0", "label": "Designated", "@osmId": "way/121309820" }, "geometry": { "type": "LineString", "coordinates": [ [ 116.3824465, 39.9061622 ], [ 116.3827531, 39.9061745 ], [ 116.3830816, 39.906198 ] ] } },
{ "type": "Feature", "properties": { "index": 363, "color": "#3b4cc0", "label": "Designated", "@osmId": "way/1147746448" }, "geometry": { "type": "LineString", "coordinates": [ [ 116.3824465, 39.9061622 ], [ 116.3823198, 39.9062019 ] ] } },
{ "type": "Feature", "properties": { "index": 364, "color": "#3b4cc0", "label": "Designated", "@osmId": "way/1147746447" }, "geometry": { "type": "LineString", "coordinates": [ [ 116.38316, 39.9062488 ], [ 116.3830816, 39.906198 ] ] } },
{ "type": "Feature", "properties": { "index": 365, "color": "#3b4cc0", "label": "Designated", "@osmId": "way/557310219" }, "geometry": { "type": "LineString", "coordinates": [ [ 116.3855259, 39.9063801 ], [ 116.3845012, 39.9063331 ], [ 116.3835115, 39.9062756 ], [ 116.38316, 39.9062488 ], [ 116.3823425, 39.9062033 ], [ 116.3823198, 39.9062019 ], [ 116.3813734, 39.9061447 ], [ 116.3797292, 39.9060863 ], [ 116.379706, 39.9060857 ], [ 116.3769456, 39.9060168 ], [ 116.376873, 39.9060266 ], [ 116.37683, 39.9060657 ], [ 116.376799, 39.9061138 ], [ 116.3763741, 39.9076953 ] ] } },
{ "type": "Feature", "properties": { "index": 366, "color": "#3b4cc0", "label": "Designated", "@osmId": "way/1030227333" }, "geometry": { "type": "LineString", "coordinates": [ [ 116.3804547, 39.9093164 ], [ 116.3805431, 39.9093262 ], [ 116.3806496, 39.9093443 ], [ 116.3806963, 39.9093751 ], [ 116.3807043, 39.9093911 ] ] } },
{ "type": "Feature", "properties": { "index": 367, "color": "#3b4cc0", "label": "Designated", "@osmId": "way/1030227332" }, "geometry": { "type": "LineString", "coordinates": [ [ 116.3804623, 39.9095304 ], [ 116.3805606, 39.9095263 ], [ 116.3806635, 39.9095168 ], [ 116.380699, 39.9094931 ], [ 116.3807068, 39.909462 ] ] } },
{ "type": "Feature", "properties": { "index": 368, "color": "#c0d4f5", "label": "Shared with cars up to 15 km/h", "@osmId": "way/650008851" }, "geometry": { "type": "LineString", "coordinates": [ [ 116.3842003, 39.9085523 ], [ 116.3841706, 39.9095809 ] ] } },
{ "type": "Feature", "properties": { "index": 369, "color": "#c0d4f5", "label": "Shared with cars up to 15 km/h", "@osmId": "way/650008853" }, "geometry": { "type": "LineString", "coordinates": [ [ 116.3848796, 39.9095855 ], [ 116.3841706, 39.9095809 ], [ 116.3839807, 39.90961 ], [ 116.3838986, 39.9096936 ], [ 116.3838902, 39.9097654 ] ] } },
{ "type": "Feature", "properties": { "index": 370, "color": "#808080", "label": "Unknown", "@osmId": "way/173229517" }, "geometry": { "type": "LineString", "coordinates": [ [ 116.3851805, 39.9133673 ], [ 116.3851905, 39.9130445 ], [ 116.3853867, 39.9113133 ], [ 116.3853952, 39.9112282 ], [ 116.3854737, 39.9101177 ], [ 116.3854467, 39.9097979 ], [ 116.3854852, 39.9092563 ], [ 116.3855771, 39.9080984 ], [ 116.3855816, 39.907977 ], [ 116.3856064, 39.9073105 ], [ 116.3856185, 39.9069868 ], [ 116.3856486, 39.906805 ], [ 116.385675, 39.9065601 ], [ 116.3856753, 39.9064727 ], [ 116.3856755, 39.9063852 ], [ 116.3856338, 39.9061421 ] ] } },
{ "type": "Feature", "properties": { "index": 371, "color": "#c0d4f5", "label": "Shared with cars up to 15 km/h", "@osmId": "way/650006041" }, "geometry": { "type": "LineString", "coordinates": [ [ 116.3854467, 39.9097979 ], [ 116.3853518, 39.9097928 ], [ 116.3850012, 39.9097723 ], [ 116.3842595, 39.9097771 ], [ 116.3838902, 39.9097654 ], [ 116.383868, 39.9097647 ], [ 116.3837097, 39.9097644 ] ] } },
{ "type": "Feature", "properties": { "index": 372, "color": "#7b9ff9", "label": "Shared with bikes", "@osmId": "way/1030194954" }, "geometry": { "type": "LineString", "coordinates": [ [ 116.3842505, 39.9101341 ], [ 116.3837043, 39.9101256 ], [ 116.3837097, 39.9097644 ] ] } },
{ "type": "Feature", "properties": { "index": 373, "color": "#3b4cc0", "label": "Designated", "@osmId": "way/468870455" }, "geometry": { "type": "LineString", "coordinates": [ [ 116.3854737, 39.9101177 ], [ 116.3855681, 39.9101182 ] ] } },
{ "type": "Feature", "properties": { "index": 374, "color": "#c0d4f5", "label": "Shared with cars up to 15 km/h", "@osmId": "way/650006042" }, "geometry": { "type": "LineString", "coordinates": [ [ 116.3842595, 39.9097771 ], [ 116.3842505, 39.9101341 ], [ 116.3842488, 39.9102006 ], [ 116.3842352, 39.9104854 ] ] } },
{ "type": "Feature", "properties": { "index": 375, "color": "#c0d4f5", "label": "Shared with cars up to 15 km/h", "@osmId": "way/1030194953" }, "geometry": { "type": "LineString", "coordinates": [ [ 116.3842488, 39.9102006 ], [ 116.3849802, 39.9102027 ] ] } },
{ "type": "Feature", "properties": { "index": 376, "color": "#c0d4f5", "label": "Shared with cars up to 15 km/h", "@osmId": "way/650006040" }, "geometry": { "type": "LineString", "coordinates": [ [ 116.384957, 39.9110403 ], [ 116.3849725, 39.9104796 ], [ 116.3849802, 39.9102027 ], [ 116.3850012, 39.9097723 ] ] } },
{ "type": "Feature", "properties": { "index": 377, "color": "#c0d4f5", "label": "Shared with cars up to 15 km/h", "@osmId": "way/1030194952" }, "geometry": { "type": "LineString", "coordinates": [ [ 116.383624, 39.9104846 ], [ 116.3836436, 39.9104846 ], [ 116.3842352, 39.9104854 ], [ 116.3849725, 39.9104796 ] ] } },
{ "type": "Feature", "properties": { "index": 378, "color": "#c0d4f5", "label": "Shared with cars up to 15 km/h", "@osmId": "way/650978632" }, "geometry": { "type": "LineString", "coordinates": [ [ 116.3832785, 39.9095467 ], [ 116.3833651, 39.9095451 ], [ 116.3835583, 39.9095416 ], [ 116.3836858, 39.9095675 ], [ 116.3837824, 39.9095956 ], [ 116.3838986, 39.9096936 ] ] } },
{ "type": "Feature", "properties": { "index": 379, "color": "#c0d4f5", "label": "Shared with cars up to 15 km/h", "@osmId": "way/1030194950" }, "geometry": { "type": "LineString", "coordinates": [ [ 116.3832174, 39.9106657 ], [ 116.383622, 39.9106689 ], [ 116.383624, 39.9104846 ], [ 116.3836286, 39.9100637 ] ] } },
{ "type": "Feature", "properties": { "index": 380, "color": "#c0d4f5", "label": "Shared with cars up to 15 km/h", "@osmId": "way/757093418" }, "geometry": { "type": "LineString", "coordinates": [ [ 116.3813604, 39.9104503 ], [ 116.3813925, 39.9104396 ] ] } },
{ "type": "Feature", "properties": { "index": 381, "color": "#808080", "label": "Unknown", "@osmId": "way/127843736" }, "geometry": { "type": "LineString", "coordinates": [ [ 116.367954, 39.9056887 ], [ 116.367947, 39.9058576 ] ] } },
{ "type": "Feature", "properties": { "index": 382, "color": "#3b4cc0", "label": "Designated", "@osmId": "way/521039208" }, "geometry": { "type": "LineString", "coordinates": [ [ 116.367825, 39.906079 ], [ 116.3679265, 39.9060806 ], [ 116.3680815, 39.9060831 ], [ 116.3682012, 39.9060851 ] ] } },
{ "type": "Feature", "properties": { "index": 383, "color": "#808080", "label": "Unknown", "@osmId": "way/30834259" }, "geometry": { "type": "LineString", "coordinates": [ [ 116.367947, 39.9058576 ], [ 116.3679265, 39.9060806 ], [ 116.36784, 39.9075702 ], [ 116.3678185, 39.9082942 ], [ 116.3678106, 39.9085018 ] ] } },
{ "type": "Feature", "properties": { "index": 384, "color": "#3b4cc0", "label": "Designated", "@osmId": "way/921899078" }, "geometry": { "type": "LineString", "coordinates": [ [ 116.3681604, 39.9072391 ], [ 116.3681943, 39.9072425 ] ] } },
{ "type": "Feature", "properties": { "index": 385, "color": "#3b4cc0", "label": "Designated", "@osmId": "way/905140611" }, "geometry": { "type": "LineString", "coordinates": [ [ 116.3681943, 39.9072425 ], [ 116.3681964, 39.9073897 ] ] } },
{ "type": "Feature", "properties": { "index": 386, "color": "#3b4cc0", "label": "Designated", "@osmId": "way/227325491" }, "geometry": { "type": "LineString", "coordinates": [ [ 116.3681964, 39.9073897 ], [ 116.3681889, 39.9077314 ] ] } },
{ "type": "Feature", "properties": { "index": 387, "color": "#3b4cc0", "label": "Designated", "@osmId": "way/921899077" }, "geometry": { "type": "LineString", "coordinates": [ [ 116.3681889, 39.9077314 ], [ 116.3681717, 39.9079293 ] ] } },
{ "type": "Feature", "properties": { "index": 388, "color": "#3b4cc0", "label": "Designated", "@osmId": "way/921899080" }, "geometry": { "type": "LineString", "coordinates": [ [ 116.3681717, 39.9079293 ], [ 116.3680339, 39.9079129 ] ] } },
{ "type": "Feature", "properties": { "index": 389, "color": "#3b4cc0", "label": "Designated", "@osmId": "way/521039221" }, "geometry": { "type": "LineString", "coordinates": [ [ 116.3680168, 39.9085006 ], [ 116.3680322, 39.9083589 ], [ 116.3680297, 39.908305 ], [ 116.3680283, 39.9082297 ], [ 116.3680258, 39.908101 ], [ 116.3680339, 39.9079129 ] ] } },
{ "type": "Feature", "properties": { "index": 390, "color": "#3b4cc0", "label": "Designated", "@osmId": "way/915047148" }, "geometry": { "type": "LineString", "coordinates": [ [ 116.3699649, 39.9061046 ], [ 116.3700638, 39.9061024 ], [ 116.3701166, 39.9061022 ], [ 116.3702052, 39.9061019 ] ] } },
{ "type": "Feature", "properties": { "index": 391, "color": "#3b4cc0", "label": "Designated", "@osmId": "way/915491787" }, "geometry": { "type": "LineString", "coordinates": [ [ 116.3715018, 39.9061028 ], [ 116.3716044, 39.9061058 ], [ 116.3717208, 39.9061096 ] ] } },
{ "type": "Feature", "properties": { "index": 392, "color": "#808080", "label": "Unknown", "@osmId": "way/217107639" }, "geometry": { "type": "LineString", "coordinates": [ [ 116.3704793, 39.9058618 ], [ 116.3703375, 39.905949 ], [ 116.3702295, 39.9059526 ], [ 116.3701593, 39.905986 ], [ 116.3701164, 39.9060736 ], [ 116.3701166, 39.9061022 ], [ 116.3701236, 39.9074349 ], [ 116.3701251, 39.9074911 ], [ 116.3700885, 39.9075671 ] ] } },
{ "type": "Feature", "properties": { "index": 393, "color": "#808080", "label": "Unknown", "@osmId": "way/59189062" }, "geometry": { "type": "LineString", "coordinates": [ [ 116.3701816, 39.9091591 ], [ 116.3702925, 39.9091561 ], [ 116.370823, 39.9091419 ], [ 116.3716673, 39.9091137 ], [ 116.3716865, 39.9091131 ], [ 116.3716732, 39.9088548 ], [ 116.3716728, 39.9088468 ], [ 116.3716459, 39.9081836 ], [ 116.3716449, 39.9081136 ], [ 116.3716445, 39.9080817 ], [ 116.3716045, 39.9062612 ], [ 116.3716044, 39.9061058 ], [ 116.3716045, 39.9060484 ], [ 116.3716052, 39.9058649 ] ] } },
{ "type": "Feature", "properties": { "index": 394, "color": "#3b4cc0", "label": "Designated", "@osmId": "way/915047141" }, "geometry": { "type": "LineString", "coordinates": [ [ 116.3702079, 39.9076896 ], [ 116.3700905, 39.9076892 ], [ 116.3699592, 39.9076887 ], [ 116.3699537, 39.9075634 ], [ 116.3699506, 39.9074926 ], [ 116.3700553, 39.9074914 ], [ 116.3701251, 39.9074911 ], [ 116.3701951, 39.9074905 ] ] } },
{ "type": "Feature", "properties": { "index": 395, "color": "#3b4cc0", "label": "Designated", "@osmId": "way/915921584" }, "geometry": { "type": "LineString", "coordinates": [ [ 116.3702079, 39.9076896 ], [ 116.3701951, 39.9074905 ] ] } },
{ "type": "Feature", "properties": { "index": 396, "color": "#3b4cc0", "label": "Designated", "@osmId": "way/915047147" }, "geometry": { "type": "LineString", "coordinates": [ [ 116.3701951, 39.9074905 ], [ 116.3702052, 39.9061019 ], [ 116.3702443, 39.9060739 ], [ 116.371417, 39.906085 ], [ 116.3715018, 39.9061028 ], [ 116.3715139, 39.9061992 ], [ 116.3716186, 39.908114 ], [ 116.3716211, 39.9081732 ], [ 116.3716217, 39.9081863 ], [ 116.37165, 39.9088564 ], [ 116.3716673, 39.9091137 ], [ 116.3716684, 39.9091307 ], [ 116.370823, 39.9091609 ], [ 116.3702939, 39.9091799 ] ] } },
{ "type": "Feature", "properties": { "index": 397, "color": "#3b4cc0", "label": "Designated", "@osmId": "way/915047142" }, "geometry": { "type": "LineString", "coordinates": [ [ 116.3702097, 39.9077681 ], [ 116.3702079, 39.9076896 ] ] } },
{ "type": "Feature", "properties": { "index": 398, "color": "#3b4cc0", "label": "Designated", "@osmId": "way/915047143" }, "geometry": { "type": "LineString", "coordinates": [ [ 116.3702139, 39.9078159 ], [ 116.3702097, 39.9077681 ] ] } },
{ "type": "Feature", "properties": { "index": 399, "color": "#3b4cc0", "label": "Designated", "@osmId": "way/915047144" }, "geometry": { "type": "LineString", "coordinates": [ [ 116.3702296, 39.908009 ], [ 116.3702139, 39.9078159 ] ] } },
{ "type": "Feature", "properties": { "index": 400, "color": "#3b4cc0", "label": "Designated", "@osmId": "way/915047145" }, "geometry": { "type": "LineString", "coordinates": [ [ 116.3702318, 39.9080642 ], [ 116.370231, 39.9080449 ], [ 116.3702296, 39.908009 ] ] } },
{ "type": "Feature", "properties": { "index": 401, "color": "#c0d4f5", "label": "Shared with cars up to 15 km/h", "@osmId": "way/59188972" }, "geometry": { "type": "LineString", "coordinates": [ [ 116.3708415, 39.9084021 ], [ 116.3705868, 39.9084118 ], [ 116.370562, 39.9084127 ], [ 116.370542, 39.9082125 ], [ 116.3703888, 39.9080673 ], [ 116.3703745, 39.9080538 ], [ 116.370231, 39.9080449 ], [ 116.3700963, 39.9080366 ] ] } },
{ "type": "Feature", "properties": { "index": 402, "color": "#3b4cc0", "label": "Designated", "@osmId": "way/918581054" }, "geometry": { "type": "LineString", "coordinates": [ [ 116.3708245, 39.9084209 ], [ 116.3708411, 39.9084197 ], [ 116.371007, 39.9084072 ], [ 116.3710286, 39.9082708 ], [ 116.3710312, 39.9082545 ], [ 116.3712277, 39.9082105 ], [ 116.3716211, 39.9081732 ] ] } },
{ "type": "Feature", "properties": { "index": 403, "color": "#3b4cc0", "label": "Designated", "@osmId": "way/915047139" }, "geometry": { "type": "LineString", "coordinates": [ [ 116.3700149, 39.9083257 ], [ 116.370122, 39.9083245 ], [ 116.3702442, 39.9083273 ] ] } },
{ "type": "Feature", "properties": { "index": 404, "color": "#3b4cc0", "label": "Designated", "@osmId": "way/915047137" }, "geometry": { "type": "LineString", "coordinates": [ [ 116.3700296, 39.9084936 ], [ 116.3700191, 39.9083923 ], [ 116.3700149, 39.9083257 ] ] } },
{ "type": "Feature", "properties": { "index": 405, "color": "#808080", "label": "Unknown", "@osmId": "way/59189034" }, "geometry": { "type": "LineString", "coordinates": [ [ 116.3721335, 39.9088051 ], [ 116.3720961, 39.9080755 ], [ 116.3716445, 39.9080817 ] ] } },
{ "type": "Feature", "properties": { "index": 406, "color": "#3b4cc0", "label": "Designated", "@osmId": "way/918550710" }, "geometry": { "type": "LineString", "coordinates": [ [ 116.3716186, 39.908114 ], [ 116.3716449, 39.9081136 ], [ 116.3720864, 39.9081067 ], [ 116.372122, 39.9088061 ], [ 116.3721229, 39.9088235 ] ] } },
{ "type": "Feature", "properties": { "index": 407, "color": "#3b4cc0", "label": "Designated", "@osmId": "way/915047138" }, "geometry": { "type": "LineString", "coordinates": [ [ 116.3700296, 39.9084936 ], [ 116.3701368, 39.90849 ], [ 116.3702539, 39.908495 ] ] } },
{ "type": "Feature", "properties": { "index": 408, "color": "#3b4cc0", "label": "Designated", "@osmId": "way/918581053" }, "geometry": { "type": "LineString", "coordinates": [ [ 116.370823, 39.9091609 ], [ 116.370823, 39.9091419 ], [ 116.3708245, 39.9084209 ], [ 116.3705885, 39.9084317 ], [ 116.3705868, 39.9084118 ], [ 116.3705706, 39.9082174 ], [ 116.3704035, 39.9080676 ], [ 116.3703888, 39.9080673 ], [ 116.3702318, 39.9080642 ] ] } },
{ "type": "Feature", "properties": { "index": 409, "color": "#3b4cc0", "label": "Designated", "@osmId": "way/915047136" }, "geometry": { "type": "LineString", "coordinates": [ [ 116.3702939, 39.9091799 ], [ 116.3702925, 39.9091561 ], [ 116.3702539, 39.908495 ], [ 116.3702442, 39.9083273 ], [ 116.3702318, 39.9080642 ] ] } },
{ "type": "Feature", "properties": { "index": 410, "color": "#3b4cc0", "label": "Designated", "@osmId": "way/915097543" }, "geometry": { "type": "LineString", "coordinates": [ [ 116.3679916, 39.9083595 ], [ 116.3680103, 39.9083592 ], [ 116.3680322, 39.9083589 ] ] } },
{ "type": "Feature", "properties": { "index": 411, "color": "#3b4cc0", "label": "Designated", "@osmId": "way/915097542" }, "geometry": { "type": "LineString", "coordinates": [ [ 116.367988, 39.9084308 ], [ 116.3679916, 39.9083595 ] ] } },
{ "type": "Feature", "properties": { "index": 412, "color": "#3b4cc0", "label": "Designated", "@osmId": "way/33657971" }, "geometry": { "type": "LineString", "coordinates": [ [ 116.3677414, 39.9084293 ], [ 116.367988, 39.9084308 ] ] } },
{ "type": "Feature", "properties": { "index": 413, "color": "#808080", "label": "Unknown", "@osmId": "way/1128446932" }, "geometry": { "type": "LineString", "coordinates": [ [ 116.3680674, 39.9040232 ], [ 116.3680993, 39.905513 ], [ 116.3680938, 39.9056879 ], [ 116.3680881, 39.90587 ], [ 116.3680815, 39.9060831 ], [ 116.368035, 39.9075694 ], [ 116.368012, 39.9083041 ], [ 116.3680103, 39.9083592 ], [ 116.3679982, 39.9087459 ], [ 116.3679738, 39.9095246 ], [ 116.3679723, 39.9095722 ], [ 116.3679689, 39.9096806 ], [ 116.3679168, 39.9113471 ], [ 116.3679141, 39.9114331 ], [ 116.367899, 39.9119181 ], [ 116.367881, 39.9124948 ], [ 116.3678599, 39.9131692 ], [ 116.3678308, 39.9132171 ] ] } },
{ "type": "Feature", "properties": { "index": 414, "color": "#3b4cc0", "label": "Designated", "@osmId": "way/521039222" }, "geometry": { "type": "LineString", "coordinates": [ [ 116.3680168, 39.9085006 ], [ 116.3679982, 39.9087459 ], [ 116.3679401, 39.9095108 ], [ 116.3679372, 39.9095718 ], [ 116.3679329, 39.9096805 ] ] } },
{ "type": "Feature", "properties": { "index": 415, "color": "#3b4cc0", "label": "Designated", "@osmId": "way/521039223" }, "geometry": { "type": "LineString", "coordinates": [ [ 116.3679329, 39.9096805 ], [ 116.3678995, 39.9102749 ] ] } },
{ "type": "Feature", "properties": { "index": 416, "color": "#3b4cc0", "label": "Designated", "@osmId": "way/33657973" }, "geometry": { "type": "LineString", "coordinates": [ [ 116.3676696, 39.9104482 ], [ 116.3679086, 39.9104537 ], [ 116.3680548, 39.9104582 ] ] } },
{ "type": "Feature", "properties": { "index": 417, "color": "#3b4cc0", "label": "Designated", "@osmId": "way/915097532" }, "geometry": { "type": "LineString", "coordinates": [ [ 116.3678995, 39.9102749 ], [ 116.3678972, 39.9103272 ], [ 116.3678853, 39.9106024 ], [ 116.3678829, 39.9106319 ], [ 116.3678708, 39.910784 ] ] } },
{ "type": "Feature", "properties": { "index": 418, "color": "#3b4cc0", "label": "Designated", "@osmId": "way/921899083" }, "geometry": { "type": "LineString", "coordinates": [ [ 116.3679086, 39.9104537 ], [ 116.3679012, 39.9106324 ] ] } },
{ "type": "Feature", "properties": { "index": 419, "color": "#3b4cc0", "label": "Designated", "@osmId": "way/921899084" }, "geometry": { "type": "LineString", "coordinates": [ [ 116.3679012, 39.9106324 ], [ 116.3678829, 39.9106319 ] ] } },
{ "type": "Feature", "properties": { "index": 420, "color": "#c0d4f5", "label": "Shared with cars up to 15 km/h", "@osmId": "way/59189050" }, "geometry": { "type": "LineString", "coordinates": [ [ 116.370823, 39.9091419 ], [ 116.3708411, 39.9084197 ], [ 116.3708415, 39.9084021 ], [ 116.3709962, 39.9083948 ], [ 116.3710135, 39.9082748 ], [ 116.3710286, 39.9082708 ], [ 116.3711517, 39.9082379 ], [ 116.3716217, 39.9081863 ], [ 116.3716459, 39.9081836 ] ] } },
{ "type": "Feature", "properties": { "index": 421, "color": "#3b4cc0", "label": "Designated", "@osmId": "way/918550711" }, "geometry": { "type": "LineString", "coordinates": [ [ 116.3721229, 39.9088235 ], [ 116.3716732, 39.9088548 ], [ 116.37165, 39.9088564 ] ] } },
{ "type": "Feature", "properties": { "index": 422, "color": "#3b4cc0", "label": "Designated", "@osmId": "way/915047135" }, "geometry": { "type": "LineString", "coordinates": [ [ 116.3703025, 39.9092474 ], [ 116.3702939, 39.9091799 ] ] } },
{ "type": "Feature", "properties": { "index": 423, "color": "#808080", "label": "Unknown", "@osmId": "way/217107637" }, "geometry": { "type": "LineString", "coordinates": [ [ 116.3700885, 39.9075671 ], [ 116.3700905, 39.9076892 ], [ 116.3700914, 39.9077451 ], [ 116.3700963, 39.9080366 ], [ 116.370122, 39.9083245 ], [ 116.370127, 39.9083948 ], [ 116.3701368, 39.90849 ], [ 116.3701394, 39.9085627 ], [ 116.3701816, 39.9091591 ], [ 116.3702133, 39.9095106 ], [ 116.3702178, 39.9095607 ], [ 116.3702224, 39.9096119 ], [ 116.3702356, 39.9096976 ], [ 116.3702456, 39.9097628 ], [ 116.3702585, 39.910181 ], [ 116.3702624, 39.9102472 ], [ 116.3702798, 39.9105437 ], [ 116.3702993, 39.9108771 ], [ 116.370301, 39.9109066 ] ] } },
{ "type": "Feature", "properties": { "index": 424, "color": "#3b4cc0", "label": "Designated", "@osmId": "way/915047134" }, "geometry": { "type": "LineString", "coordinates": [ [ 116.3703312, 39.9095623 ], [ 116.3703025, 39.9092474 ] ] } },
{ "type": "Feature", "properties": { "index": 425, "color": "#3b4cc0", "label": "Designated", "@osmId": "way/918581052" }, "geometry": { "type": "LineString", "coordinates": [ [ 116.3716684, 39.9091307 ], [ 116.3717453, 39.9091611 ], [ 116.3718525, 39.9093539 ], [ 116.371878, 39.909529 ], [ 116.3718784, 39.9097646 ] ] } },
{ "type": "Feature", "properties": { "index": 426, "color": "#3b4cc0", "label": "Designated", "@osmId": "way/915047130" }, "geometry": { "type": "LineString", "coordinates": [ [ 116.3701057, 39.9095592 ], [ 116.3702178, 39.9095607 ], [ 116.3703312, 39.9095623 ] ] } },
{ "type": "Feature", "properties": { "index": 427, "color": "#3b4cc0", "label": "Designated", "@osmId": "way/915047125" }, "geometry": { "type": "LineString", "coordinates": [ [ 116.3701088, 39.9096939 ], [ 116.3701068, 39.9096086 ], [ 116.3701057, 39.9095592 ] ] } },
{ "type": "Feature", "properties": { "index": 428, "color": "#3b4cc0", "label": "Designated", "@osmId": "way/915047133" }, "geometry": { "type": "LineString", "coordinates": [ [ 116.3703287, 39.9097004 ], [ 116.3703312, 39.9095623 ] ] } },
{ "type": "Feature", "properties": { "index": 429, "color": "#3b4cc0", "label": "Designated", "@osmId": "way/915047131" }, "geometry": { "type": "LineString", "coordinates": [ [ 116.3701088, 39.9096939 ], [ 116.3702356, 39.9096976 ], [ 116.3703287, 39.9097004 ] ] } },
{ "type": "Feature", "properties": { "index": 430, "color": "#3b4cc0", "label": "Designated", "@osmId": "way/915047140" }, "geometry": { "type": "LineString", "coordinates": [ [ 116.3700149, 39.9083257 ], [ 116.3699592, 39.9076887 ] ] } },
{ "type": "Feature", "properties": { "index": 431, "color": "#808080", "label": "Unknown", "@osmId": "way/59189078" }, "geometry": { "type": "LineString", "coordinates": [ [ 116.3694294, 39.9083786 ], [ 116.3693218, 39.908309 ], [ 116.3680297, 39.908305 ], [ 116.368012, 39.9083041 ], [ 116.3678185, 39.9082942 ] ] } },
{ "type": "Feature", "properties": { "index": 432, "color": "#808080", "label": "Unknown", "@osmId": "way/59189007" }, "geometry": { "type": "LineString", "coordinates": [ [ 116.3694294, 39.9083786 ], [ 116.3694365, 39.9083788 ], [ 116.3700191, 39.9083923 ], [ 116.370127, 39.9083948 ] ] } },
{ "type": "Feature", "properties": { "index": 433, "color": "#c0d4f5", "label": "Shared with cars up to 15 km/h", "@osmId": "way/1157411500" }, "geometry": { "type": "LineString", "coordinates": [ [ 116.3694365, 39.9083788 ], [ 116.3694199, 39.9095617 ], [ 116.3694195, 39.909589 ] ] } },
{ "type": "Feature", "properties": { "index": 434, "color": "#3b4cc0", "label": "Designated", "@osmId": "way/915047122" }, "geometry": { "type": "LineString", "coordinates": [ [ 116.3679401, 39.9095108 ], [ 116.3679738, 39.9095246 ], [ 116.3680266, 39.9095463 ], [ 116.368568, 39.9095612 ], [ 116.3694199, 39.9095617 ], [ 116.3701057, 39.9095592 ], [ 116.3700296, 39.9084936 ] ] } },
{ "type": "Feature", "properties": { "index": 435, "color": "#808080", "label": "Unknown", "@osmId": "way/33459798" }, "geometry": { "type": "LineString", "coordinates": [ [ 116.3702224, 39.9096119 ], [ 116.3701068, 39.9096086 ], [ 116.3694195, 39.909589 ], [ 116.3679723, 39.9095722 ], [ 116.3679372, 39.9095718 ], [ 116.3677843, 39.9095683 ] ] } },
{ "type": "Feature", "properties": { "index": 436, "color": "#3b4cc0", "label": "Designated", "@osmId": "way/915047123" }, "geometry": { "type": "LineString", "coordinates": [ [ 116.3679329, 39.9096805 ], [ 116.3679689, 39.9096806 ], [ 116.369417, 39.9096849 ], [ 116.3694364, 39.909685 ], [ 116.3701088, 39.9096939 ] ] } },
{ "type": "Feature", "properties": { "index": 437, "color": "#808080", "label": "Unknown", "@osmId": "way/1217444637" }, "geometry": { "type": "LineString", "coordinates": [ [ 116.3702624, 39.9102472 ], [ 116.3701783, 39.9102463 ], [ 116.3694224, 39.9102381 ] ] } },
{ "type": "Feature", "properties": { "index": 438, "color": "#808080", "label": "Unknown", "@osmId": "way/59188991" }, "geometry": { "type": "LineString", "coordinates": [ [ 116.369497, 39.910956 ], [ 116.3693833, 39.910953 ], [ 116.369417, 39.9096849 ], [ 116.3694195, 39.909589 ] ] } },
{ "type": "Feature", "properties": { "index": 439, "color": "#3b4cc0", "label": "Designated", "@osmId": "way/915047127" }, "geometry": { "type": "LineString", "coordinates": [ [ 116.3702244, 39.9108817 ], [ 116.3695279, 39.9109398 ], [ 116.3694046, 39.9109375 ], [ 116.3694224, 39.9102381 ], [ 116.3694364, 39.909685 ] ] } },
{ "type": "Feature", "properties": { "index": 440, "color": "#808080", "label": "Unknown", "@osmId": "way/154865087" }, "geometry": { "type": "LineString", "coordinates": [ [ 116.3678106, 39.9085018 ], [ 116.3677843, 39.9095683 ], [ 116.3677643, 39.9105704 ], [ 116.3677572, 39.9107462 ], [ 116.3677402, 39.9113573 ], [ 116.3677074, 39.9123401 ], [ 116.3677055, 39.9124326 ], [ 116.3676851, 39.9131876 ], [ 116.36766, 39.9132603 ], [ 116.3676231, 39.9133673 ] ] } },
{ "type": "Feature", "properties": { "index": 441, "color": "#3b4cc0", "label": "Designated", "@osmId": "way/921899088" }, "geometry": { "type": "LineString", "coordinates": [ [ 116.3678708, 39.910784 ], [ 116.3678496, 39.9112787 ] ] } },
{ "type": "Feature", "properties": { "index": 442, "color": "#3b4cc0", "label": "Designated", "@osmId": "way/921899089" }, "geometry": { "type": "LineString", "coordinates": [ [ 116.3678496, 39.9112787 ], [ 116.3678468, 39.9113585 ], [ 116.3678434, 39.9114628 ] ] } },
{ "type": "Feature", "properties": { "index": 443, "color": "#3b4cc0", "label": "Designated", "@osmId": "way/921899098" }, "geometry": { "type": "LineString", "coordinates": [ [ 116.3678434, 39.9114628 ], [ 116.3678237, 39.9118806 ], [ 116.3678446, 39.9119664 ] ] } },
{ "type": "Feature", "properties": { "index": 444, "color": "#3b4cc0", "label": "Designated", "@osmId": "way/921899097" }, "geometry": { "type": "LineString", "coordinates": [ [ 116.3678446, 39.9119664 ], [ 116.367899, 39.9119181 ] ] } },
{ "type": "Feature", "properties": { "index": 445, "color": "#3b4cc0", "label": "Designated", "@osmId": "way/921899096" }, "geometry": { "type": "LineString", "coordinates": [ [ 116.3678184, 39.9124962 ], [ 116.367881, 39.9124948 ], [ 116.3678898, 39.9124946 ], [ 116.3678952, 39.9123278 ], [ 116.3679042, 39.9119632 ], [ 116.367899, 39.9119181 ], [ 116.3679244, 39.9114288 ] ] } },
{ "type": "Feature", "properties": { "index": 446, "color": "#3b4cc0", "label": "Designated", "@osmId": "way/521039225" }, "geometry": { "type": "LineString", "coordinates": [ [ 116.3678446, 39.9119664 ], [ 116.3678412, 39.9122808 ] ] } },
{ "type": "Feature", "properties": { "index": 447, "color": "#3b4cc0", "label": "Designated", "@osmId": "way/521039227" }, "geometry": { "type": "LineString", "coordinates": [ [ 116.368196, 39.9122483 ], [ 116.3680163, 39.9122483 ], [ 116.3678412, 39.9122808 ] ] } },
{ "type": "Feature", "properties": { "index": 448, "color": "#3b4cc0", "label": "Designated", "@osmId": "way/370199639" }, "geometry": { "type": "LineString", "coordinates": [ [ 116.3676046, 39.9122763 ], [ 116.3678412, 39.9122808 ] ] } },
{ "type": "Feature", "properties": { "index": 449, "color": "#3b4cc0", "label": "Designated", "@osmId": "way/921899101" }, "geometry": { "type": "LineString", "coordinates": [ [ 116.3678952, 39.9123278 ], [ 116.3679786, 39.9123259 ] ] } },
{ "type": "Feature", "properties": { "index": 450, "color": "#808080", "label": "Unknown", "@osmId": "way/1217444640" }, "geometry": { "type": "LineString", "coordinates": [ [ 116.3702798, 39.9105437 ], [ 116.3701999, 39.9105443 ], [ 116.3697121, 39.9105476 ] ] } },
{ "type": "Feature", "properties": { "index": 451, "color": "#808080", "label": "Unknown", "@osmId": "way/59189105" }, "geometry": { "type": "LineString", "coordinates": [ [ 116.3677402, 39.9113573 ], [ 116.3678468, 39.9113585 ], [ 116.3679168, 39.9113471 ], [ 116.3681598, 39.9113074 ], [ 116.3686464, 39.9112966 ], [ 116.3690758, 39.9112381 ], [ 116.3695006, 39.9112329 ] ] } },
{ "type": "Feature", "properties": { "index": 452, "color": "#808080", "label": "Unknown", "@osmId": "way/370199637" }, "geometry": { "type": "LineString", "coordinates": [ [ 116.3695325, 39.9117893 ], [ 116.3695031, 39.9112765 ], [ 116.3695006, 39.9112329 ], [ 116.369497, 39.910956 ], [ 116.3695281, 39.9109541 ], [ 116.3702248, 39.9109113 ], [ 116.370301, 39.9109066 ] ] } },
{ "type": "Feature", "properties": { "index": 453, "color": "#3b4cc0", "label": "Designated", "@osmId": "way/919036655" }, "geometry": { "type": "LineString", "coordinates": [ [ 116.3678434, 39.9114628 ], [ 116.3679141, 39.9114331 ], [ 116.3679244, 39.9114288 ], [ 116.3681696, 39.9113809 ], [ 116.3686309, 39.9113467 ], [ 116.3688549, 39.9113023 ], [ 116.3690777, 39.9112802 ], [ 116.3695031, 39.9112765 ], [ 116.369533, 39.9112763 ] ] } },
{ "type": "Feature", "properties": { "index": 454, "color": "#3b4cc0", "label": "Designated", "@osmId": "way/921899114" }, "geometry": { "type": "LineString", "coordinates": [ [ 116.3682152, 39.9132176 ], [ 116.369578, 39.9131703 ] ] } },
{ "type": "Feature", "properties": { "index": 455, "color": "#808080", "label": "Unknown", "@osmId": "way/10496445" }, "geometry": { "type": "LineString", "coordinates": [ [ 116.3676231, 39.9133673 ], [ 116.3677498, 39.9133554 ], [ 116.3692305, 39.913295 ], [ 116.3695754, 39.9132773 ], [ 116.3704008, 39.9132317 ], [ 116.3705188, 39.9132296 ], [ 116.3715346, 39.913177 ] ] } },
{ "type": "Feature", "properties": { "index": 456, "color": "#3b4cc0", "label": "Designated", "@osmId": "way/921899116" }, "geometry": { "type": "LineString", "coordinates": [ [ 116.3695728, 39.9133847 ], [ 116.3695754, 39.9132773 ], [ 116.369578, 39.9131703 ] ] } },
{ "type": "Feature", "properties": { "index": 457, "color": "#3b4cc0", "label": "Designated", "@osmId": "way/921899115" }, "geometry": { "type": "LineString", "coordinates": [ [ 116.369206, 39.9134002 ], [ 116.3695728, 39.9133847 ] ] } },
{ "type": "Feature", "properties": { "index": 458, "color": "#3b4cc0", "label": "Designated", "@osmId": "way/921899113" }, "geometry": { "type": "LineString", "coordinates": [ [ 116.3676774, 39.9134705 ], [ 116.3677046, 39.9134598 ], [ 116.3677354, 39.9134542 ], [ 116.3678261, 39.9134494 ], [ 116.369206, 39.9134002 ] ] } },
{ "type": "Feature", "properties": { "index": 459, "color": "#808080", "label": "Unknown", "@osmId": "way/59189006" }, "geometry": { "type": "LineString", "coordinates": [ [ 116.3686434, 39.9138295 ], [ 116.369047, 39.913646 ], [ 116.3691787, 39.9135172 ], [ 116.369206, 39.9134002 ], [ 116.3692305, 39.913295 ] ] } },
{ "type": "Feature", "properties": { "index": 460, "color": "#3b4cc0", "label": "Designated", "@osmId": "way/915047126" }, "geometry": { "type": "LineString", "coordinates": [ [ 116.3701088, 39.9096939 ], [ 116.3701457, 39.9097975 ], [ 116.3701783, 39.9102463 ], [ 116.3701999, 39.9105443 ], [ 116.3702244, 39.9108817 ] ] } },
{ "type": "Feature", "properties": { "index": 461, "color": "#3b4cc0", "label": "Designated", "@osmId": "way/915047132" }, "geometry": { "type": "LineString", "coordinates": [ [ 116.3703287, 39.9097004 ], [ 116.3703313, 39.9097566 ], [ 116.3703317, 39.9097642 ], [ 116.3703834, 39.9108762 ] ] } },
{ "type": "Feature", "properties": { "index": 462, "color": "#3b4cc0", "label": "Designated", "@osmId": "way/915047128" }, "geometry": { "type": "LineString", "coordinates": [ [ 116.3702244, 39.9108817 ], [ 116.3702993, 39.9108771 ], [ 116.3703834, 39.9108762 ], [ 116.3703827, 39.9109087 ], [ 116.3703829, 39.9109623 ] ] } },
{ "type": "Feature", "properties": { "index": 463, "color": "#3b4cc0", "label": "Designated", "@osmId": "way/915047129" }, "geometry": { "type": "LineString", "coordinates": [ [ 116.3702244, 39.9108817 ], [ 116.3702248, 39.9109113 ], [ 116.3702255, 39.9109682 ] ] } },
{ "type": "Feature", "properties": { "index": 464, "color": "#3b4cc0", "label": "Designated", "@osmId": "way/918581057" }, "geometry": { "type": "LineString", "coordinates": [ [ 116.3702255, 39.9109682 ], [ 116.3703829, 39.9109623 ], [ 116.371518, 39.9109847 ] ] } },
{ "type": "Feature", "properties": { "index": 465, "color": "#3b4cc0", "label": "Designated", "@osmId": "way/918581058" }, "geometry": { "type": "LineString", "coordinates": [ [ 116.371518, 39.9109847 ], [ 116.3716199, 39.9109847 ], [ 116.3717017, 39.9109847 ] ] } },
{ "type": "Feature", "properties": { "index": 466, "color": "#3b4cc0", "label": "Designated", "@osmId": "way/918581061" }, "geometry": { "type": "LineString", "coordinates": [ [ 116.3695279, 39.9109398 ], [ 116.3695281, 39.9109541 ], [ 116.369533, 39.9112763 ], [ 116.3695613, 39.9117661 ], [ 116.3714925, 39.9118221 ], [ 116.371518, 39.9109847 ] ] } },
{ "type": "Feature", "properties": { "index": 467, "color": "#808080", "label": "Unknown", "@osmId": "way/59189043" }, "geometry": { "type": "LineString", "coordinates": [ [ 116.3715656, 39.9118552 ], [ 116.3695325, 39.9117893 ] ] } },
{ "type": "Feature", "properties": { "index": 468, "color": "#808080", "label": "Unknown", "@osmId": "way/30834642" }, "geometry": { "type": "LineString", "coordinates": [ [ 116.3715346, 39.913177 ], [ 116.3715656, 39.9118552 ], [ 116.3716007, 39.911292 ], [ 116.3716199, 39.9109847 ], [ 116.3716106, 39.9109181 ] ] } },
{ "type": "Feature", "properties": { "index": 469, "color": "#3b4cc0", "label": "Designated", "@osmId": "way/521039226" }, "geometry": { "type": "LineString", "coordinates": [ [ 116.3678184, 39.9124962 ], [ 116.3678412, 39.9122808 ] ] } },
{ "type": "Feature", "properties": { "index": 470, "color": "#3b4cc0", "label": "Designated", "@osmId": "way/921899102" }, "geometry": { "type": "LineString", "coordinates": [ [ 116.3678898, 39.9124946 ], [ 116.3679746, 39.9124931 ] ] } },
{ "type": "Feature", "properties": { "index": 471, "color": "#3b4cc0", "label": "Designated", "@osmId": "way/921899099" }, "geometry": { "type": "LineString", "coordinates": [ [ 116.3682152, 39.9132176 ], [ 116.3680836, 39.9132255 ], [ 116.3679527, 39.913226 ], [ 116.3679083, 39.9132253 ], [ 116.3678308, 39.9132171 ], [ 116.3678141, 39.913202 ], [ 116.3678024, 39.9131795 ], [ 116.3678011, 39.9131457 ], [ 116.3678184, 39.9124962 ] ] } },
{ "type": "Feature", "properties": { "index": 472, "color": "#808080", "label": "Unknown", "@osmId": "way/217107638" }, "geometry": { "type": "LineString", "coordinates": [ [ 116.3677055, 39.9124326 ], [ 116.367773, 39.9127806 ], [ 116.3677631, 39.9132029 ], [ 116.3677569, 39.9132737 ], [ 116.3677498, 39.9133554 ] ] } },
{ "type": "Feature", "properties": { "index": 473, "color": "#3b4cc0", "label": "Designated", "@osmId": "way/921899106" }, "geometry": { "type": "LineString", "coordinates": [ [ 116.367573, 39.9131653 ], [ 116.3676851, 39.9131876 ], [ 116.3677631, 39.9132029 ], [ 116.3678308, 39.9132171 ] ] } },
{ "type": "Feature", "properties": { "index": 474, "color": "#808080", "label": "Unknown", "@osmId": "way/1128446926" }, "geometry": { "type": "LineString", "coordinates": [ [ 116.3675699, 39.9132531 ], [ 116.3675708, 39.9132532 ], [ 116.36766, 39.9132603 ], [ 116.3677569, 39.9132737 ] ] } },
{ "type": "Feature", "properties": { "index": 475, "color": "#808080", "label": "Unknown", "@osmId": "way/1061456423" }, "geometry": { "type": "LineString", "coordinates": [ [ 116.3676231, 39.9133673 ], [ 116.3675708, 39.9132532 ], [ 116.3675699, 39.9132514 ] ] } },
{ "type": "Feature", "properties": { "index": 476, "color": "#3b4cc0", "label": "Designated", "@osmId": "way/1261909244" }, "geometry": { "type": "LineString", "coordinates": [ [ 116.3678308, 39.9132171 ], [ 116.3677498, 39.9133554 ], [ 116.3676774, 39.9134705 ] ] } },
{ "type": "Feature", "properties": { "index": 477, "color": "#808080", "label": "Unknown", "@osmId": "way/1061573057" }, "geometry": { "type": "LineString", "coordinates": [ [ 116.3675662, 39.9133564 ], [ 116.3676231, 39.9133673 ] ] } },
{ "type": "Feature", "properties": { "index": 478, "color": "#808080", "label": "Unknown", "@osmId": "way/131710758" }, "geometry": { "type": "LineString", "coordinates": [ [ 116.3676231, 39.9133673 ], [ 116.3675653, 39.9133805 ] ] } },
{ "type": "Feature", "properties": { "index": 479, "color": "#3b4cc0", "label": "Designated", "@osmId": "way/1010198659" }, "geometry": { "type": "LineString", "coordinates": [ [ 116.3764188, 39.9054053 ], [ 116.3764224, 39.9054897 ], [ 116.3763791, 39.9055074 ], [ 116.3761361, 39.9055109 ], [ 116.3755778, 39.9055118 ], [ 116.3754337, 39.9055101 ] ] } },
{ "type": "Feature", "properties": { "index": 480, "color": "#3b4cc0", "label": "Designated", "@osmId": "way/1147746445" }, "geometry": { "type": "LineString", "coordinates": [ [ 116.3755778, 39.9055118 ], [ 116.37558, 39.9054361 ] ] } },
{ "type": "Feature", "properties": { "index": 481, "color": "#3b4cc0", "label": "Designated", "@osmId": "way/1147746446" }, "geometry": { "type": "LineString", "coordinates": [ [ 116.3761361, 39.9055109 ], [ 116.376138, 39.9054382 ] ] } },
{ "type": "Feature", "properties": { "index": 482, "color": "#3b4cc0", "label": "Designated", "@osmId": "way/1010198662" }, "geometry": { "type": "LineString", "coordinates": [ [ 116.3766913, 39.9054898 ], [ 116.3765583, 39.9054898 ], [ 116.3764224, 39.9054897 ] ] } },
{ "type": "Feature", "properties": { "index": 483, "color": "#3b4cc0", "label": "Designated", "@osmId": "way/1010198660" }, "geometry": { "type": "LineString", "coordinates": [ [ 116.3777251, 39.9055283 ], [ 116.3774554, 39.905522 ] ] } },
{ "type": "Feature", "properties": { "index": 484, "color": "#3b4cc0", "label": "Designated", "@osmId": "way/557310216" }, "geometry": { "type": "LineString", "coordinates": [ [ 116.3811755, 39.9056228 ], [ 116.3791957, 39.9055472 ], [ 116.3777251, 39.9055283 ] ] } },
{ "type": "Feature", "properties": { "index": 485, "color": "#3b4cc0", "label": "Designated", "@osmId": "way/227324970" }, "geometry": { "type": "LineString", "coordinates": [ [ 116.3758031, 39.9060412 ], [ 116.3758138, 39.9054361 ] ] } },
{ "type": "Feature", "properties": { "index": 486, "color": "#808080", "label": "Unknown", "@osmId": "way/10496447" }, "geometry": { "type": "LineString", "coordinates": [ [ 116.3765627, 39.9056754 ], [ 116.3765679, 39.905847 ] ] } },
{ "type": "Feature", "properties": { "index": 487, "color": "#3b4cc0", "label": "Designated", "@osmId": "way/1147746442" }, "geometry": { "type": "LineString", "coordinates": [ [ 116.3760864, 39.9060407 ], [ 116.37587, 39.9060411 ] ] } },
{ "type": "Feature", "properties": { "index": 488, "color": "#3b4cc0", "label": "Designated", "@osmId": "way/227324965" }, "geometry": { "type": "LineString", "coordinates": [ [ 116.37587, 39.9060411 ], [ 116.3758031, 39.9060412 ], [ 116.375701, 39.9060432 ] ] } },
{ "type": "Feature", "properties": { "index": 489, "color": "#3b4cc0", "label": "Designated", "@osmId": "way/115253387" }, "geometry": { "type": "LineString", "coordinates": [ [ 116.3735023, 39.9060938 ], [ 116.3735104, 39.9054989 ] ] } },
{ "type": "Feature", "properties": { "index": 490, "color": "#3b4cc0", "label": "Designated", "@osmId": "way/190425063" }, "geometry": { "type": "LineString", "coordinates": [ [ 116.3717648, 39.9059983 ], [ 116.3726451, 39.9060034 ], [ 116.3728725, 39.9060047 ] ] } },
{ "type": "Feature", "properties": { "index": 491, "color": "#808080", "label": "Unknown", "@osmId": "way/190425076" }, "geometry": { "type": "LineString", "coordinates": [ [ 116.3745161, 39.9060521 ], [ 116.3733888, 39.9060464 ], [ 116.3730672, 39.9060483 ], [ 116.3726486, 39.9060416 ], [ 116.3716045, 39.9060484 ] ] } },
{ "type": "Feature", "properties": { "index": 492, "color": "#3b4cc0", "label": "Designated", "@osmId": "way/1075553892" }, "geometry": { "type": "LineString", "coordinates": [ [ 116.3726451, 39.9060034 ], [ 116.3726486, 39.9060416 ], [ 116.372655, 39.9061135 ] ] } },
{ "type": "Feature", "properties": { "index": 493, "color": "#3b4cc0", "label": "Designated", "@osmId": "way/1075553893" }, "geometry": { "type": "LineString", "coordinates": [ [ 116.3733875, 39.9061312 ], [ 116.3733888, 39.9060464 ], [ 116.3733903, 39.906003 ] ] } },
{ "type": "Feature", "properties": { "index": 494, "color": "#3b4cc0", "label": "Designated", "@osmId": "way/115253382" }, "geometry": { "type": "LineString", "coordinates": [ [ 116.373333, 39.9060953 ], [ 116.3735023, 39.9060938 ], [ 116.3736038, 39.9060938 ] ] } },
{ "type": "Feature", "properties": { "index": 495, "color": "#3b4cc0", "label": "Designated", "@osmId": "way/190425064" }, "geometry": { "type": "LineString", "coordinates": [ [ 116.3732048, 39.9060967 ], [ 116.373333, 39.9060953 ] ] } },
{ "type": "Feature", "properties": { "index": 496, "color": "#c0d4f5", "label": "Shared with cars up to 15 km/h", "@osmId": "way/190425075" }, "geometry": { "type": "LineString", "coordinates": [ [ 116.3730656, 39.9063723 ], [ 116.3730668, 39.9062489 ], [ 116.3730659, 39.9061169 ], [ 116.3730672, 39.9060483 ], [ 116.3730782, 39.9058583 ] ] } },
{ "type": "Feature", "properties": { "index": 497, "color": "#3b4cc0", "label": "Designated", "@osmId": "way/915921635" }, "geometry": { "type": "LineString", "coordinates": [ [ 116.3754337, 39.9055101 ], [ 116.3753532, 39.9054984 ], [ 116.375301, 39.9054967 ] ] } },
{ "type": "Feature", "properties": { "index": 498, "color": "#3b4cc0", "label": "Designated", "@osmId": "way/190425073" }, "geometry": { "type": "LineString", "coordinates": [ [ 116.3731832, 39.906003 ], [ 116.3733903, 39.906003 ], [ 116.3741468, 39.9059978 ] ] } },
{ "type": "Feature", "properties": { "index": 499, "color": "#3b4cc0", "label": "Designated", "@osmId": "way/190425070" }, "geometry": { "type": "LineString", "coordinates": [ [ 116.3737224, 39.9060922 ], [ 116.3736038, 39.9060938 ] ] } },
{ "type": "Feature", "properties": { "index": 500, "color": "#3b4cc0", "label": "Designated", "@osmId": "way/915491793" }, "geometry": { "type": "LineString", "coordinates": [ [ 116.3745833, 39.9061143 ], [ 116.3754442, 39.906106 ], [ 116.3760873, 39.9060998 ], [ 116.3763644, 39.9060984 ] ] } },
{ "type": "Feature", "properties": { "index": 501, "color": "#3b4cc0", "label": "Designated", "@osmId": "way/915491792" }, "geometry": { "type": "LineString", "coordinates": [ [ 116.3744224, 39.9061061 ], [ 116.3745172, 39.9061109 ], [ 116.3745833, 39.9061143 ] ] } },
{ "type": "Feature", "properties": { "index": 502, "color": "#3b4cc0", "label": "Designated", "@osmId": "way/915491789" }, "geometry": { "type": "LineString", "coordinates": [ [ 116.3731351, 39.9061146 ], [ 116.3732048, 39.9060967 ], [ 116.3732059, 39.906131 ], [ 116.3733875, 39.9061312 ], [ 116.373724, 39.9061314 ], [ 116.3737224, 39.9060922 ], [ 116.3744224, 39.9061061 ] ] } },
{ "type": "Feature", "properties": { "index": 503, "color": "#808080", "label": "Unknown", "@osmId": "way/190425071" }, "geometry": { "type": "LineString", "coordinates": [ [ 116.3745324, 39.9065456 ], [ 116.3745172, 39.9061109 ], [ 116.3745161, 39.9060521 ], [ 116.3745091, 39.9058523 ] ] } },
{ "type": "Feature", "properties": { "index": 504, "color": "#c0d4f5", "label": "Shared with cars up to 15 km/h", "@osmId": "way/660533049" }, "geometry": { "type": "LineString", "coordinates": [ [ 116.3741749, 39.9096868 ], [ 116.3741722, 39.9100744 ] ] } },
{ "type": "Feature", "properties": { "index": 505, "color": "#3b4cc0", "label": "Designated", "@osmId": "way/918581063" }, "geometry": { "type": "LineString", "coordinates": [ [ 116.3745033, 39.9108737 ], [ 116.374551, 39.9097016 ], [ 116.3745516, 39.9096875 ], [ 116.3743226, 39.909677 ], [ 116.3743059, 39.9096762 ] ] } },
{ "type": "Feature", "properties": { "index": 506, "color": "#c0d4f5", "label": "Shared with cars up to 15 km/h", "@osmId": "way/660533047" }, "geometry": { "type": "LineString", "coordinates": [ [ 116.3744823, 39.9108903 ], [ 116.3744828, 39.9108737 ], [ 116.3744958, 39.9104757 ], [ 116.3745092, 39.9100663 ] ] } },
{ "type": "Feature", "properties": { "index": 507, "color": "#3b4cc0", "label": "Designated", "@osmId": "way/915491790" }, "geometry": { "type": "LineString", "coordinates": [ [ 116.3729177, 39.9061158 ], [ 116.3730659, 39.9061169 ], [ 116.3731351, 39.9061146 ] ] } },
{ "type": "Feature", "properties": { "index": 508, "color": "#c0d4f5", "label": "Shared with cars up to 15 km/h", "@osmId": "way/521039264" }, "geometry": { "type": "LineString", "coordinates": [ [ 116.3716045, 39.9062612 ], [ 116.3716522, 39.9062608 ], [ 116.3730668, 39.9062489 ] ] } },
{ "type": "Feature", "properties": { "index": 509, "color": "#3b4cc0", "label": "Designated", "@osmId": "way/190425077" }, "geometry": { "type": "LineString", "coordinates": [ [ 116.3729177, 39.9061158 ], [ 116.372655, 39.9061135 ], [ 116.3717573, 39.9060956 ], [ 116.3717208, 39.9061096 ], [ 116.3716852, 39.9061709 ], [ 116.3716522, 39.9062608 ], [ 116.371682, 39.9080063 ] ] } },
{ "type": "Feature", "properties": { "index": 510, "color": "#808080", "label": "Unknown", "@osmId": "way/59189109" }, "geometry": { "type": "LineString", "coordinates": [ [ 116.3743219, 39.909687 ], [ 116.3743226, 39.909677 ], [ 116.3743487, 39.9092975 ], [ 116.374354, 39.9087785 ], [ 116.3721335, 39.9088051 ], [ 116.372122, 39.9088061 ], [ 116.3716728, 39.9088468 ] ] } },
{ "type": "Feature", "properties": { "index": 511, "color": "#3b4cc0", "label": "Designated", "@osmId": "way/918550712" }, "geometry": { "type": "LineString", "coordinates": [ [ 116.3721229, 39.9088235 ], [ 116.3743374, 39.9087918 ], [ 116.3743059, 39.9096762 ] ] } },
{ "type": "Feature", "properties": { "index": 512, "color": "#3b4cc0", "label": "Designated", "@osmId": "way/918581055" }, "geometry": { "type": "LineString", "coordinates": [ [ 116.3703313, 39.9097566 ], [ 116.3718784, 39.9097646 ], [ 116.3720537, 39.9097652 ], [ 116.372452, 39.9096646 ], [ 116.3728752, 39.9096672 ], [ 116.3743059, 39.9096762 ] ] } },
{ "type": "Feature", "properties": { "index": 513, "color": "#808080", "label": "Unknown", "@osmId": "way/59189059" }, "geometry": { "type": "LineString", "coordinates": [ [ 116.375691, 39.909774 ], [ 116.374551, 39.9097016 ], [ 116.3743219, 39.909687 ], [ 116.3741749, 39.9096868 ], [ 116.3728765, 39.9096855 ], [ 116.3728632, 39.9096855 ], [ 116.3724621, 39.9096851 ], [ 116.3720627, 39.909794 ], [ 116.3718784, 39.9097891 ], [ 116.3703317, 39.9097642 ], [ 116.3702456, 39.9097628 ] ] } },
{ "type": "Feature", "properties": { "index": 514, "color": "#3b4cc0", "label": "Designated", "@osmId": "way/918581056" }, "geometry": { "type": "LineString", "coordinates": [ [ 116.3728752, 39.9096672 ], [ 116.3728765, 39.9096855 ], [ 116.3728985, 39.9099836 ], [ 116.3730407, 39.9099857 ], [ 116.3730407, 39.9100598 ], [ 116.373392, 39.91007 ], [ 116.3734055, 39.9105391 ], [ 116.3735074, 39.9105371 ], [ 116.3735006, 39.9106792 ], [ 116.3734913, 39.9108735 ] ] } },
{ "type": "Feature", "properties": { "index": 515, "color": "#c0d4f5", "label": "Shared with cars up to 15 km/h", "@osmId": "way/660533050" }, "geometry": { "type": "LineString", "coordinates": [ [ 116.3728632, 39.9096855 ], [ 116.372882, 39.9100003 ], [ 116.3730242, 39.9100024 ], [ 116.3730242, 39.9100765 ], [ 116.3733755, 39.9100867 ], [ 116.373389, 39.9105558 ], [ 116.3734909, 39.9105538 ], [ 116.3735006, 39.9106792 ], [ 116.3735156, 39.9108735 ], [ 116.3735178, 39.9109018 ] ] } },
{ "type": "Feature", "properties": { "index": 516, "color": "#3b4cc0", "label": "Designated", "@osmId": "way/918581060" }, "geometry": { "type": "LineString", "coordinates": [ [ 116.3703834, 39.9108762 ], [ 116.3734913, 39.9108735 ] ] } },
{ "type": "Feature", "properties": { "index": 517, "color": "#3b4cc0", "label": "Designated", "@osmId": "way/1147746443" }, "geometry": { "type": "LineString", "coordinates": [ [ 116.375701, 39.9060432 ], [ 116.3755988, 39.9060451 ] ] } },
{ "type": "Feature", "properties": { "index": 518, "color": "#3b4cc0", "label": "Designated", "@osmId": "way/302726366" }, "geometry": { "type": "LineString", "coordinates": [ [ 116.3760873, 39.9060998 ], [ 116.3760864, 39.9060407 ] ] } },
{ "type": "Feature", "properties": { "index": 519, "color": "#3b4cc0", "label": "Designated", "@osmId": "way/302726367" }, "geometry": { "type": "LineString", "coordinates": [ [ 116.3754442, 39.906106 ], [ 116.3754414, 39.9060545 ], [ 116.3755988, 39.9060451 ] ] } },
{ "type": "Feature", "properties": { "index": 520, "color": "#3b4cc0", "label": "Designated", "@osmId": "way/983879823" }, "geometry": { "type": "LineString", "coordinates": [ [ 116.3763644, 39.9060984 ], [ 116.3765635, 39.9061023 ], [ 116.376799, 39.9061138 ] ] } },
{ "type": "Feature", "properties": { "index": 521, "color": "#3b4cc0", "label": "Designated", "@osmId": "way/1030227331" }, "geometry": { "type": "LineString", "coordinates": [ [ 116.3799119, 39.9099672 ], [ 116.3793975, 39.9099868 ], [ 116.3791045, 39.9098344 ], [ 116.3789046, 39.909682 ], [ 116.3788736, 39.909516 ], [ 116.3788939, 39.9092535 ], [ 116.3789799, 39.9091085 ], [ 116.3791956, 39.9089322 ], [ 116.3793642, 39.9088113 ], [ 116.3796544, 39.908754 ], [ 116.3799451, 39.9087754 ], [ 116.3801092, 39.9088101 ], [ 116.3802501, 39.9089639 ], [ 116.3804547, 39.9093164 ], [ 116.3804623, 39.9095304 ], [ 116.3804666, 39.9096543 ], [ 116.3803603, 39.9097994 ], [ 116.3801224, 39.9099085 ], [ 116.3799119, 39.9099672 ] ] } },
{ "type": "Feature", "properties": { "index": 522, "color": "#3b4cc0", "label": "Designated", "@osmId": "way/944265821" }, "geometry": { "type": "LineString", "coordinates": [ [ 116.3755547, 39.910874 ], [ 116.3755943, 39.9108737 ], [ 116.3757181, 39.9108727 ] ] } },
{ "type": "Feature", "properties": { "index": 523, "color": "#c0d4f5", "label": "Shared with cars up to 15 km/h", "@osmId": "way/660533048" }, "geometry": { "type": "LineString", "coordinates": [ [ 116.3740407, 39.9108956 ], [ 116.374041, 39.9108736 ], [ 116.3740461, 39.9104838 ], [ 116.3744958, 39.9104757 ] ] } },
{ "type": "Feature", "properties": { "index": 524, "color": "#3b4cc0", "label": "Designated", "@osmId": "way/918581062" }, "geometry": { "type": "LineString", "coordinates": [ [ 116.3734913, 39.9108735 ], [ 116.3735156, 39.9108735 ], [ 116.374041, 39.9108736 ], [ 116.3744828, 39.9108737 ], [ 116.3745033, 39.9108737 ], [ 116.3746589, 39.9108737 ], [ 116.3755547, 39.910874 ] ] } },
{ "type": "Feature", "properties": { "index": 525, "color": "#3b4cc0", "label": "Designated", "@osmId": "way/944265820" }, "geometry": { "type": "LineString", "coordinates": [ [ 116.3746596, 39.9109328 ], [ 116.3746591, 39.9108868 ], [ 116.3746589, 39.9108737 ] ] } },
{ "type": "Feature", "properties": { "index": 526, "color": "#3b4cc0", "label": "Designated", "@osmId": "way/944265819" }, "geometry": { "type": "LineString", "coordinates": [ [ 116.3746596, 39.9109328 ], [ 116.3746987, 39.9109335 ], [ 116.3747447, 39.9109343 ] ] } },
{ "type": "Feature", "properties": { "index": 527, "color": "#3b4cc0", "label": "Designated", "@osmId": "way/918581064" }, "geometry": { "type": "LineString", "coordinates": [ [ 116.3734145, 39.9109559 ], [ 116.3734633, 39.9109475 ], [ 116.37352, 39.9109377 ], [ 116.3746596, 39.9109328 ] ] } },
{ "type": "Feature", "properties": { "index": 528, "color": "#808080", "label": "Unknown", "@osmId": "way/59188950" }, "geometry": { "type": "LineString", "coordinates": [ [ 116.3746622, 39.9124497 ], [ 116.3746851, 39.9122607 ], [ 116.374669, 39.9116878 ], [ 116.3746987, 39.9109335 ], [ 116.3747006, 39.910886 ] ] } },
{ "type": "Feature", "properties": { "index": 529, "color": "#808080", "label": "Unknown", "@osmId": "way/59189090" }, "geometry": { "type": "LineString", "coordinates": [ [ 116.3755582, 39.9116884 ], [ 116.374669, 39.9116878 ] ] } },
{ "type": "Feature", "properties": { "index": 530, "color": "#c0d4f5", "label": "Shared with cars up to 15 km/h", "@osmId": "way/660533272" }, "geometry": { "type": "LineString", "coordinates": [ [ 116.374899, 39.9119533 ], [ 116.375319, 39.9119716 ] ] } },
{ "type": "Feature", "properties": { "index": 531, "color": "#c0d4f5", "label": "Shared with cars up to 15 km/h", "@osmId": "way/660533271" }, "geometry": { "type": "LineString", "coordinates": [ [ 116.3747783, 39.9128647 ], [ 116.375186, 39.9128647 ], [ 116.3752531, 39.9128235 ], [ 116.3752824, 39.9125454 ], [ 116.375319, 39.9119716 ], [ 116.3753309, 39.9117846 ] ] } },
{ "type": "Feature", "properties": { "index": 532, "color": "#c0d4f5", "label": "Shared with cars up to 15 km/h", "@osmId": "way/660533270" }, "geometry": { "type": "LineString", "coordinates": [ [ 116.3748722, 39.9125355 ], [ 116.3752824, 39.9125454 ], [ 116.3755367, 39.9125543 ] ] } },
{ "type": "Feature", "properties": { "index": 533, "color": "#808080", "label": "Unknown", "@osmId": "way/42675466" }, "geometry": { "type": "LineString", "coordinates": [ [ 116.370301, 39.9109066 ], [ 116.3703827, 39.9109087 ], [ 116.3716106, 39.9109181 ], [ 116.3734642, 39.9109024 ], [ 116.3735178, 39.9109018 ], [ 116.3740407, 39.9108956 ], [ 116.3744823, 39.9108903 ], [ 116.3746591, 39.9108868 ], [ 116.3747006, 39.910886 ], [ 116.3755924, 39.9108958 ] ] } },
{ "type": "Feature", "properties": { "index": 534, "color": "#3b4cc0", "label": "Designated", "@osmId": "way/918581059" }, "geometry": { "type": "LineString", "coordinates": [ [ 116.3717017, 39.9109847 ], [ 116.3734145, 39.9109559 ] ] } },
{ "type": "Feature", "properties": { "index": 535, "color": "#c0d4f5", "label": "Shared with cars up to 15 km/h", "@osmId": "way/59189094" }, "geometry": { "type": "LineString", "coordinates": [ [ 116.3732507, 39.9130574 ], [ 116.3732406, 39.9127018 ], [ 116.3732354, 39.9125192 ], [ 116.3735825, 39.9124945 ], [ 116.373569, 39.912254 ], [ 116.3732823, 39.9122624 ], [ 116.3732474, 39.9116303 ], [ 116.3734524, 39.9114967 ], [ 116.3734633, 39.9109475 ], [ 116.3734642, 39.9109024 ] ] } },
{ "type": "Feature", "properties": { "index": 536, "color": "#c0d4f5", "label": "Shared with cars up to 15 km/h", "@osmId": "way/660533043" }, "geometry": { "type": "LineString", "coordinates": [ [ 116.3724946, 39.9127195 ], [ 116.3724948, 39.9123808 ], [ 116.3724224, 39.9123808 ], [ 116.3724009, 39.911669 ], [ 116.3725055, 39.9115908 ], [ 116.3725136, 39.9113007 ], [ 116.3716007, 39.911292 ] ] } },
{ "type": "Feature", "properties": { "index": 537, "color": "#c0d4f5", "label": "Shared with cars up to 15 km/h", "@osmId": "way/660533042" }, "geometry": { "type": "LineString", "coordinates": [ [ 116.3716767, 39.9127388 ], [ 116.3724946, 39.9127195 ], [ 116.3732406, 39.9127018 ] ] } },
{ "type": "Feature", "properties": { "index": 538, "color": "#808080", "label": "Unknown", "@osmId": "way/1070843315" }, "geometry": { "type": "LineString", "coordinates": [ [ 116.3715346, 39.913177 ], [ 116.3728447, 39.9130732 ], [ 116.3732507, 39.9130574 ], [ 116.3754967, 39.9129968 ] ] } },
{ "type": "Feature", "properties": { "index": 539, "color": "#c0d4f5", "label": "Shared with cars up to 15 km/h", "@osmId": "way/652328042" }, "geometry": { "type": "LineString", "coordinates": [ [ 116.3728953, 39.9142648 ], [ 116.372886, 39.9132587 ] ] } },
{ "type": "Feature", "properties": { "index": 540, "color": "#c0d4f5", "label": "Shared with cars up to 15 km/h", "@osmId": "way/521057993" }, "geometry": { "type": "LineString", "coordinates": [ [ 116.3714528, 39.9145362 ], [ 116.3728362, 39.914536 ], [ 116.3728765, 39.9145031 ], [ 116.3728953, 39.9142648 ] ] } },
{ "type": "Feature", "properties": { "index": 541, "color": "#c0d4f5", "label": "Shared with cars up to 15 km/h", "@osmId": "way/652327132" }, "geometry": { "type": "LineString", "coordinates": [ [ 116.3721616, 39.9160194 ], [ 116.3721861, 39.9155687 ], [ 116.37221, 39.9151289 ] ] } },
{ "type": "Feature", "properties": { "index": 542, "color": "#c0d4f5", "label": "Shared with cars up to 15 km/h", "@osmId": "way/652327134" }, "geometry": { "type": "LineString", "coordinates": [ [ 116.3726584, 39.91514 ], [ 116.3726291, 39.915581 ], [ 116.3725991, 39.9160336 ] ] } },
{ "type": "Feature", "properties": { "index": 543, "color": "#7b9ff9", "label": "Shared with bikes", "@osmId": "way/654219318" }, "geometry": { "type": "LineString", "coordinates": [ [ 116.3780018, 39.913154 ], [ 116.3781393, 39.9132845 ], [ 116.3782359, 39.913338 ], [ 116.3782895, 39.9134121 ], [ 116.3784505, 39.9135067 ], [ 116.3786168, 39.9134615 ], [ 116.3787761, 39.9134826 ] ] } },
{ "type": "Feature", "properties": { "index": 544, "color": "#7b9ff9", "label": "Shared with bikes", "@osmId": "way/654219317" }, "geometry": { "type": "LineString", "coordinates": [ [ 116.3782368, 39.9139358 ], [ 116.3785524, 39.9138523 ], [ 116.3785524, 39.9136878 ], [ 116.3787616, 39.9135438 ], [ 116.3787761, 39.9134826 ], [ 116.3788582, 39.9131364 ], [ 116.3789927, 39.9128727 ] ] } },
{ "type": "Feature", "properties": { "index": 545, "color": "#808080", "label": "Unknown", "@osmId": "way/30833629" }, "geometry": { "type": "LineString", "coordinates": [ [ 116.3765679, 39.905847 ], [ 116.3765635, 39.9061023 ], [ 116.3765544, 39.9061441 ], [ 116.3761675, 39.9079278 ], [ 116.375691, 39.909774 ], [ 116.3755943, 39.9108737 ], [ 116.3755924, 39.9108958 ], [ 116.375564, 39.9114439 ], [ 116.3755582, 39.9116884 ], [ 116.3755453, 39.9120117 ], [ 116.3755367, 39.9125543 ], [ 116.3754967, 39.9129968 ], [ 116.3754537, 39.9142307 ], [ 116.3755194, 39.9148843 ], [ 116.3756791, 39.916127 ], [ 116.3757576, 39.9165302 ], [ 116.3757885, 39.9166892 ], [ 116.3758094, 39.9170558 ], [ 116.375804, 39.9172063 ], [ 116.3757958, 39.9174304 ], [ 116.3757917, 39.9175448 ], [ 116.3757905, 39.9184407 ], [ 116.3756686, 39.9199813 ], [ 116.3756686, 39.9202817 ], [ 116.375596, 39.9211771 ] ] } },
{ "type": "Feature", "properties": { "index": 546, "color": "#c0d4f5", "label": "Shared with cars up to 15 km/h", "@osmId": "way/652326416" }, "geometry": { "type": "LineString", "coordinates": [ [ 116.3759182, 39.9135925 ], [ 116.3759129, 39.9141109 ], [ 116.376004, 39.914646 ], [ 116.3760239, 39.9147634 ] ] } },
{ "type": "Feature", "properties": { "index": 547, "color": "#7b9ff9", "label": "Shared with bikes", "@osmId": "way/654219316" }, "geometry": { "type": "LineString", "coordinates": [ [ 116.3782368, 39.9139358 ], [ 116.3784988, 39.9139922 ], [ 116.3786329, 39.9140992 ], [ 116.3787938, 39.9141362 ], [ 116.3788957, 39.9143214 ], [ 116.3790398, 39.9145882 ] ] } },
{ "type": "Feature", "properties": { "index": 548, "color": "#c0d4f5", "label": "Shared with cars up to 15 km/h", "@osmId": "way/652326419" }, "geometry": { "type": "LineString", "coordinates": [ [ 116.376004, 39.914646 ], [ 116.3771105, 39.9145424 ] ] } },
{ "type": "Feature", "properties": { "index": 549, "color": "#c0d4f5", "label": "Shared with cars up to 15 km/h", "@osmId": "way/652328041" }, "geometry": { "type": "LineString", "coordinates": [ [ 116.374659, 39.9141948 ], [ 116.374667, 39.9135055 ] ] } },
{ "type": "Feature", "properties": { "index": 550, "color": "#808080", "label": "Unknown", "@osmId": "way/59185366" }, "geometry": { "type": "LineString", "coordinates": [ [ 116.3728953, 39.9142648 ], [ 116.3746092, 39.9142439 ], [ 116.3748023, 39.9142356 ], [ 116.3754537, 39.9142307 ] ] } },
{ "type": "Feature", "properties": { "index": 551, "color": "#c0d4f5", "label": "Shared with cars up to 15 km/h", "@osmId": "way/654424488" }, "geometry": { "type": "LineString", "coordinates": [ [ 116.3736483, 39.91517 ], [ 116.3736943, 39.9143907 ] ] } },
{ "type": "Feature", "properties": { "index": 552, "color": "#c0d4f5", "label": "Shared with cars up to 15 km/h", "@osmId": "way/652327135" }, "geometry": { "type": "LineString", "coordinates": [ [ 116.3736772, 39.915171 ], [ 116.3736485, 39.9156121 ], [ 116.3736185, 39.9160732 ] ] } },
{ "type": "Feature", "properties": { "index": 553, "color": "#c0d4f5", "label": "Shared with cars up to 15 km/h", "@osmId": "way/652327137" }, "geometry": { "type": "LineString", "coordinates": [ [ 116.374061, 39.9160937 ], [ 116.3740941, 39.9156271 ], [ 116.3741252, 39.9151873 ] ] } },
{ "type": "Feature", "properties": { "index": 554, "color": "#3b4cc0", "label": "Designated", "@osmId": "way/654424476" }, "geometry": { "type": "LineString", "coordinates": [ [ 116.3747082, 39.9163163 ], [ 116.3747967, 39.9152486 ] ] } },
{ "type": "Feature", "properties": { "index": 555, "color": "#808080", "label": "Unknown", "@osmId": "way/363706087" }, "geometry": { "type": "LineString", "coordinates": [ [ 116.3739049, 39.9171695 ], [ 116.3739676, 39.9162196 ], [ 116.3739743, 39.9160897 ] ] } },
{ "type": "Feature", "properties": { "index": 556, "color": "#3b4cc0", "label": "Designated", "@osmId": "way/654424475" }, "geometry": { "type": "LineString", "coordinates": [ [ 116.3749065, 39.9170764 ], [ 116.3749121, 39.9166678 ], [ 116.3745731, 39.9165385 ] ] } },
{ "type": "Feature", "properties": { "index": 557, "color": "#808080", "label": "Unknown", "@osmId": "way/521057964" }, "geometry": { "type": "LineString", "coordinates": [ [ 116.3745442, 39.9170602 ], [ 116.3749065, 39.9170764 ], [ 116.3753307, 39.9171054 ], [ 116.3753924, 39.9171404 ], [ 116.3754085, 39.9172042 ] ] } },
{ "type": "Feature", "properties": { "index": 558, "color": "#808080", "label": "Unknown", "@osmId": "way/521057966" }, "geometry": { "type": "LineString", "coordinates": [ [ 116.375804, 39.9172063 ], [ 116.3756654, 39.9172052 ], [ 116.3754085, 39.9172042 ], [ 116.3753723, 39.9172937 ], [ 116.3752824, 39.9173379 ], [ 116.3745383, 39.9172985 ] ] } },
{ "type": "Feature", "properties": { "index": 559, "color": "#c0d4f5", "label": "Shared with cars up to 15 km/h", "@osmId": "way/652335697" }, "geometry": { "type": "LineString", "coordinates": [ [ 116.3781908, 39.9146635 ], [ 116.3783592, 39.9159584 ], [ 116.3784367, 39.9165541 ] ] } },
{ "type": "Feature", "properties": { "index": 560, "color": "#c0d4f5", "label": "Shared with cars up to 15 km/h", "@osmId": "way/652339621" }, "geometry": { "type": "LineString", "coordinates": [ [ 116.3775006, 39.9165994 ], [ 116.3774962, 39.9165695 ], [ 116.377422, 39.9160641 ], [ 116.377229, 39.9147488 ] ] } },
{ "type": "Feature", "properties": { "index": 561, "color": "#c0d4f5", "label": "Shared with cars up to 15 km/h", "@osmId": "way/521057902" }, "geometry": { "type": "LineString", "coordinates": [ [ 116.3769373, 39.9167208 ], [ 116.3769255, 39.9166507 ], [ 116.3766147, 39.9148033 ] ] } },
{ "type": "Feature", "properties": { "index": 562, "color": "#c0d4f5", "label": "Shared with cars up to 15 km/h", "@osmId": "way/652339624" }, "geometry": { "type": "LineString", "coordinates": [ [ 116.377422, 39.9160641 ], [ 116.3775488, 39.9160498 ], [ 116.3781823, 39.9159784 ], [ 116.3783592, 39.9159584 ] ] } },
{ "type": "Feature", "properties": { "index": 563, "color": "#c0d4f5", "label": "Shared with cars up to 15 km/h", "@osmId": "way/652339625" }, "geometry": { "type": "LineString", "coordinates": [ [ 116.3775488, 39.9160498 ], [ 116.3776092, 39.9164153 ], [ 116.3776307, 39.9164688 ], [ 116.3776897, 39.9164914 ], [ 116.3777568, 39.9165058 ], [ 116.3780894, 39.916477 ], [ 116.3781484, 39.9164523 ], [ 116.3782074, 39.916407 ], [ 116.3782351, 39.9163635 ], [ 116.3781823, 39.9159784 ] ] } },
{ "type": "Feature", "properties": { "index": 564, "color": "#c0d4f5", "label": "Shared with cars up to 15 km/h", "@osmId": "way/654422881" }, "geometry": { "type": "LineString", "coordinates": [ [ 116.3762882, 39.9168853 ], [ 116.3762263, 39.9162731 ] ] } },
{ "type": "Feature", "properties": { "index": 565, "color": "#c0d4f5", "label": "Shared with cars up to 15 km/h", "@osmId": "way/521057901" }, "geometry": { "type": "LineString", "coordinates": [ [ 116.3769255, 39.9166507 ], [ 116.3775006, 39.9165994 ], [ 116.3775891, 39.9166241 ], [ 116.3784367, 39.9165541 ] ] } },
{ "type": "Feature", "properties": { "index": 566, "color": "#c0d4f5", "label": "Shared with cars up to 15 km/h", "@osmId": "way/521057873" }, "geometry": { "type": "LineString", "coordinates": [ [ 116.3757958, 39.9174304 ], [ 116.3759229, 39.917433 ], [ 116.3762426, 39.9174408 ], [ 116.3762882, 39.9168853 ], [ 116.3767496, 39.9168339 ], [ 116.3769373, 39.9167208 ] ] } },
{ "type": "Feature", "properties": { "index": 567, "color": "#7b9ff9", "label": "Shared with bikes", "@osmId": "way/1030194951" }, "geometry": { "type": "LineString", "coordinates": [ [ 116.3842352, 39.9104854 ], [ 116.384217, 39.9110152 ] ] } },
{ "type": "Feature", "properties": { "index": 568, "color": "#c0d4f5", "label": "Shared with cars up to 15 km/h", "@osmId": "way/650006043" }, "geometry": { "type": "LineString", "coordinates": [ [ 116.3837445, 39.9109991 ], [ 116.384217, 39.9110152 ], [ 116.384957, 39.9110403 ], [ 116.3851527, 39.9110495 ] ] } },
{ "type": "Feature", "properties": { "index": 569, "color": "#808080", "label": "Unknown", "@osmId": "way/627816466" }, "geometry": { "type": "LineString", "coordinates": [ [ 116.3839442, 39.9112527 ], [ 116.3844803, 39.9112752 ], [ 116.3849817, 39.9112963 ], [ 116.3851973, 39.9113053 ], [ 116.3853867, 39.9113133 ] ] } },
{ "type": "Feature", "properties": { "index": 570, "color": "#3b4cc0", "label": "Designated", "@osmId": "way/627816467" }, "geometry": { "type": "LineString", "coordinates": [ [ 116.3844803, 39.9112752 ], [ 116.3843717, 39.912685 ] ] } },
{ "type": "Feature", "properties": { "index": 571, "color": "#808080", "label": "Unknown", "@osmId": "way/627836015" }, "geometry": { "type": "LineString", "coordinates": [ [ 116.3849817, 39.9112963 ], [ 116.3848822, 39.9127186 ], [ 116.3848258, 39.9128297 ], [ 116.384807, 39.9130395 ], [ 116.3847775, 39.9130786 ], [ 116.3847105, 39.9131095 ], [ 116.3841184, 39.9130885 ] ] } },
{ "type": "Feature", "properties": { "index": 572, "color": "#808080", "label": "Unknown", "@osmId": "way/627816465" }, "geometry": { "type": "LineString", "coordinates": [ [ 116.384147, 39.9133512 ], [ 116.3841536, 39.9131586 ], [ 116.3841184, 39.9130885 ], [ 116.3840204, 39.9130526 ], [ 116.3839319, 39.9129489 ], [ 116.3839147, 39.9128471 ], [ 116.3839074, 39.9127699 ], [ 116.3838533, 39.9126832 ], [ 116.3838974, 39.9121328 ] ] } },
{ "type": "Feature", "properties": { "index": 573, "color": "#808080", "label": "Unknown", "@osmId": "way/627816465" }, "geometry": { "type": "LineString", "coordinates": [ [ 116.3838974, 39.9121328 ], [ 116.3839639, 39.9113036 ], [ 116.3839442, 39.9112527 ], [ 116.3838803, 39.9112357 ], [ 116.3838042, 39.9112508 ], [ 116.3837648, 39.911313 ], [ 116.3837132, 39.9119877 ], [ 116.3838974, 39.9121328 ] ] } },
{ "type": "Feature", "properties": { "index": 574, "color": "#808080", "label": "Unknown", "@osmId": "way/1031650603" }, "geometry": { "type": "LineString", "coordinates": [ [ 116.3851805, 39.9133673 ], [ 116.3856824, 39.9133876 ] ] } },
{ "type": "Feature", "properties": { "index": 575, "color": "#808080", "label": "Unknown", "@osmId": "way/189612873" }, "geometry": { "type": "LineString", "coordinates": [ [ 116.3856824, 39.9133876 ], [ 116.3863084, 39.913411 ] ] } },
{ "type": "Feature", "properties": { "index": 576, "color": "#808080", "label": "Unknown", "@osmId": "way/369970013" }, "geometry": { "type": "LineString", "coordinates": [ [ 116.3840945, 39.9166726 ], [ 116.3841777, 39.9150347 ], [ 116.3841856, 39.9148787 ], [ 116.3842339, 39.914815 ], [ 116.3851434, 39.9148376 ] ] } },
{ "type": "Feature", "properties": { "index": 577, "color": "#3b4cc0", "label": "Designated", "@osmId": "way/478557023" }, "geometry": { "type": "LineString", "coordinates": [ [ 116.3886998, 39.9064892 ], [ 116.3882509, 39.9064772 ], [ 116.3867071, 39.9064277 ], [ 116.3859724, 39.9064042 ], [ 116.3858787, 39.9063921 ] ] } },
{ "type": "Feature", "properties": { "index": 578, "color": "#3b4cc0", "label": "Designated", "@osmId": "way/29241052" }, "geometry": { "type": "LineString", "coordinates": [ [ 116.3892205, 39.9064529 ], [ 116.3888679, 39.9064477 ], [ 116.388699, 39.9064439 ] ] } },
{ "type": "Feature", "properties": { "index": 579, "color": "#3b4cc0", "label": "Designated", "@osmId": "way/477732128" }, "geometry": { "type": "LineString", "coordinates": [ [ 116.389327, 39.9064639 ], [ 116.3892205, 39.9064529 ] ] } },
{ "type": "Feature", "properties": { "index": 580, "color": "#3b4cc0", "label": "Designated", "@osmId": "way/1147746449" }, "geometry": { "type": "LineString", "coordinates": [ [ 116.388699, 39.9064439 ], [ 116.3886998, 39.9064892 ] ] } },
{ "type": "Feature", "properties": { "index": 581, "color": "#3b4cc0", "label": "Designated", "@osmId": "way/637831970" }, "geometry": { "type": "LineString", "coordinates": [ [ 116.3886998, 39.9064892 ], [ 116.3893248, 39.9065062 ] ] } },
{ "type": "Feature", "properties": { "index": 582, "color": "#3b4cc0", "label": "Designated", "@osmId": "way/478118195" }, "geometry": { "type": "LineString", "coordinates": [ [ 116.3840512, 39.9207245 ], [ 116.3844516, 39.9207527 ], [ 116.3845509, 39.9207716 ], [ 116.3846734, 39.9208209 ], [ 116.3848017, 39.9208744 ], [ 116.3848458, 39.9209369 ], [ 116.384878, 39.9211272 ], [ 116.385169, 39.9214306 ], [ 116.3853594, 39.9215664 ], [ 116.3855227, 39.9216217 ], [ 116.3857022, 39.9216493 ], [ 116.3873389, 39.9216881 ], [ 116.3898387, 39.9217558 ], [ 116.3901644, 39.9217646 ], [ 116.3902476, 39.9217674 ] ] } },
{ "type": "Feature", "properties": { "index": 583, "color": "#3b4cc0", "label": "Designated", "@osmId": "way/523775804" }, "geometry": { "type": "LineString", "coordinates": [ [ 116.3873396, 39.9217409 ], [ 116.3873389, 39.9216881 ] ] } },
{ "type": "Feature", "properties": { "index": 584, "color": "#3b4cc0", "label": "Designated", "@osmId": "way/523775844" }, "geometry": { "type": "LineString", "coordinates": [ [ 116.3901653, 39.9217324 ], [ 116.3899972, 39.9217277 ], [ 116.3898381, 39.9217232 ] ] } },
{ "type": "Feature", "properties": { "index": 585, "color": "#3b4cc0", "label": "Designated", "@osmId": "way/523775840" }, "geometry": { "type": "LineString", "coordinates": [ [ 116.3898387, 39.9217558 ], [ 116.3898381, 39.9217232 ] ] } },
{ "type": "Feature", "properties": { "index": 586, "color": "#3b4cc0", "label": "Designated", "@osmId": "way/523775842" }, "geometry": { "type": "LineString", "coordinates": [ [ 116.3901644, 39.9217646 ], [ 116.3901653, 39.9217324 ] ] } },
{ "type": "Feature", "properties": { "index": 587, "color": "#c0d4f5", "label": "Shared with cars up to 15 km/h", "@osmId": "way/757093420" }, "geometry": { "type": "LineString", "coordinates": [ [ 116.3818288, 39.911075 ], [ 116.3817467, 39.9111244 ] ] } },
{ "type": "Feature", "properties": { "index": 588, "color": "#c0d4f5", "label": "Shared with cars up to 15 km/h", "@osmId": "way/650995870" }, "geometry": { "type": "LineString", "coordinates": [ [ 116.383645, 39.9170179 ], [ 116.3832484, 39.9169896 ], [ 116.3832806, 39.9166275 ] ] } },
{ "type": "Feature", "properties": { "index": 589, "color": "#c0d4f5", "label": "Shared with cars up to 15 km/h", "@osmId": "way/617721807" }, "geometry": { "type": "LineString", "coordinates": [ [ 116.3821472, 39.9175855 ], [ 116.3828512, 39.917622 ], [ 116.3836241, 39.9176656 ], [ 116.3837075, 39.9176724 ] ] } },
{ "type": "Feature", "properties": { "index": 590, "color": "#3b4cc0", "label": "Designated", "@osmId": "way/650995869" }, "geometry": { "type": "LineString", "coordinates": [ [ 116.3828433, 39.9178251 ], [ 116.3828512, 39.917622 ] ] } },
{ "type": "Feature", "properties": { "index": 591, "color": "#808080", "label": "Unknown", "@osmId": "way/30802296" }, "geometry": { "type": "LineString", "coordinates": [ [ 116.3847372, 39.9206233 ], [ 116.384753, 39.9205503 ], [ 116.3848059, 39.9203063 ], [ 116.3848256, 39.9200198 ], [ 116.3848488, 39.9198715 ], [ 116.3848597, 39.919667 ], [ 116.3848928, 39.9187882 ], [ 116.3849089, 39.9185105 ], [ 116.3849459, 39.9180619 ], [ 116.3851434, 39.9148376 ], [ 116.3851368, 39.9143673 ], [ 116.3851805, 39.9133673 ] ] } },
{ "type": "Feature", "properties": { "index": 592, "color": "#c0d4f5", "label": "Shared with cars up to 15 km/h", "@osmId": "way/650999978" }, "geometry": { "type": "LineString", "coordinates": [ [ 116.3845588, 39.9196624 ], [ 116.3845532, 39.9199621 ], [ 116.3840035, 39.919956 ], [ 116.384009, 39.9196578 ], [ 116.3845588, 39.9196624 ] ] } },
{ "type": "Feature", "properties": { "index": 593, "color": "#c0d4f5", "label": "Shared with cars up to 15 km/h", "@osmId": "way/650999978" }, "geometry": { "type": "LineString", "coordinates": [ [ 116.3845588, 39.9196624 ], [ 116.3848597, 39.919667 ] ] } },
{ "type": "Feature", "properties": { "index": 594, "color": "#c0d4f5", "label": "Shared with cars up to 15 km/h", "@osmId": "way/651000448" }, "geometry": { "type": "LineString", "coordinates": [ [ 116.3848488, 39.9198715 ], [ 116.385047, 39.9198758 ] ] } },
{ "type": "Feature", "properties": { "index": 595, "color": "#c0d4f5", "label": "Shared with cars up to 15 km/h", "@osmId": "way/651000526" }, "geometry": { "type": "LineString", "coordinates": [ [ 116.3848059, 39.9203063 ], [ 116.3850711, 39.920318 ], [ 116.3850711, 39.9202625 ], [ 116.385283, 39.9202687 ], [ 116.3853152, 39.9196536 ] ] } },
{ "type": "Feature", "properties": { "index": 596, "color": "#3b4cc0", "label": "Designated", "@osmId": "way/478118207" }, "geometry": { "type": "LineString", "coordinates": [ [ 116.3836945, 39.9207173 ], [ 116.3838769, 39.9207184 ], [ 116.3840512, 39.9207245 ] ] } },
{ "type": "Feature", "properties": { "index": 597, "color": "#808080", "label": "Unknown", "@osmId": "way/1015780640" }, "geometry": { "type": "LineString", "coordinates": [ [ 116.3847372, 39.9206233 ], [ 116.3846734, 39.9208209 ] ] } },
{ "type": "Feature", "properties": { "index": 598, "color": "#808080", "label": "Unknown", "@osmId": "way/644299936" }, "geometry": { "type": "LineString", "coordinates": [ [ 116.3843954, 39.9208427 ], [ 116.3845509, 39.9207716 ], [ 116.3846829, 39.9206715 ], [ 116.3847372, 39.9206233 ] ] } },
{ "type": "Feature", "properties": { "index": 599, "color": "#3b4cc0", "label": "Designated", "@osmId": "way/478118208" }, "geometry": { "type": "LineString", "coordinates": [ [ 116.3838658, 39.9208514 ], [ 116.3838769, 39.9207184 ] ] } },
{ "type": "Feature", "properties": { "index": 600, "color": "#808080", "label": "Unknown", "@osmId": "way/1015780639" }, "geometry": { "type": "LineString", "coordinates": [ [ 116.3846734, 39.9208209 ], [ 116.3846377, 39.9208644 ], [ 116.3846151, 39.9208781 ] ] } },
{ "type": "Feature", "properties": { "index": 601, "color": "#808080", "label": "Unknown", "@osmId": "way/644299938" }, "geometry": { "type": "LineString", "coordinates": [ [ 116.3844341, 39.9208564 ], [ 116.3843954, 39.9208427 ] ] } },
{ "type": "Feature", "properties": { "index": 602, "color": "#808080", "label": "Unknown", "@osmId": "way/644299939" }, "geometry": { "type": "LineString", "coordinates": [ [ 116.3846472, 39.9209188 ], [ 116.3846469, 39.920906 ], [ 116.3846507, 39.9208756 ], [ 116.3846734, 39.9208209 ] ] } },
{ "type": "Feature", "properties": { "index": 603, "color": "#808080", "label": "Unknown", "@osmId": "way/644299937" }, "geometry": { "type": "LineString", "coordinates": [ [ 116.3847372, 39.9206233 ], [ 116.3848017, 39.9208744 ], [ 116.3848245, 39.9211439 ] ] } },
{ "type": "Feature", "properties": { "index": 604, "color": "#808080", "label": "Unknown", "@osmId": "way/25105933" }, "geometry": { "type": "LineString", "coordinates": [ [ 116.3821246, 39.9210393 ], [ 116.3822102, 39.921027 ], [ 116.3823047, 39.9210005 ], [ 116.382404, 39.9209718 ], [ 116.3825404, 39.9209335 ], [ 116.3826998, 39.9208883 ], [ 116.3828196, 39.9208666 ], [ 116.3829521, 39.9208506 ], [ 116.3831328, 39.9208342 ], [ 116.383376, 39.9208274 ], [ 116.3835468, 39.9208266 ], [ 116.3843325, 39.9208437 ], [ 116.3843954, 39.9208427 ] ] } },
{ "type": "Feature", "properties": { "index": 605, "color": "#808080", "label": "Unknown", "@osmId": "way/173229539" }, "geometry": { "type": "LineString", "coordinates": [ [ 116.3808122, 39.9210149 ], [ 116.3819406, 39.9210451 ], [ 116.3821246, 39.9210393 ] ] } },
{ "type": "Feature", "properties": { "index": 606, "color": "#3b4cc0", "label": "Designated", "@osmId": "way/523775846" }, "geometry": { "type": "LineString", "coordinates": [ [ 116.3899972, 39.9217277 ], [ 116.389992, 39.9218068 ] ] } },
{ "type": "Feature", "properties": { "index": 607, "color": "#808080", "label": "Unknown", "@osmId": "way/240529334" }, "geometry": { "type": "LineString", "coordinates": [ [ 116.3899694, 39.9218063 ], [ 116.3900337, 39.9217907 ], [ 116.3902459, 39.9217973 ] ] } },
{ "type": "Feature", "properties": { "index": 608, "color": "#808080", "label": "Unknown", "@osmId": "way/1128446925" }, "geometry": { "type": "LineString", "coordinates": [ [ 116.3676195, 39.9134473 ], [ 116.3675625, 39.9134615 ] ] } },
{ "type": "Feature", "properties": { "index": 609, "color": "#808080", "label": "Unknown", "@osmId": "way/1128446933" }, "geometry": { "type": "LineString", "coordinates": [ [ 116.3676774, 39.9134705 ], [ 116.3676515, 39.9134995 ] ] } },
{ "type": "Feature", "properties": { "index": 610, "color": "#3b4cc0", "label": "Designated", "@osmId": "way/921899104" }, "geometry": { "type": "LineString", "coordinates": [ [ 116.3676774, 39.9134705 ], [ 116.3676521, 39.9134783 ], [ 116.3676176, 39.9134889 ], [ 116.3675609, 39.9135063 ] ] } },
{ "type": "Feature", "properties": { "index": 611, "color": "#808080", "label": "Unknown", "@osmId": "way/33459880" }, "geometry": { "type": "LineString", "coordinates": [ [ 116.3675476, 39.9138807 ], [ 116.3675987, 39.9138787 ] ] } },
{ "type": "Feature", "properties": { "index": 612, "color": "#3b4cc0", "label": "Designated", "@osmId": "way/921899109" }, "geometry": { "type": "LineString", "coordinates": [ [ 116.3676774, 39.9134705 ], [ 116.3676662, 39.9138755 ], [ 116.3676428, 39.9147255 ] ] } },
{ "type": "Feature", "properties": { "index": 613, "color": "#3b4cc0", "label": "Designated", "@osmId": "way/217138612" }, "geometry": { "type": "LineString", "coordinates": [ [ 116.3675049, 39.9150817 ], [ 116.3675629, 39.9150824 ], [ 116.367606, 39.915083 ], [ 116.3676717, 39.9150838 ] ] } },
{ "type": "Feature", "properties": { "index": 614, "color": "#808080", "label": "Unknown", "@osmId": "way/217107570" }, "geometry": { "type": "LineString", "coordinates": [ [ 116.3676231, 39.9133673 ], [ 116.3676195, 39.9134473 ], [ 116.3676176, 39.9134889 ], [ 116.3675987, 39.9138787 ], [ 116.3675948, 39.9140692 ], [ 116.3675881, 39.9142725 ], [ 116.3675629, 39.9150824 ], [ 116.3675607, 39.9151538 ], [ 116.3675311, 39.9158773 ], [ 116.3675057, 39.9166186 ], [ 116.3675048, 39.9166432 ], [ 116.3674998, 39.9167786 ], [ 116.3674764, 39.9172911 ] ] } },
{ "type": "Feature", "properties": { "index": 615, "color": "#808080", "label": "Unknown", "@osmId": "way/1128446927" }, "geometry": { "type": "LineString", "coordinates": [ [ 116.3676521, 39.9134783 ], [ 116.3676515, 39.9134995 ], [ 116.3676405, 39.9138767 ], [ 116.3676084, 39.9149849 ], [ 116.367606, 39.915083 ], [ 116.3676043, 39.9151538 ], [ 116.3675724, 39.9164519 ], [ 116.3675552, 39.9172923 ], [ 116.3675543, 39.9173357 ] ] } },
{ "type": "Feature", "properties": { "index": 616, "color": "#c0d4f5", "label": "Shared with cars up to 15 km/h", "@osmId": "way/59188963" }, "geometry": { "type": "LineString", "coordinates": [ [ 116.3674766, 39.9158756 ], [ 116.3675311, 39.9158773 ] ] } },
{ "type": "Feature", "properties": { "index": 617, "color": "#c0d4f5", "label": "Shared with cars up to 15 km/h", "@osmId": "way/30833779" }, "geometry": { "type": "LineString", "coordinates": [ [ 116.3674503, 39.9166164 ], [ 116.3675057, 39.9166186 ] ] } },
{ "type": "Feature", "properties": { "index": 618, "color": "#808080", "label": "Unknown", "@osmId": "way/59189081" }, "geometry": { "type": "LineString", "coordinates": [ [ 116.3702523, 39.9163559 ], [ 116.3712905, 39.9163889 ] ] } },
{ "type": "Feature", "properties": { "index": 619, "color": "#808080", "label": "Unknown", "@osmId": "way/34104282" }, "geometry": { "type": "LineString", "coordinates": [ [ 116.3715346, 39.913177 ], [ 116.3714717, 39.9142219 ], [ 116.3714528, 39.9145362 ], [ 116.371451, 39.9145665 ], [ 116.3714033, 39.9151081 ], [ 116.3713637, 39.9155276 ], [ 116.3713261, 39.9159452 ], [ 116.3712905, 39.9163889 ], [ 116.3712477, 39.9175191 ], [ 116.3712143, 39.9180492 ], [ 116.3711666, 39.9190066 ], [ 116.3711632, 39.9191071 ], [ 116.3711407, 39.9200698 ], [ 116.3711371, 39.92022 ], [ 116.371134, 39.9203549 ], [ 116.3711303, 39.920403 ], [ 116.3711193, 39.920992 ], [ 116.3711181, 39.921054 ], [ 116.3711166, 39.9211365 ] ] } },
{ "type": "Feature", "properties": { "index": 620, "color": "#808080", "label": "Unknown", "@osmId": "way/521057839" }, "geometry": { "type": "LineString", "coordinates": [ [ 116.3712477, 39.9175191 ], [ 116.3714178, 39.9175197 ], [ 116.3715425, 39.9175241 ] ] } },
{ "type": "Feature", "properties": { "index": 621, "color": "#c0d4f5", "label": "Shared with cars up to 15 km/h", "@osmId": "way/656345449" }, "geometry": { "type": "LineString", "coordinates": [ [ 116.37094, 39.9176557 ], [ 116.3697502, 39.9176428 ] ] } },
{ "type": "Feature", "properties": { "index": 622, "color": "#c0d4f5", "label": "Shared with cars up to 15 km/h", "@osmId": "way/656345089" }, "geometry": { "type": "LineString", "coordinates": [ [ 116.3707686, 39.9190013 ], [ 116.3707945, 39.9181288 ] ] } },
{ "type": "Feature", "properties": { "index": 623, "color": "#c0d4f5", "label": "Shared with cars up to 15 km/h", "@osmId": "way/656345090" }, "geometry": { "type": "LineString", "coordinates": [ [ 116.3707686, 39.9190013 ], [ 116.370714, 39.919359 ], [ 116.3706094, 39.9194084 ], [ 116.3699952, 39.9193981 ], [ 116.3699979, 39.9190463 ], [ 116.3698852, 39.9190442 ], [ 116.3698852, 39.9188426 ], [ 116.369955, 39.9187892 ], [ 116.3699818, 39.918314 ], [ 116.3701856, 39.9181206 ], [ 116.3707945, 39.9181288 ] ] } },
{ "type": "Feature", "properties": { "index": 624, "color": "#c0d4f5", "label": "Shared with cars up to 15 km/h", "@osmId": "way/521057811" }, "geometry": { "type": "LineString", "coordinates": [ [ 116.370264, 39.9189836 ], [ 116.3707686, 39.9190013 ], [ 116.3711666, 39.9190066 ] ] } },
{ "type": "Feature", "properties": { "index": 625, "color": "#808080", "label": "Unknown", "@osmId": "way/363706075" }, "geometry": { "type": "LineString", "coordinates": [ [ 116.3715425, 39.9175241 ], [ 116.371526, 39.9177762 ], [ 116.3715045, 39.9182622 ], [ 116.3714635, 39.918744 ], [ 116.3714549, 39.9192211 ], [ 116.3714085, 39.9200948 ], [ 116.3714083, 39.9206165 ] ] } },
{ "type": "Feature", "properties": { "index": 626, "color": "#3b4cc0", "label": "Designated", "@osmId": "way/1155433184" }, "geometry": { "type": "LineString", "coordinates": [ [ 116.3710774, 39.9204015 ], [ 116.3711303, 39.920403 ], [ 116.3712229, 39.9204056 ] ] } },
{ "type": "Feature", "properties": { "index": 627, "color": "#3b4cc0", "label": "Designated", "@osmId": "way/1155421040" }, "geometry": { "type": "LineString", "coordinates": [ [ 116.3709922, 39.9210507 ], [ 116.3711181, 39.921054 ], [ 116.3712437, 39.9210572 ] ] } },
{ "type": "Feature", "properties": { "index": 628, "color": "#c0d4f5", "label": "Shared with cars up to 15 km/h", "@osmId": "way/59188966" }, "geometry": { "type": "LineString", "coordinates": [ [ 116.3688978, 39.9155777 ], [ 116.3696583, 39.915355 ] ] } },
{ "type": "Feature", "properties": { "index": 629, "color": "#808080", "label": "Unknown", "@osmId": "way/30834599" }, "geometry": { "type": "LineString", "coordinates": [ [ 116.3675987, 39.9138787 ], [ 116.3676405, 39.9138767 ], [ 116.3676662, 39.9138755 ], [ 116.3686434, 39.9138295 ], [ 116.3691373, 39.914475 ], [ 116.3696583, 39.915355 ], [ 116.3702523, 39.9163559 ], [ 116.3705224, 39.9168085 ], [ 116.3708332, 39.9174077 ], [ 116.37094, 39.9176557 ], [ 116.3710984, 39.9180234 ], [ 116.3712143, 39.9180492 ] ] } },
{ "type": "Feature", "properties": { "index": 630, "color": "#c0d4f5", "label": "Shared with cars up to 15 km/h", "@osmId": "way/33679876" }, "geometry": { "type": "LineString", "coordinates": [ [ 116.3675607, 39.9151538 ], [ 116.3676043, 39.9151538 ], [ 116.3687236, 39.9151538 ], [ 116.3688978, 39.9155777 ], [ 116.3694948, 39.9170178 ], [ 116.3699135, 39.9169415 ], [ 116.3699909, 39.917092 ], [ 116.3699762, 39.917404 ] ] } },
{ "type": "Feature", "properties": { "index": 631, "color": "#c0d4f5", "label": "Shared with cars up to 15 km/h", "@osmId": "way/33679875" }, "geometry": { "type": "LineString", "coordinates": [ [ 116.3674764, 39.9172911 ], [ 116.3675552, 39.9172923 ], [ 116.3688387, 39.9173122 ], [ 116.3691558, 39.9173255 ], [ 116.36957, 39.9173717 ], [ 116.3697531, 39.9173863 ], [ 116.3699762, 39.917404 ], [ 116.3708332, 39.9174077 ] ] } },
{ "type": "Feature", "properties": { "index": 632, "color": "#c0d4f5", "label": "Shared with cars up to 15 km/h", "@osmId": "way/656345448" }, "geometry": { "type": "LineString", "coordinates": [ [ 116.3697531, 39.9173863 ], [ 116.3697502, 39.9176428 ], [ 116.3697481, 39.9178332 ] ] } },
{ "type": "Feature", "properties": { "index": 633, "color": "#c0d4f5", "label": "Shared with cars up to 15 km/h", "@osmId": "way/217141322" }, "geometry": { "type": "LineString", "coordinates": [ [ 116.3697481, 39.9178332 ], [ 116.3693103, 39.9178298 ], [ 116.3686991, 39.9178323 ], [ 116.3683146, 39.9178565 ], [ 116.3682377, 39.9178613 ], [ 116.3677113, 39.9179324 ], [ 116.3674517, 39.918011 ] ] } },
{ "type": "Feature", "properties": { "index": 634, "color": "#c0d4f5", "label": "Shared with cars up to 15 km/h", "@osmId": "way/656347395" }, "geometry": { "type": "LineString", "coordinates": [ [ 116.3688002, 39.9179977 ], [ 116.3683147, 39.9179977 ], [ 116.3683146, 39.9178565 ] ] } },
{ "type": "Feature", "properties": { "index": 635, "color": "#c0d4f5", "label": "Shared with cars up to 15 km/h", "@osmId": "way/656345097" }, "geometry": { "type": "LineString", "coordinates": [ [ 116.3691195, 39.9200991 ], [ 116.3691174, 39.9195093 ], [ 116.3699918, 39.9195216 ], [ 116.3699952, 39.9193981 ] ] } },
{ "type": "Feature", "properties": { "index": 636, "color": "#c0d4f5", "label": "Shared with cars up to 15 km/h", "@osmId": "way/42675090" }, "geometry": { "type": "LineString", "coordinates": [ [ 116.3673697, 39.9200987 ], [ 116.3691195, 39.9200991 ], [ 116.3694684, 39.9201094 ], [ 116.3694612, 39.9203383 ], [ 116.371134, 39.9203549 ] ] } },
{ "type": "Feature", "properties": { "index": 637, "color": "#3b4cc0", "label": "Designated", "@osmId": "way/175616048" }, "geometry": { "type": "LineString", "coordinates": [ [ 116.3691124, 39.9211013 ], [ 116.3691128, 39.9210857 ], [ 116.3691139, 39.9210428 ] ] } },
{ "type": "Feature", "properties": { "index": 638, "color": "#c0d4f5", "label": "Shared with cars up to 15 km/h", "@osmId": "way/217139236" }, "geometry": { "type": "LineString", "coordinates": [ [ 116.3674263, 39.9172905 ], [ 116.3674764, 39.9172911 ] ] } },
{ "type": "Feature", "properties": { "index": 639, "color": "#808080", "label": "Unknown", "@osmId": "way/217141318" }, "geometry": { "type": "LineString", "coordinates": [ [ 116.3674253, 39.9173187 ], [ 116.3674764, 39.9172911 ] ] } },
{ "type": "Feature", "properties": { "index": 640, "color": "#808080", "label": "Unknown", "@osmId": "way/217141319" }, "geometry": { "type": "LineString", "coordinates": [ [ 116.3674764, 39.9172911 ], [ 116.3675543, 39.9173357 ], [ 116.3676039, 39.9173641 ], [ 116.3675837, 39.9179504 ], [ 116.3674517, 39.918011 ] ] } },
{ "type": "Feature", "properties": { "index": 641, "color": "#808080", "label": "Unknown", "@osmId": "way/217141318" }, "geometry": { "type": "LineString", "coordinates": [ [ 116.3674517, 39.918011 ], [ 116.3674015, 39.917987 ] ] } },
{ "type": "Feature", "properties": { "index": 642, "color": "#c0d4f5", "label": "Shared with cars up to 15 km/h", "@osmId": "way/188457481" }, "geometry": { "type": "LineString", "coordinates": [ [ 116.3674517, 39.918011 ], [ 116.3674007, 39.91801 ] ] } },
{ "type": "Feature", "properties": { "index": 643, "color": "#808080", "label": "Unknown", "@osmId": "way/154865088" }, "geometry": { "type": "LineString", "coordinates": [ [ 116.3673428, 39.9210702 ], [ 116.3673461, 39.9209819 ], [ 116.3673479, 39.9209329 ], [ 116.3673515, 39.9208341 ], [ 116.3673697, 39.9200987 ], [ 116.3673825, 39.9198997 ], [ 116.3673894, 39.9195484 ], [ 116.3673911, 39.9194596 ], [ 116.3673999, 39.9192509 ], [ 116.367425, 39.9186495 ], [ 116.3674517, 39.918011 ], [ 116.3674603, 39.9177689 ], [ 116.3674621, 39.9177092 ], [ 116.3674635, 39.9176606 ], [ 116.3674764, 39.9172911 ] ] } },
{ "type": "Feature", "properties": { "index": 644, "color": "#808080", "label": "Unknown", "@osmId": "way/217141320" }, "geometry": { "type": "LineString", "coordinates": [ [ 116.3673999, 39.9192509 ], [ 116.3677423, 39.9192604 ] ] } },
{ "type": "Feature", "properties": { "index": 645, "color": "#c0d4f5", "label": "Shared with cars up to 15 km/h", "@osmId": "way/217141321" }, "geometry": { "type": "LineString", "coordinates": [ [ 116.3673492, 39.919458 ], [ 116.3673911, 39.9194596 ] ] } },
{ "type": "Feature", "properties": { "index": 646, "color": "#3b4cc0", "label": "Designated", "@osmId": "way/1155421027" }, "geometry": { "type": "LineString", "coordinates": [ [ 116.367346, 39.9195478 ], [ 116.3673894, 39.9195484 ], [ 116.367453, 39.9195494 ] ] } },
{ "type": "Feature", "properties": { "index": 647, "color": "#c0d4f5", "label": "Shared with cars up to 15 km/h", "@osmId": "way/30833755" }, "geometry": { "type": "LineString", "coordinates": [ [ 116.3673003, 39.9208342 ], [ 116.3673515, 39.9208341 ] ] } },
{ "type": "Feature", "properties": { "index": 648, "color": "#3b4cc0", "label": "Designated", "@osmId": "way/1155421028" }, "geometry": { "type": "LineString", "coordinates": [ [ 116.367295, 39.9209813 ], [ 116.3673461, 39.9209819 ], [ 116.3674504, 39.9209831 ] ] } },
{ "type": "Feature", "properties": { "index": 649, "color": "#3b4cc0", "label": "Designated", "@osmId": "way/521057737" }, "geometry": { "type": "LineString", "coordinates": [ [ 116.3675053, 39.9209986 ], [ 116.3675049, 39.9210621 ], [ 116.3675048, 39.921073 ] ] } },
{ "type": "Feature", "properties": { "index": 650, "color": "#3b4cc0", "label": "Designated", "@osmId": "way/1155421025" }, "geometry": { "type": "LineString", "coordinates": [ [ 116.3696739, 39.9210593 ], [ 116.3696739, 39.9210962 ], [ 116.3696739, 39.9211112 ] ] } },
{ "type": "Feature", "properties": { "index": 651, "color": "#808080", "label": "Unknown", "@osmId": "way/30833655" }, "geometry": { "type": "LineString", "coordinates": [ [ 116.3674025, 39.9210712 ], [ 116.3675049, 39.9210621 ], [ 116.3675613, 39.9210567 ], [ 116.3691128, 39.9210857 ], [ 116.3696739, 39.9210962 ], [ 116.370247, 39.9211069 ], [ 116.3709186, 39.9211194 ], [ 116.3709756, 39.9211267 ], [ 116.3710428, 39.9211352 ] ] } },
{ "type": "Feature", "properties": { "index": 652, "color": "#3b4cc0", "label": "Designated", "@osmId": "way/1155421043" }, "geometry": { "type": "LineString", "coordinates": [ [ 116.3709755, 39.9211341 ], [ 116.3709756, 39.9211267 ], [ 116.3709768, 39.9210634 ] ] } },
{ "type": "Feature", "properties": { "index": 653, "color": "#3b4cc0", "label": "Designated", "@osmId": "way/1155421041" }, "geometry": { "type": "LineString", "coordinates": [ [ 116.3712839, 39.9210932 ], [ 116.3712829, 39.9211387 ], [ 116.3712829, 39.9211395 ] ] } },
{ "type": "Feature", "properties": { "index": 654, "color": "#808080", "label": "Unknown", "@osmId": "way/521057843" }, "geometry": { "type": "LineString", "coordinates": [ [ 116.3716777, 39.9155545 ], [ 116.3721861, 39.9155687 ], [ 116.3726291, 39.915581 ], [ 116.3731549, 39.9155956 ], [ 116.3736485, 39.9156121 ], [ 116.3740941, 39.9156271 ], [ 116.3746225, 39.9156448 ] ] } },
{ "type": "Feature", "properties": { "index": 655, "color": "#808080", "label": "Unknown", "@osmId": "way/363706083" }, "geometry": { "type": "LineString", "coordinates": [ [ 116.3731809, 39.915153 ], [ 116.3731549, 39.9155956 ], [ 116.373128, 39.9160506 ] ] } },
{ "type": "Feature", "properties": { "index": 656, "color": "#808080", "label": "Unknown", "@osmId": "way/521057844" }, "geometry": { "type": "LineString", "coordinates": [ [ 116.3716485, 39.9160029 ], [ 116.3721616, 39.9160194 ], [ 116.3722007, 39.9160207 ], [ 116.3725991, 39.9160336 ], [ 116.3728175, 39.9160379 ], [ 116.373128, 39.9160506 ], [ 116.3733976, 39.9160645 ], [ 116.3736185, 39.9160732 ], [ 116.3739743, 39.9160897 ], [ 116.374061, 39.9160937 ], [ 116.3745963, 39.9161184 ] ] } },
{ "type": "Feature", "properties": { "index": 657, "color": "#808080", "label": "Unknown", "@osmId": "way/363706081" }, "geometry": { "type": "LineString", "coordinates": [ [ 116.3715722, 39.9174316 ], [ 116.371577, 39.9171019 ], [ 116.3716485, 39.9160029 ], [ 116.3716777, 39.9155545 ], [ 116.3717062, 39.9151164 ], [ 116.37221, 39.9151289 ], [ 116.3726584, 39.91514 ], [ 116.3731809, 39.915153 ], [ 116.3736483, 39.91517 ], [ 116.3736772, 39.915171 ], [ 116.3741252, 39.9151873 ], [ 116.3744543, 39.9151992 ], [ 116.3746092, 39.9152231 ], [ 116.3746431, 39.9152727 ], [ 116.3746225, 39.9156448 ], [ 116.3745963, 39.9161184 ], [ 116.3745731, 39.9165385 ], [ 116.3745442, 39.9170602 ], [ 116.3745371, 39.9171884 ], [ 116.3745383, 39.9172985 ], [ 116.3745232, 39.9175183 ], [ 116.3744593, 39.9175443 ], [ 116.3715722, 39.9174316 ] ] } },
{ "type": "Feature", "properties": { "index": 658, "color": "#808080", "label": "Unknown", "@osmId": "way/363706084" }, "geometry": { "type": "LineString", "coordinates": [ [ 116.3721462, 39.9171247 ], [ 116.3721972, 39.9161732 ], [ 116.3722007, 39.9160207 ] ] } },
{ "type": "Feature", "properties": { "index": 659, "color": "#808080", "label": "Unknown", "@osmId": "way/363706085" }, "geometry": { "type": "LineString", "coordinates": [ [ 116.3728175, 39.9160379 ], [ 116.3727456, 39.9171362 ] ] } },
{ "type": "Feature", "properties": { "index": 660, "color": "#808080", "label": "Unknown", "@osmId": "way/363706086" }, "geometry": { "type": "LineString", "coordinates": [ [ 116.3733976, 39.9160645 ], [ 116.3733182, 39.9171534 ] ] } },
{ "type": "Feature", "properties": { "index": 661, "color": "#808080", "label": "Unknown", "@osmId": "way/363706082" }, "geometry": { "type": "LineString", "coordinates": [ [ 116.371577, 39.9171019 ], [ 116.3721462, 39.9171247 ], [ 116.3727456, 39.9171362 ], [ 116.3733182, 39.9171534 ], [ 116.3739049, 39.9171695 ], [ 116.3745371, 39.9171884 ] ] } },
{ "type": "Feature", "properties": { "index": 662, "color": "#808080", "label": "Unknown", "@osmId": "way/521057841" }, "geometry": { "type": "LineString", "coordinates": [ [ 116.3730995, 39.9175921 ], [ 116.3715425, 39.9175241 ] ] } },
{ "type": "Feature", "properties": { "index": 663, "color": "#808080", "label": "Unknown", "@osmId": "way/363706074" }, "geometry": { "type": "LineString", "coordinates": [ [ 116.373079, 39.9178253 ], [ 116.371526, 39.9177762 ] ] } },
{ "type": "Feature", "properties": { "index": 664, "color": "#c0d4f5", "label": "Shared with cars up to 15 km/h", "@osmId": "way/521057875" }, "geometry": { "type": "LineString", "coordinates": [ [ 116.3771224, 39.9178399 ], [ 116.377058, 39.9178008 ], [ 116.3769937, 39.9171919 ], [ 116.3769373, 39.9167208 ] ] } },
{ "type": "Feature", "properties": { "index": 665, "color": "#c0d4f5", "label": "Shared with cars up to 15 km/h", "@osmId": "way/521057933" }, "geometry": { "type": "LineString", "coordinates": [ [ 116.3770661, 39.9184676 ], [ 116.3771224, 39.9178399 ], [ 116.3773021, 39.9178214 ], [ 116.3786191, 39.9179448 ], [ 116.3786003, 39.9180538 ] ] } },
{ "type": "Feature", "properties": { "index": 666, "color": "#c0d4f5", "label": "Shared with cars up to 15 km/h", "@osmId": "way/652284320" }, "geometry": { "type": "LineString", "coordinates": [ [ 116.3773124, 39.9198029 ], [ 116.3775055, 39.9198071 ], [ 116.3775431, 39.9187492 ], [ 116.3775545, 39.9184756 ] ] } },
{ "type": "Feature", "properties": { "index": 667, "color": "#c0d4f5", "label": "Shared with cars up to 15 km/h", "@osmId": "way/652284319" }, "geometry": { "type": "LineString", "coordinates": [ [ 116.377337, 39.918472 ], [ 116.3773334, 39.9187436 ], [ 116.3773124, 39.9198029 ], [ 116.3772373, 39.9199922 ] ] } },
{ "type": "Feature", "properties": { "index": 668, "color": "#c0d4f5", "label": "Shared with cars up to 15 km/h", "@osmId": "way/652331047" }, "geometry": { "type": "LineString", "coordinates": [ [ 116.3788453, 39.9195674 ], [ 116.3787913, 39.9204531 ], [ 116.3801732, 39.9205149 ] ] } },
{ "type": "Feature", "properties": { "index": 669, "color": "#808080", "label": "Unknown", "@osmId": "way/59185386" }, "geometry": { "type": "LineString", "coordinates": [ [ 116.3752305, 39.917523 ], [ 116.3757917, 39.9175448 ] ] } },
{ "type": "Feature", "properties": { "index": 670, "color": "#808080", "label": "Unknown", "@osmId": "way/190079808" }, "geometry": { "type": "LineString", "coordinates": [ [ 116.3730995, 39.9175921 ], [ 116.373236, 39.9175974 ], [ 116.373673, 39.9176143 ], [ 116.3742182, 39.9176212 ], [ 116.3744118, 39.9176304 ], [ 116.3749027, 39.9176552 ] ] } },
{ "type": "Feature", "properties": { "index": 671, "color": "#c0d4f5", "label": "Shared with cars up to 15 km/h", "@osmId": "way/654424502" }, "geometry": { "type": "LineString", "coordinates": [ [ 116.3738185, 39.9184116 ], [ 116.3738732, 39.9178838 ], [ 116.3738847, 39.9177645 ] ] } },
{ "type": "Feature", "properties": { "index": 672, "color": "#c0d4f5", "label": "Shared with cars up to 15 km/h", "@osmId": "way/654424503" }, "geometry": { "type": "LineString", "coordinates": [ [ 116.3739895, 39.9184189 ], [ 116.3740376, 39.9178859 ], [ 116.3738732, 39.9178838 ] ] } },
{ "type": "Feature", "properties": { "index": 673, "color": "#c0d4f5", "label": "Shared with cars up to 15 km/h", "@osmId": "way/654424505" }, "geometry": { "type": "LineString", "coordinates": [ [ 116.3739895, 39.9184189 ], [ 116.3733563, 39.9185792 ] ] } },
{ "type": "Feature", "properties": { "index": 674, "color": "#c0d4f5", "label": "Shared with cars up to 15 km/h", "@osmId": "way/654426420" }, "geometry": { "type": "LineString", "coordinates": [ [ 116.3743034, 39.9202879 ], [ 116.3744026, 39.9184056 ] ] } },
{ "type": "Feature", "properties": { "index": 675, "color": "#c0d4f5", "label": "Shared with cars up to 15 km/h", "@osmId": "way/30834070" }, "geometry": { "type": "LineString", "coordinates": [ [ 116.3746167, 39.9211981 ], [ 116.3749027, 39.9176552 ], [ 116.37495, 39.9176102 ], [ 116.3750064, 39.9175697 ], [ 116.375089, 39.9175328 ], [ 116.3752305, 39.917523 ] ] } },
{ "type": "Feature", "properties": { "index": 676, "color": "#c0d4f5", "label": "Shared with cars up to 15 km/h", "@osmId": "way/173229520" }, "geometry": { "type": "LineString", "coordinates": [ [ 116.3736723, 39.9209249 ], [ 116.3738474, 39.9206849 ], [ 116.3740754, 39.920688 ], [ 116.3742122, 39.9206587 ], [ 116.3742739, 39.9205841 ], [ 116.3743034, 39.9202879 ], [ 116.3732037, 39.9202241 ], [ 116.3731795, 39.9205285 ], [ 116.3732225, 39.9205995 ], [ 116.3733197, 39.9206345 ], [ 116.3735363, 39.9206664 ], [ 116.3736723, 39.9209249 ] ] } },
{ "type": "Feature", "properties": { "index": 677, "color": "#c0d4f5", "label": "Shared with cars up to 15 km/h", "@osmId": "way/521057830" }, "geometry": { "type": "LineString", "coordinates": [ [ 116.3735363, 39.9206664 ], [ 116.3738474, 39.9206849 ] ] } },
{ "type": "Feature", "properties": { "index": 678, "color": "#c0d4f5", "label": "Shared with cars up to 15 km/h", "@osmId": "way/173229520" }, "geometry": { "type": "LineString", "coordinates": [ [ 116.3736594, 39.9211812 ], [ 116.3736723, 39.9209249 ] ] } },
{ "type": "Feature", "properties": { "index": 679, "color": "#808080", "label": "Unknown", "@osmId": "way/363706077" }, "geometry": { "type": "LineString", "coordinates": [ [ 116.3715045, 39.9182622 ], [ 116.3730492, 39.9183129 ] ] } },
{ "type": "Feature", "properties": { "index": 680, "color": "#808080", "label": "Unknown", "@osmId": "way/363706076" }, "geometry": { "type": "LineString", "coordinates": [ [ 116.3714635, 39.918744 ], [ 116.3730247, 39.9187746 ] ] } },
{ "type": "Feature", "properties": { "index": 681, "color": "#808080", "label": "Unknown", "@osmId": "way/363706073" }, "geometry": { "type": "LineString", "coordinates": [ [ 116.3714083, 39.9206165 ], [ 116.3715505, 39.9207135 ], [ 116.3719503, 39.9207194 ], [ 116.372934, 39.920734 ], [ 116.3729547, 39.9201257 ], [ 116.3729945, 39.9192543 ], [ 116.3730247, 39.9187746 ], [ 116.3730492, 39.9183129 ], [ 116.373079, 39.9178253 ], [ 116.3730995, 39.9175921 ] ] } },
{ "type": "Feature", "properties": { "index": 682, "color": "#808080", "label": "Unknown", "@osmId": "way/363706078" }, "geometry": { "type": "LineString", "coordinates": [ [ 116.3714549, 39.9192211 ], [ 116.3723818, 39.9192511 ], [ 116.3729945, 39.9192543 ] ] } },
{ "type": "Feature", "properties": { "index": 683, "color": "#c0d4f5", "label": "Shared with cars up to 15 km/h", "@osmId": "way/654424504" }, "geometry": { "type": "LineString", "coordinates": [ [ 116.3738185, 39.9184116 ], [ 116.3733563, 39.9185792 ], [ 116.3732037, 39.9202241 ] ] } },
{ "type": "Feature", "properties": { "index": 684, "color": "#c0d4f5", "label": "Shared with cars up to 15 km/h", "@osmId": "way/363706080" }, "geometry": { "type": "LineString", "coordinates": [ [ 116.3723528, 39.9201137 ], [ 116.3723818, 39.9192511 ] ] } },
{ "type": "Feature", "properties": { "index": 685, "color": "#808080", "label": "Unknown", "@osmId": "way/363706079" }, "geometry": { "type": "LineString", "coordinates": [ [ 116.3714085, 39.9200948 ], [ 116.3723528, 39.9201137 ], [ 116.3729547, 39.9201257 ] ] } },
{ "type": "Feature", "properties": { "index": 686, "color": "#c0d4f5", "label": "Shared with cars up to 15 km/h", "@osmId": "way/654770790" }, "geometry": { "type": "LineString", "coordinates": [ [ 116.372934, 39.920734 ], [ 116.3730633, 39.9209044 ], [ 116.3730606, 39.9209811 ], [ 116.3730565, 39.9210941 ], [ 116.3730528, 39.9211706 ] ] } },
{ "type": "Feature", "properties": { "index": 687, "color": "#3b4cc0", "label": "Designated", "@osmId": "way/136977682" }, "geometry": { "type": "LineString", "coordinates": [ [ 116.3723747, 39.921086 ], [ 116.3726268, 39.921089 ], [ 116.3728397, 39.921093 ], [ 116.3730565, 39.9210941 ] ] } },
{ "type": "Feature", "properties": { "index": 688, "color": "#3b4cc0", "label": "Designated", "@osmId": "way/136977683" }, "geometry": { "type": "LineString", "coordinates": [ [ 116.3736201, 39.9211029 ], [ 116.3730565, 39.9210941 ] ] } },
{ "type": "Feature", "properties": { "index": 689, "color": "#808080", "label": "Unknown", "@osmId": "way/162395720" }, "geometry": { "type": "LineString", "coordinates": [ [ 116.375596, 39.9211771 ], [ 116.3766711, 39.9211913 ], [ 116.3770932, 39.9211967 ], [ 116.3774036, 39.9212027 ], [ 116.3775033, 39.921195 ], [ 116.3776298, 39.9211683 ], [ 116.3779632, 39.9210762 ], [ 116.3780687, 39.9210557 ], [ 116.3782865, 39.9210384 ], [ 116.3783959, 39.9210409 ], [ 116.3786109, 39.9210458 ], [ 116.3798894, 39.9210852 ], [ 116.3800633, 39.9210906 ], [ 116.3802117, 39.9210709 ], [ 116.3803357, 39.9210525 ], [ 116.3805004, 39.9210291 ], [ 116.3806597, 39.9210181 ], [ 116.3808122, 39.9210149 ] ] } },
{ "type": "Feature", "properties": { "index": 690, "color": "#808080", "label": "Unknown", "@osmId": "way/175277982" }, "geometry": { "type": "LineString", "coordinates": [ [ 116.375596, 39.9211771 ], [ 116.3755951, 39.9212153 ] ] } },
{ "type": "Feature", "properties": { "index": 691, "color": "#3b4cc0", "label": "Designated", "@osmId": "way/136977687" }, "geometry": { "type": "LineString", "coordinates": [ [ 116.3728397, 39.921093 ], [ 116.3728383, 39.9211668 ] ] } },
{ "type": "Feature", "properties": { "index": 692, "color": "#808080", "label": "Unknown", "@osmId": "way/136977670" }, "geometry": { "type": "LineString", "coordinates": [ [ 116.3712684, 39.9211392 ], [ 116.3712829, 39.9211387 ], [ 116.3713413, 39.9211368 ], [ 116.372245, 39.9211553 ], [ 116.3725986, 39.9211626 ] ] } },
{ "type": "Feature", "properties": { "index": 693, "color": "#3b4cc0", "label": "Designated", "@osmId": "way/1016759762" }, "geometry": { "type": "LineString", "coordinates": [ [ 116.3736165, 39.9211805 ], [ 116.3736201, 39.9211029 ] ] } },
{ "type": "Feature", "properties": { "index": 694, "color": "#808080", "label": "Unknown", "@osmId": "way/173229546" }, "geometry": { "type": "LineString", "coordinates": [ [ 116.3754273, 39.9212123 ], [ 116.375596, 39.9211771 ] ] } },
{ "type": "Feature", "properties": { "index": 695, "color": "#3b4cc0", "label": "Designated", "@osmId": "way/724547057" }, "geometry": { "type": "Polygon", "coordinates": [ [ [ 116.3894832, 39.900456 ], [ 116.3894485, 39.9004568 ], [ 116.3892554, 39.9004495 ], [ 116.3892996, 39.8994217 ], [ 116.389319, 39.8994206 ], [ 116.389325, 39.8990715 ], [ 116.3893265, 39.8989824 ], [ 116.389529, 39.8989598 ], [ 116.3895658, 39.8989566 ], [ 116.3896154, 39.8989741 ], [ 116.3896443, 39.8989948 ], [ 116.3896684, 39.8990215 ], [ 116.3896725, 39.8990411 ], [ 116.3896752, 39.899075 ], [ 116.3896, 39.9003281 ], [ 116.389584, 39.9003744 ], [ 116.3895652, 39.9004063 ], [ 116.3895504, 39.9004228 ], [ 116.3895282, 39.9004443 ], [ 116.3894968, 39.9004557 ], [ 116.3894832, 39.900456 ] ] ] } },
{ "type": "Feature", "properties": { "index": 696, "color": "#3b4cc0", "label": "Designated", "@osmId": "way/724596167" }, "geometry": { "type": "Polygon", "coordinates": [ [ [ 116.3893747, 39.9014135 ], [ 116.3893396, 39.9014218 ], [ 116.3892889, 39.9014197 ], [ 116.3893372, 39.9005658 ], [ 116.3893948, 39.9005659 ], [ 116.3894377, 39.9005741 ], [ 116.389481, 39.9005933 ], [ 116.3895115, 39.9006069 ], [ 116.389541, 39.9006419 ], [ 116.3895491, 39.900679 ], [ 116.3895544, 39.9007366 ], [ 116.3895303, 39.901286 ], [ 116.3895276, 39.9013148 ], [ 116.3895035, 39.9013456 ], [ 116.3894713, 39.9013724 ], [ 116.389431, 39.901393 ], [ 116.3894077, 39.9014015 ], [ 116.3893747, 39.9014135 ] ] ] } },
{ "type": "Feature", "properties": { "index": 697, "color": "#3b4cc0", "label": "Designated", "@osmId": "way/724548766" }, "geometry": { "type": "Polygon", "coordinates": [ [ [ 116.3885814, 39.9018889 ], [ 116.3885761, 39.9019753 ], [ 116.3866234, 39.9019208 ], [ 116.3866248, 39.9018488 ], [ 116.3870821, 39.9018642 ], [ 116.3870539, 39.901855 ], [ 116.3869842, 39.9018334 ], [ 116.3869158, 39.9018025 ], [ 116.3868621, 39.9017644 ], [ 116.3868085, 39.9017233 ], [ 116.3867736, 39.9016842 ], [ 116.3869064, 39.9016893 ], [ 116.3869265, 39.9017181 ], [ 116.3869721, 39.9017542 ], [ 116.3870378, 39.9017891 ], [ 116.3870941, 39.9018097 ], [ 116.3871344, 39.9018179 ], [ 116.3871786, 39.901821 ], [ 116.387412, 39.9018251 ], [ 116.3874147, 39.9017655 ], [ 116.3873281, 39.9017638 ], [ 116.3872953, 39.9017223 ], [ 116.3879386, 39.9017387 ], [ 116.387905, 39.9017781 ], [ 116.3878203, 39.9017762 ], [ 116.3878157, 39.9018406 ], [ 116.3880973, 39.9018467 ], [ 116.388171, 39.9018365 ], [ 116.3882166, 39.901819 ], [ 116.3882435, 39.9018004 ], [ 116.3882824, 39.9017675 ], [ 116.3882996, 39.9017506 ], [ 116.3883199, 39.9017305 ], [ 116.3884366, 39.9017336 ], [ 116.3884178, 39.9017644 ], [ 116.3883856, 39.9018046 ], [ 116.3883454, 39.9018354 ], [ 116.3882904, 39.9018612 ], [ 116.3882301, 39.9018776 ], [ 116.3885814, 39.9018889 ] ] ] } },
{ "type": "Feature", "properties": { "index": 698, "color": "#3b4cc0", "label": "Designated", "@osmId": "relation/10039263" }, "geometry": { "type": "Polygon", "coordinates": [ [ [ 116.388448, 39.9038602 ], [ 116.3884424, 39.9039509 ], [ 116.3882494, 39.9039426 ], [ 116.3882871, 39.9030433 ], [ 116.3884862, 39.9030499 ], [ 116.3884829, 39.9031523 ], [ 116.3885675, 39.9031548 ], [ 116.3891078, 39.9031709 ], [ 116.3891219, 39.9029411 ], [ 116.3891819, 39.9019613 ], [ 116.3891959, 39.9017336 ], [ 116.3892004, 39.9016594 ], [ 116.3884802, 39.9016368 ], [ 116.3884842, 39.9015883 ], [ 116.3884856, 39.9015721 ], [ 116.3891937, 39.9015927 ], [ 116.3892822, 39.901605 ], [ 116.3893439, 39.9016235 ], [ 116.3893684, 39.9016423 ], [ 116.3893948, 39.9016626 ], [ 116.3894404, 39.9017161 ], [ 116.3894429, 39.9017331 ], [ 116.3894525, 39.9017983 ], [ 116.3894525, 39.9019856 ], [ 116.3893916, 39.9031735 ], [ 116.3894361, 39.9031748 ], [ 116.3894143, 39.903605 ], [ 116.389397, 39.9039453 ], [ 116.3893522, 39.9039437 ], [ 116.3892728, 39.9054958 ], [ 116.3892547, 39.9055561 ], [ 116.3892487, 39.905576 ], [ 116.3891923, 39.9056234 ], [ 116.389132, 39.9056645 ], [ 116.3890783, 39.9056779 ], [ 116.3889858, 39.9056913 ], [ 116.3889094, 39.9056888 ], [ 116.3889157, 39.905593 ], [ 116.3889187, 39.9055472 ], [ 116.388921, 39.9055129 ], [ 116.3889232, 39.9054801 ], [ 116.3889273, 39.9054423 ], [ 116.3889845, 39.905444 ], [ 116.3890063, 39.9050692 ], [ 116.3890653, 39.9040572 ], [ 116.3890756, 39.9038807 ], [ 116.3885233, 39.9038627 ], [ 116.388448, 39.9038602 ] ], [ [ 116.3888939, 39.9037102 ], [ 116.3888958, 39.9036727 ], [ 116.3887584, 39.9036685 ], [ 116.3887564, 39.903706 ], [ 116.3888939, 39.9037102 ] ], [ [ 116.3889944, 39.9036758 ], [ 116.3889435, 39.9036742 ], [ 116.3889415, 39.9037117 ], [ 116.3889925, 39.9037132 ], [ 116.3889944, 39.9036758 ] ], [ [ 116.3887036, 39.9037044 ], [ 116.3887056, 39.9036669 ], [ 116.3886611, 39.9036656 ], [ 116.3886591, 39.903703 ], [ 116.3887036, 39.9037044 ] ], [ [ 116.388723, 39.9033316 ], [ 116.3887246, 39.9033007 ], [ 116.3886801, 39.9032993 ], [ 116.3886785, 39.9033303 ], [ 116.388723, 39.9033316 ] ], [ [ 116.3889148, 39.9033065 ], [ 116.3887774, 39.9033023 ], [ 116.3887758, 39.9033332 ], [ 116.3889132, 39.9033374 ], [ 116.3889148, 39.9033065 ] ], [ [ 116.3890134, 39.9033095 ], [ 116.3889625, 39.903308 ], [ 116.3889609, 39.9033389 ], [ 116.3890118, 39.9033405 ], [ 116.3890134, 39.9033095 ] ] ] } },
{ "type": "Feature", "properties": { "index": 699, "color": "#3b4cc0", "label": "Designated", "@osmId": "way/724548764" }, "geometry": { "type": "Polygon", "coordinates": [ [ [ 116.3868581, 39.9054331 ], [ 116.3868599, 39.9054088 ], [ 116.386783, 39.9054053 ], [ 116.3867838, 39.9053801 ], [ 116.3867857, 39.9053169 ], [ 116.3868648, 39.905321 ], [ 116.3869345, 39.9052778 ], [ 116.3879484, 39.9053086 ], [ 116.3880262, 39.9053529 ], [ 116.3880866, 39.905357 ], [ 116.3880827, 39.9054178 ], [ 116.3880812, 39.9054414 ], [ 116.3880154, 39.9054406 ], [ 116.3880141, 39.905466 ], [ 116.3868581, 39.9054331 ] ] ] } },
{ "type": "Feature", "properties": { "index": 700, "color": "#3b4cc0", "label": "Designated", "@osmId": "way/724597652" }, "geometry": { "type": "Polygon", "coordinates": [ [ [ 116.3880666, 39.9056914 ], [ 116.3880684, 39.9056613 ], [ 116.3880812, 39.9054414 ], [ 116.3880827, 39.9054178 ], [ 116.3880866, 39.905357 ], [ 116.3881573, 39.9053588 ], [ 116.3882225, 39.9053604 ], [ 116.3882462, 39.9053895 ], [ 116.3882677, 39.9054039 ], [ 116.3884423, 39.9054071 ], [ 116.3889302, 39.9054162 ], [ 116.3889273, 39.9054423 ], [ 116.3889232, 39.9054801 ], [ 116.3882596, 39.9054574 ], [ 116.3882569, 39.9054944 ], [ 116.388921, 39.9055129 ], [ 116.3889187, 39.9055472 ], [ 116.3889157, 39.905593 ], [ 116.3888708, 39.9055916 ], [ 116.3887627, 39.9055883 ], [ 116.3882516, 39.9055726 ], [ 116.3882454, 39.9056671 ], [ 116.3882435, 39.9056966 ], [ 116.3881428, 39.9056936 ], [ 116.3880666, 39.9056914 ] ] ] } },
{ "type": "Feature", "properties": { "index": 701, "color": "#3b4cc0", "label": "Designated", "@osmId": "way/724545150" }, "geometry": { "type": "Polygon", "coordinates": [ [ [ 116.3826591, 39.9022694 ], [ 116.3826282, 39.9022694 ], [ 116.3825987, 39.9022643 ], [ 116.3825652, 39.902254 ], [ 116.3825357, 39.9022406 ], [ 116.3825183, 39.9022231 ], [ 116.3825116, 39.9022067 ], [ 116.3825116, 39.9021841 ], [ 116.382521, 39.9021594 ], [ 116.3825491, 39.9021213 ], [ 116.3825934, 39.9020884 ], [ 116.3826524, 39.9020678 ], [ 116.3827114, 39.9020596 ], [ 116.3827543, 39.9020544 ], [ 116.3827986, 39.9020524 ], [ 116.3828468, 39.9020596 ], [ 116.3828817, 39.9020719 ], [ 116.382922, 39.9020904 ], [ 116.3829394, 39.9021089 ], [ 116.3829488, 39.9021285 ], [ 116.3829488, 39.9021511 ], [ 116.3829394, 39.9021758 ], [ 116.3829193, 39.9021974 ], [ 116.3828978, 39.902217 ], [ 116.3828589, 39.9022386 ], [ 116.3828281, 39.9022489 ], [ 116.3827838, 39.9022612 ], [ 116.3827449, 39.9022684 ], [ 116.3827087, 39.9022694 ], [ 116.3826819, 39.9022694 ], [ 116.3826591, 39.9022694 ] ] ] } },
{ "type": "Feature", "properties": { "index": 702, "color": "#3b4cc0", "label": "Designated", "@osmId": "way/724545144" }, "geometry": { "type": "Polygon", "coordinates": [ [ [ 116.3843972, 39.9023096 ], [ 116.384373, 39.9023013 ], [ 116.3843435, 39.902289 ], [ 116.3843127, 39.9022725 ], [ 116.3842872, 39.902254 ], [ 116.3842684, 39.9022386 ], [ 116.3842617, 39.902218 ], [ 116.3842577, 39.9021995 ], [ 116.3842617, 39.9021789 ], [ 116.3842751, 39.9021522 ], [ 116.3843006, 39.9021306 ], [ 116.3843408, 39.902111 ], [ 116.3843972, 39.9021048 ], [ 116.3844347, 39.9021048 ], [ 116.3844602, 39.9021048 ], [ 116.3845205, 39.9021141 ], [ 116.3845661, 39.9021285 ], [ 116.3846278, 39.9021583 ], [ 116.3846654, 39.9021841 ], [ 116.3846855, 39.9022098 ], [ 116.3846976, 39.9022376 ], [ 116.3846962, 39.9022612 ], [ 116.3846855, 39.9022828 ], [ 116.3846654, 39.9023013 ], [ 116.3846345, 39.9023168 ], [ 116.3846024, 39.9023229 ], [ 116.3845568, 39.9023281 ], [ 116.3844964, 39.9023281 ], [ 116.3844615, 39.9023229 ], [ 116.3844173, 39.9023147 ], [ 116.3843972, 39.9023096 ] ] ] } },
{ "type": "Feature", "properties": { "index": 703, "color": "#3b4cc0", "label": "Designated", "@osmId": "relation/10039184" }, "geometry": { "type": "Polygon", "coordinates": [ [ [ 116.3820849, 39.905613 ], [ 116.3820648, 39.905577 ], [ 116.3820604, 39.9055431 ], [ 116.3820554, 39.905469 ], [ 116.3820523, 39.905254 ], [ 116.3820486, 39.9050736 ], [ 116.382046, 39.9049505 ], [ 116.3820245, 39.9046734 ], [ 116.3820188, 39.9045997 ], [ 116.3819816, 39.9043641 ], [ 116.3819718, 39.9042366 ], [ 116.3819387, 39.9039793 ], [ 116.3818739, 39.9035329 ], [ 116.3818409, 39.9033043 ], [ 116.3818314, 39.9032386 ], [ 116.3817604, 39.9027582 ], [ 116.3817103, 39.9023683 ], [ 116.3816701, 39.9020051 ], [ 116.3816728, 39.9019403 ], [ 116.3816741, 39.9018631 ], [ 116.3816812, 39.9018075 ], [ 116.3817188, 39.9014783 ], [ 116.3817308, 39.9014454 ], [ 116.3817573, 39.9014228 ], [ 116.3817939, 39.9014042 ], [ 116.3818283, 39.9013909 ], [ 116.3818605, 39.9013868 ], [ 116.3822404, 39.9013949 ], [ 116.3823916, 39.9013981 ], [ 116.3825955, 39.9014043 ], [ 116.3827658, 39.9014187 ], [ 116.3828815, 39.9014227 ], [ 116.3832218, 39.90143 ], [ 116.3833049, 39.9014362 ], [ 116.3833653, 39.9014475 ], [ 116.3834095, 39.9014598 ], [ 116.3834327, 39.901469 ], [ 116.3834699, 39.9014804 ], [ 116.3837676, 39.9014876 ], [ 116.3838159, 39.9014856 ], [ 116.38384, 39.9014804 ], [ 116.3838954, 39.901466 ], [ 116.3839285, 39.9014578 ], [ 116.3839634, 39.9014526 ], [ 116.3849737, 39.9014754 ], [ 116.3851516, 39.9014794 ], [ 116.3851985, 39.9014886 ], [ 116.3852374, 39.901502 ], [ 116.3852543, 39.9015098 ], [ 116.3852817, 39.9015226 ], [ 116.3853058, 39.9015401 ], [ 116.3853219, 39.9015617 ], [ 116.3853286, 39.9015812 ], [ 116.3853233, 39.9017318 ], [ 116.3853166, 39.9019218 ], [ 116.3853206, 39.901966 ], [ 116.385325, 39.902002 ], [ 116.3853394, 39.9020339 ], [ 116.3853662, 39.9020648 ], [ 116.385388, 39.9020863 ], [ 116.3854024, 39.9021101 ], [ 116.3854131, 39.9021419 ], [ 116.3854151, 39.9021658 ], [ 116.3854171, 39.9022644 ], [ 116.3854158, 39.9023652 ], [ 116.3854078, 39.9027129 ], [ 116.3853786, 39.9032994 ], [ 116.3853742, 39.9033878 ], [ 116.3853192, 39.9041255 ], [ 116.3852857, 39.9047983 ], [ 116.3852704, 39.9051672 ], [ 116.3852696, 39.9051871 ], [ 116.3852669, 39.9054083 ], [ 116.3852392, 39.9055153 ], [ 116.3852051, 39.9055675 ], [ 116.3851601, 39.9056151 ], [ 116.385038, 39.9056964 ], [ 116.3849853, 39.9057128 ], [ 116.384925, 39.9057262 ], [ 116.3848753, 39.9057375 ], [ 116.3848056, 39.9057437 ], [ 116.3839603, 39.9057192 ], [ 116.3832405, 39.9056984 ], [ 116.3830425, 39.9056922 ], [ 116.3822642, 39.9056676 ], [ 116.3821971, 39.9056624 ], [ 116.3821412, 39.9056532 ], [ 116.3821171, 39.9056418 ], [ 116.3820991, 39.9056279 ], [ 116.3820849, 39.905613 ] ], [ [ 116.3818364, 39.9028786 ], [ 116.3818672, 39.9031718 ], [ 116.3818739, 39.9032366 ], [ 116.3818846, 39.903249 ], [ 116.3819064, 39.9032556 ], [ 116.3819356, 39.9032562 ], [ 116.3819624, 39.9032449 ], [ 116.3819705, 39.9032263 ], [ 116.3819705, 39.9032016 ], [ 116.3819707, 39.9031219 ], [ 116.3819761, 39.9030519 ], [ 116.3819962, 39.9029202 ], [ 116.3820244, 39.9028142 ], [ 116.3820633, 39.9027103 ], [ 116.3821062, 39.9026208 ], [ 116.3821354, 39.9025473 ], [ 116.3821435, 39.9025154 ], [ 116.3821411, 39.9024891 ], [ 116.3821314, 39.9024712 ], [ 116.3821166, 39.9024558 ], [ 116.3820979, 39.9024434 ], [ 116.3820646, 39.9024264 ], [ 116.3820147, 39.9024115 ], [ 116.3819774, 39.9024058 ], [ 116.3819316, 39.9024023 ], [ 116.3818769, 39.9024038 ], [ 116.3818393, 39.902413 ], [ 116.3818082, 39.90243 ], [ 116.3817948, 39.9024475 ], [ 116.3817881, 39.9024702 ], [ 116.3818216, 39.9027695 ], [ 116.3818364, 39.9028786 ] ], [ [ 116.3827108, 39.901466 ], [ 116.3826491, 39.901463 ], [ 116.382515, 39.901463 ], [ 116.3825305, 39.9014755 ], [ 116.3829334, 39.9017994 ], [ 116.3829535, 39.9018158 ], [ 116.3829682, 39.9018374 ], [ 116.3829696, 39.901857 ], [ 116.3829548, 39.9018786 ], [ 116.3829253, 39.9018899 ], [ 116.3828838, 39.9018909 ], [ 116.3828529, 39.9018755 ], [ 116.3823109, 39.9014542 ], [ 116.3822628, 39.90143 ], [ 116.3822078, 39.9014259 ], [ 116.3821059, 39.9014249 ], [ 116.3820539, 39.9014336 ], [ 116.3820268, 39.9014537 ], [ 116.3820016, 39.9014799 ], [ 116.3819933, 39.9015 ], [ 116.3819959, 39.9017942 ], [ 116.3819946, 39.9018261 ], [ 116.3819758, 39.9018446 ], [ 116.3817575, 39.901911 ], [ 116.3817304, 39.9019249 ], [ 116.381717, 39.9019414 ], [ 116.381721, 39.902178 ], [ 116.3817291, 39.9022469 ], [ 116.3817521, 39.9022834 ], [ 116.3817894, 39.9023138 ], [ 116.3818755, 39.9023451 ], [ 116.3819906, 39.9023683 ], [ 116.3821019, 39.9023735 ], [ 116.382192, 39.9023677 ], [ 116.3822673, 39.9023535 ], [ 116.3822816, 39.9023508 ], [ 116.3823664, 39.90234 ], [ 116.3824573, 39.9023292 ], [ 116.3825686, 39.9023179 ], [ 116.3826876, 39.9023087 ], [ 116.382755, 39.9023035 ], [ 116.3830155, 39.9022906 ], [ 116.3830487, 39.9022839 ], [ 116.3830849, 39.9022695 ], [ 116.3831214, 39.9022412 ], [ 116.3831496, 39.9022 ], [ 116.3831627, 39.9021461 ], [ 116.3831694, 39.9020988 ], [ 116.3831654, 39.9020556 ], [ 116.3831453, 39.9019732 ], [ 116.3831324, 39.9019342 ], [ 116.3831211, 39.9019002 ], [ 116.3830729, 39.9018055 ], [ 116.3830192, 39.9017212 ], [ 116.3829806, 39.901662 ], [ 116.3828945, 39.9015689 ], [ 116.3828395, 39.9015144 ], [ 116.3827995, 39.9014922 ], [ 116.3827539, 39.9014758 ], [ 116.3827108, 39.901466 ] ], [ [ 116.3831955, 39.9018116 ], [ 116.3831775, 39.90182 ], [ 116.3831788, 39.9018395 ], [ 116.3832116, 39.9019022 ], [ 116.3832875, 39.9019503 ], [ 116.3833136, 39.9020194 ], [ 116.3833907, 39.90207 ], [ 116.3834262, 39.9020822 ], [ 116.3834524, 39.9020854 ], [ 116.3834736, 39.9020636 ], [ 116.3834591, 39.9020617 ], [ 116.3834417, 39.9020514 ], [ 116.383386, 39.9020225 ], [ 116.383339, 39.9019937 ], [ 116.3833009, 39.9019599 ], [ 116.3832706, 39.9019238 ], [ 116.3832499, 39.9018817 ], [ 116.3832291, 39.9018168 ], [ 116.3832177, 39.9018086 ], [ 116.3831955, 39.9018116 ] ], [ [ 116.383262, 39.9014691 ], [ 116.3832057, 39.901465 ], [ 116.3830192, 39.901464 ], [ 116.3830045, 39.9014702 ], [ 116.3829871, 39.9014804 ], [ 116.382975, 39.9014918 ], [ 116.3829723, 39.9015072 ], [ 116.3829756, 39.9015225 ], [ 116.3829938, 39.9015535 ], [ 116.3830313, 39.901607 ], [ 116.3831191, 39.9017324 ], [ 116.3831392, 39.9017622 ], [ 116.3831593, 39.9017766 ], [ 116.3831741, 39.9017828 ], [ 116.3831963, 39.901786 ], [ 116.3832157, 39.9017787 ], [ 116.3832244, 39.9017665 ], [ 116.3832291, 39.9017355 ], [ 116.3832338, 39.9016975 ], [ 116.3832532, 39.9016522 ], [ 116.3832794, 39.901607 ], [ 116.3833162, 39.901574 ], [ 116.3833492, 39.9015401 ], [ 116.3833605, 39.9015266 ], [ 116.3833618, 39.9015122 ], [ 116.3833559, 39.9014948 ], [ 116.3833411, 39.9014846 ], [ 116.383313, 39.9014763 ], [ 116.383262, 39.9014691 ] ], [ [ 116.3850791, 39.9040134 ], [ 116.3851006, 39.9040257 ], [ 116.3851167, 39.904036 ], [ 116.3851599, 39.9040488 ], [ 116.3851985, 39.9040504 ], [ 116.385232, 39.9040411 ], [ 116.3852495, 39.9040257 ], [ 116.3852696, 39.9040031 ], [ 116.3852819, 39.9039727 ], [ 116.3853018, 39.9035566 ], [ 116.3852977, 39.9035339 ], [ 116.3852897, 39.9035123 ], [ 116.3852763, 39.9034949 ], [ 116.3852401, 39.9034877 ], [ 116.3851931, 39.9034877 ], [ 116.3851652, 39.9034902 ], [ 116.3851422, 39.9034959 ], [ 116.3851277, 39.9035066 ], [ 116.3851127, 39.9035247 ], [ 116.3851086, 39.9035442 ], [ 116.385106, 39.9036008 ], [ 116.3850955, 39.9037083 ], [ 116.3850832, 39.9038035 ], [ 116.3850631, 39.9039506 ], [ 116.3850593, 39.9039737 ], [ 116.3850633, 39.9039953 ], [ 116.3850791, 39.9040134 ] ], [ [ 116.3851357, 39.9031579 ], [ 116.3851317, 39.9032217 ], [ 116.3851408, 39.9032593 ], [ 116.3851599, 39.9032772 ], [ 116.3851891, 39.9032881 ], [ 116.3852361, 39.9032922 ], [ 116.3852736, 39.9032809 ], [ 116.3852994, 39.9032628 ], [ 116.3853165, 39.9032335 ], [ 116.3853222, 39.9031918 ], [ 116.3853487, 39.9025792 ], [ 116.3853433, 39.9025463 ], [ 116.385334, 39.9025195 ], [ 116.3853165, 39.9025062 ], [ 116.3852967, 39.9024984 ], [ 116.3852699, 39.9024953 ], [ 116.385231, 39.9024953 ], [ 116.3851797, 39.9025031 ], [ 116.3851288, 39.9025123 ], [ 116.3850767, 39.9025354 ], [ 116.3850352, 39.9025581 ], [ 116.3850161, 39.9025864 ], [ 116.3850124, 39.9026167 ], [ 116.3850282, 39.9026584 ], [ 116.3850563, 39.902716 ], [ 116.3850899, 39.9028261 ], [ 116.3851143, 39.9029449 ], [ 116.3851274, 39.9030545 ], [ 116.3851357, 39.9031579 ] ], [ [ 116.3841136, 39.9022994 ], [ 116.3841538, 39.9023179 ], [ 116.384198, 39.9023282 ], [ 116.3848246, 39.9024243 ], [ 116.3848736, 39.9024334 ], [ 116.3849558, 39.9024486 ], [ 116.3850698, 39.902463 ], [ 116.3851864, 39.9024619 ], [ 116.3852642, 39.9024475 ], [ 116.3853045, 39.902429 ], [ 116.385334, 39.9023961 ], [ 116.3853554, 39.9023621 ], [ 116.3853648, 39.9023148 ], [ 116.3853672, 39.9021794 ], [ 116.3853675, 39.9021636 ], [ 116.3853661, 39.9021399 ], [ 116.3853568, 39.9021224 ], [ 116.3853313, 39.9021091 ], [ 116.385302, 39.9020889 ], [ 116.3852723, 39.9020514 ], [ 116.3852548, 39.9019825 ], [ 116.3852589, 39.9019084 ], [ 116.385271, 39.9016481 ], [ 116.3852723, 39.9016193 ], [ 116.3852656, 39.9015874 ], [ 116.3852482, 39.9015683 ], [ 116.3852269, 39.9015447 ], [ 116.3851867, 39.9015293 ], [ 116.3851274, 39.9015175 ], [ 116.384996, 39.9015014 ], [ 116.3843905, 39.9019004 ], [ 116.3843339, 39.9019353 ], [ 116.3843146, 39.9019379 ], [ 116.3842943, 39.9019363 ], [ 116.3842786, 39.9019328 ], [ 116.3842635, 39.9019259 ], [ 116.384256, 39.9019189 ], [ 116.3842517, 39.9019085 ], [ 116.3842484, 39.9018975 ], [ 116.3842532, 39.9018863 ], [ 116.3843016, 39.9018522 ], [ 116.3843063, 39.9018491 ], [ 116.384782, 39.901536 ], [ 116.3848272, 39.9015063 ], [ 116.384658, 39.9015 ], [ 116.3845628, 39.9015082 ], [ 116.384488, 39.9015303 ], [ 116.3844156, 39.9015735 ], [ 116.3843297, 39.9016424 ], [ 116.3842691, 39.9017016 ], [ 116.3841806, 39.9018097 ], [ 116.3841256, 39.901894 ], [ 116.3840968, 39.9019431 ], [ 116.384084, 39.901965 ], [ 116.3840505, 39.9020473 ], [ 116.3840454, 39.9021105 ], [ 116.3840454, 39.9021764 ], [ 116.3840548, 39.902234 ], [ 116.3840763, 39.902268 ], [ 116.3841136, 39.9022994 ] ], [ [ 116.3837099, 39.9020905 ], [ 116.3837226, 39.9020976 ], [ 116.3837394, 39.9020977 ], [ 116.3837789, 39.9020945 ], [ 116.3838366, 39.9020719 ], [ 116.3838977, 39.902035 ], [ 116.3839559, 39.9019886 ], [ 116.3839929, 39.9019455 ], [ 116.3840391, 39.9018795 ], [ 116.3840479, 39.9018601 ], [ 116.3840439, 39.9018457 ], [ 116.3840237, 39.9018426 ], [ 116.3840069, 39.9018456 ], [ 116.3840133, 39.901866 ], [ 116.3839808, 39.901893 ], [ 116.38395, 39.9019372 ], [ 116.383899, 39.9019897 ], [ 116.38385, 39.9020266 ], [ 116.3838065, 39.9020463 ], [ 116.3837448, 39.90207 ], [ 116.3837206, 39.9020802 ], [ 116.3837099, 39.9020905 ] ], [ [ 116.3834551, 39.9020134 ], [ 116.3835087, 39.9020278 ], [ 116.3835623, 39.9020319 ], [ 116.3835721, 39.9018231 ], [ 116.3832941, 39.9018179 ], [ 116.3833022, 39.9018662 ], [ 116.3833276, 39.9019074 ], [ 116.3833558, 39.9019393 ], [ 116.383384, 39.9019691 ], [ 116.3834551, 39.9020134 ] ], [ [ 116.3839218, 39.9018343 ], [ 116.3836374, 39.9018241 ], [ 116.3836274, 39.90203 ], [ 116.3836981, 39.9020258 ], [ 116.3837903, 39.9019948 ], [ 116.3838641, 39.9019403 ], [ 116.383903, 39.9018837 ], [ 116.3839218, 39.9018343 ] ], [ [ 116.3833022, 39.9017407 ], [ 116.3832901, 39.9017829 ], [ 116.3833451, 39.9017839 ], [ 116.3835731, 39.9017922 ], [ 116.3835667, 39.9017448 ], [ 116.3835462, 39.9016985 ], [ 116.3835208, 39.9016636 ], [ 116.3834524, 39.9015926 ], [ 116.3833826, 39.9016378 ], [ 116.3833342, 39.9016824 ], [ 116.3833022, 39.9017407 ] ], [ [ 116.3836543, 39.9017145 ], [ 116.3836404, 39.901751 ], [ 116.3836391, 39.9017912 ], [ 116.3839244, 39.9018014 ], [ 116.3839231, 39.9017623 ], [ 116.383911, 39.9017171 ], [ 116.3838695, 39.9016605 ], [ 116.3838198, 39.9016152 ], [ 116.3837729, 39.9015967 ], [ 116.383738, 39.9016245 ], [ 116.3836844, 39.901679 ], [ 116.3836543, 39.9017145 ] ], [ [ 116.3835302, 39.901607 ], [ 116.3835704, 39.9016697 ], [ 116.3836039, 39.9017325 ], [ 116.3836415, 39.9016687 ], [ 116.3836924, 39.9016131 ], [ 116.3837327, 39.9015782 ], [ 116.3836911, 39.9015658 ], [ 116.383616, 39.9015596 ], [ 116.3835556, 39.9015596 ], [ 116.3834993, 39.9015782 ], [ 116.3835302, 39.901607 ] ], [ [ 116.3840217, 39.9017982 ], [ 116.384031, 39.9018085 ], [ 116.3840439, 39.9018107 ], [ 116.3840632, 39.9018106 ], [ 116.384086, 39.9018075 ], [ 116.3841102, 39.9017797 ], [ 116.3841538, 39.9017181 ], [ 116.3842496, 39.9015956 ], [ 116.3842678, 39.901573 ], [ 116.3842759, 39.9015494 ], [ 116.3842785, 39.9015339 ], [ 116.3842678, 39.9015165 ], [ 116.384249, 39.9015031 ], [ 116.3842209, 39.9014959 ], [ 116.3839768, 39.9014928 ], [ 116.3839527, 39.9014969 ], [ 116.3839339, 39.901501 ], [ 116.3839164, 39.9015123 ], [ 116.383903, 39.9015288 ], [ 116.3839017, 39.9015504 ], [ 116.3839097, 39.9015658 ], [ 116.3839264, 39.9015812 ], [ 116.3839492, 39.9016048 ], [ 116.3839808, 39.9016533 ], [ 116.3840069, 39.9017118 ], [ 116.384017, 39.9017623 ], [ 116.3840176, 39.9017859 ], [ 116.3840217, 39.9017982 ] ], [ [ 116.3823808, 39.9046101 ], [ 116.3824412, 39.9046245 ], [ 116.382519, 39.9046317 ], [ 116.3826893, 39.9046481 ], [ 116.3830356, 39.9046733 ], [ 116.383332, 39.9046897 ], [ 116.3836552, 39.9047 ], [ 116.3837756, 39.9047006 ], [ 116.3843193, 39.9046952 ], [ 116.3844019, 39.9046944 ], [ 116.384551, 39.9046846 ], [ 116.3846151, 39.9046738 ], [ 116.3846647, 39.9046584 ], [ 116.3847197, 39.9046286 ], [ 116.3847535, 39.9046013 ], [ 116.3847814, 39.9045689 ], [ 116.3848096, 39.9045308 ], [ 116.384827, 39.9044959 ], [ 116.3848498, 39.904429 ], [ 116.3849051, 39.9042237 ], [ 116.3849652, 39.904 ], [ 116.384988, 39.9038714 ], [ 116.3850134, 39.9036564 ], [ 116.3850362, 39.9034239 ], [ 116.3850429, 39.9033107 ], [ 116.3850429, 39.9031605 ], [ 116.3850365, 39.903092 ], [ 116.3850228, 39.9029671 ], [ 116.3850094, 39.9028858 ], [ 116.3849719, 39.9027634 ], [ 116.3849477, 39.9026903 ], [ 116.3849075, 39.9026111 ], [ 116.3848927, 39.9025813 ], [ 116.3848525, 39.9025422 ], [ 116.3848163, 39.9025134 ], [ 116.3847482, 39.9024809 ], [ 116.3846851, 39.9024634 ], [ 116.3846017, 39.9024455 ], [ 116.3844153, 39.9024126 ], [ 116.3842584, 39.9023899 ], [ 116.3840254, 39.9023658 ], [ 116.3839701, 39.9023601 ], [ 116.3837179, 39.9023446 ], [ 116.383506, 39.9023405 ], [ 116.3833183, 39.9023426 ], [ 116.3831636, 39.9023449 ], [ 116.3831064, 39.9023457 ], [ 116.3829817, 39.9023498 ], [ 116.3828489, 39.902358 ], [ 116.3826963, 39.9023688 ], [ 116.3825659, 39.9023817 ], [ 116.3824667, 39.9023971 ], [ 116.3824077, 39.9024136 ], [ 116.3823366, 39.9024486 ], [ 116.3822899, 39.9024881 ], [ 116.3822441, 39.9025401 ], [ 116.3822014, 39.9026239 ], [ 116.382118, 39.9028467 ], [ 116.3820845, 39.9029578 ], [ 116.3820657, 39.9030638 ], [ 116.3820536, 39.9032222 ], [ 116.3820456, 39.9034475 ], [ 116.3820485, 39.9035992 ], [ 116.3820606, 39.9037649 ], [ 116.382071, 39.903894 ], [ 116.3820874, 39.9040169 ], [ 116.382118, 39.9042129 ], [ 116.3821448, 39.9043292 ], [ 116.3821598, 39.9043934 ], [ 116.3821746, 39.9044428 ], [ 116.3822038, 39.9044866 ], [ 116.3822427, 39.904535 ], [ 116.3823151, 39.9045833 ], [ 116.3823808, 39.9046101 ] ], [ [ 116.3848876, 39.9046681 ], [ 116.3849155, 39.9046882 ], [ 116.3849424, 39.9046996 ], [ 116.3849839, 39.9047078 ], [ 116.3851867, 39.9047144 ], [ 116.3852039, 39.9047109 ], [ 116.38522, 39.9046965 ], [ 116.3852307, 39.9046841 ], [ 116.3852414, 39.9046564 ], [ 116.3852468, 39.9045771 ], [ 116.3852682, 39.9041523 ], [ 116.3852615, 39.9041296 ], [ 116.3852428, 39.9041101 ], [ 116.3852213, 39.9040967 ], [ 116.3851931, 39.9040885 ], [ 116.3851556, 39.9040844 ], [ 116.385117, 39.9040858 ], [ 116.3850794, 39.9040972 ], [ 116.3850432, 39.9041188 ], [ 116.3850201, 39.904144 ], [ 116.3850094, 39.9041883 ], [ 116.3849936, 39.9042823 ], [ 116.3849668, 39.9043718 ], [ 116.384941, 39.9044434 ], [ 116.3849118, 39.9045272 ], [ 116.3848823, 39.9045817 ], [ 116.3848715, 39.9046013 ], [ 116.3848659, 39.9046317 ], [ 116.3848726, 39.9046502 ], [ 116.3848876, 39.9046681 ] ], [ [ 116.3838306, 39.9049676 ], [ 116.3838252, 39.9050062 ], [ 116.3838359, 39.9050268 ], [ 116.3842694, 39.9053595 ], [ 116.3843338, 39.9054047 ], [ 116.3843552, 39.9054253 ], [ 116.3843456, 39.9054712 ], [ 116.3843214, 39.9054835 ], [ 116.3842812, 39.9054835 ], [ 116.3842651, 39.9054753 ], [ 116.3842275, 39.9054609 ], [ 116.3841524, 39.9054547 ], [ 116.3840747, 39.9054506 ], [ 116.3840505, 39.905465 ], [ 116.3840344, 39.9054877 ], [ 116.3840344, 39.9056028 ], [ 116.3843643, 39.905611 ], [ 116.3844303, 39.9056187 ], [ 116.3844904, 39.9056378 ], [ 116.3845296, 39.9056578 ], [ 116.3846513, 39.9056933 ], [ 116.3847264, 39.9056974 ], [ 116.3847989, 39.9056954 ], [ 116.3848766, 39.905681 ], [ 116.3849464, 39.9056563 ], [ 116.3850215, 39.9056131 ], [ 116.3850879, 39.9055621 ], [ 116.3851046, 39.9055493 ], [ 116.3851449, 39.9054794 ], [ 116.3851824, 39.9053807 ], [ 116.3852012, 39.9053004 ], [ 116.3852012, 39.9052654 ], [ 116.3851851, 39.9052449 ], [ 116.3845119, 39.9052284 ], [ 116.384477, 39.9052222 ], [ 116.3844421, 39.9052058 ], [ 116.3844314, 39.9051831 ], [ 116.3844341, 39.9051482 ], [ 116.3844555, 39.9051235 ], [ 116.3844877, 39.9051152 ], [ 116.3851787, 39.9051167 ], [ 116.3852039, 39.9051008 ], [ 116.38522, 39.9050741 ], [ 116.3852361, 39.9048334 ], [ 116.3852307, 39.9048025 ], [ 116.3852092, 39.9047778 ], [ 116.3851744, 39.9047655 ], [ 116.3850939, 39.9047552 ], [ 116.3849839, 39.9047449 ], [ 116.384882, 39.904749 ], [ 116.3847211, 39.9047655 ], [ 116.3845843, 39.9047984 ], [ 116.3844609, 39.9048375 ], [ 116.3843804, 39.9048601 ], [ 116.3842758, 39.9048807 ], [ 116.3841551, 39.9049013 ], [ 116.3840452, 39.9049095 ], [ 116.3839405, 39.9049218 ], [ 116.3838762, 39.9049424 ], [ 116.3838306, 39.9049676 ] ], [ [ 116.382137, 39.9046661 ], [ 116.3821086, 39.9046718 ], [ 116.3820965, 39.9046893 ], [ 116.3820767, 39.9047206 ], [ 116.3820764, 39.9047551 ], [ 116.3820818, 39.9047839 ], [ 116.3820831, 39.904837 ], [ 116.3820863, 39.9049035 ], [ 116.3820952, 39.9049989 ], [ 116.3821008, 39.9050138 ], [ 116.3821183, 39.9050303 ], [ 116.3821555, 39.905037 ], [ 116.3823835, 39.905036 ], [ 116.3824506, 39.9050391 ], [ 116.3824801, 39.9050473 ], [ 116.3824975, 39.9050555 ], [ 116.3825085, 39.9050776 ], [ 116.3825125, 39.9051064 ], [ 116.3825015, 39.9051265 ], [ 116.3824881, 39.9051491 ], [ 116.3824533, 39.9051615 ], [ 116.3821529, 39.9051625 ], [ 116.3821301, 39.9051656 ], [ 116.3821196, 39.9051753 ], [ 116.3821126, 39.9051882 ], [ 116.3821142, 39.9052052 ], [ 116.3821287, 39.9053786 ], [ 116.3821354, 39.905431 ], [ 116.3821464, 39.9054613 ], [ 116.3821542, 39.9054773 ], [ 116.382185, 39.9055092 ], [ 116.3822266, 39.9055256 ], [ 116.382287, 39.9055431 ], [ 116.3823822, 39.9055575 ], [ 116.3824801, 39.9055606 ], [ 116.3828583, 39.9055699 ], [ 116.3828623, 39.9054351 ], [ 116.3828543, 39.9054218 ], [ 116.3828395, 39.9054125 ], [ 116.3827993, 39.9054074 ], [ 116.3827443, 39.9054032 ], [ 116.382704, 39.905393 ], [ 116.3826625, 39.9053775 ], [ 116.3826386, 39.9053502 ], [ 116.3826437, 39.9053117 ], [ 116.3826678, 39.9052963 ], [ 116.3829699, 39.9051074 ], [ 116.3830769, 39.9050421 ], [ 116.3831026, 39.9050025 ], [ 116.3831117, 39.9049773 ], [ 116.3831093, 39.9049449 ], [ 116.3830809, 39.9049177 ], [ 116.383045, 39.9048955 ], [ 116.3829548, 39.9048775 ], [ 116.382865, 39.9048642 ], [ 116.3827644, 39.9048477 ], [ 116.3826694, 39.9048297 ], [ 116.3825581, 39.9047947 ], [ 116.3824399, 39.90475 ], [ 116.3823784, 39.9047237 ], [ 116.3822561, 39.9046872 ], [ 116.3821689, 39.9046687 ], [ 116.382137, 39.9046661 ] ], [ [ 116.3820161, 39.904466 ], [ 116.3820322, 39.9045596 ], [ 116.3820509, 39.9046101 ], [ 116.3820617, 39.9046245 ], [ 116.3820791, 39.9046347 ], [ 116.3821073, 39.9046265 ], [ 116.3821327, 39.9046131 ], [ 116.3821475, 39.9045957 ], [ 116.3821451, 39.9045776 ], [ 116.3821287, 39.9045576 ], [ 116.3820981, 39.9045097 ], [ 116.3820778, 39.9044671 ], [ 116.3820566, 39.9044099 ], [ 116.3820456, 39.9043621 ], [ 116.3820255, 39.9042407 ], [ 116.3819989, 39.9040591 ], [ 116.3819745, 39.9038868 ], [ 116.3819544, 39.903679 ], [ 116.3819466, 39.9035838 ], [ 116.381945, 39.9034897 ], [ 116.3819517, 39.9034002 ], [ 116.381953, 39.9033632 ], [ 116.381941, 39.9033405 ], [ 116.3819208, 39.9033385 ], [ 116.3818994, 39.9033508 ], [ 116.3818887, 39.9033704 ], [ 116.3818846, 39.9034228 ], [ 116.3818873, 39.9034691 ], [ 116.3819329, 39.903786 ], [ 116.3819772, 39.9041152 ], [ 116.3819986, 39.9043086 ], [ 116.3820161, 39.904466 ] ] ] } },
{ "type": "Feature", "properties": { "index": 704, "color": "#3b4cc0", "label": "Designated", "@osmId": "way/724596166" }, "geometry": { "type": "Polygon", "coordinates": [ [ [ 116.3882996, 39.9017506 ], [ 116.3879386, 39.9017387 ], [ 116.3872953, 39.9017223 ], [ 116.3869265, 39.9017181 ], [ 116.3869064, 39.9016893 ], [ 116.3867736, 39.9016842 ], [ 116.3866026, 39.9016811 ], [ 116.3865624, 39.9016894 ], [ 116.3865195, 39.9017141 ], [ 116.386498, 39.9017449 ], [ 116.3864873, 39.9019486 ], [ 116.3861789, 39.9019383 ], [ 116.3861145, 39.9019383 ], [ 116.3860662, 39.9019548 ], [ 116.3860233, 39.9019816 ], [ 116.3859723, 39.9020268 ], [ 116.3859509, 39.9020762 ], [ 116.3859428, 39.9021132 ], [ 116.3859262, 39.9024913 ], [ 116.3858999, 39.9030906 ], [ 116.3860582, 39.9030947 ], [ 116.3860152, 39.9039322 ], [ 116.3858704, 39.9039281 ], [ 116.3858509, 39.904306 ], [ 116.3858171, 39.9049583 ], [ 116.3858007, 39.9052758 ], [ 116.3858007, 39.9053066 ], [ 116.3858168, 39.9053457 ], [ 116.3858234, 39.9053522 ], [ 116.3858463, 39.9053745 ], [ 116.3858758, 39.9053848 ], [ 116.3865463, 39.9054116 ], [ 116.3865496, 39.9053733 ], [ 116.3865546, 39.9053142 ], [ 116.3866739, 39.9053156 ], [ 116.3867857, 39.9053169 ], [ 116.3867838, 39.9053801 ], [ 116.386783, 39.9054053 ], [ 116.3867708, 39.9056191 ], [ 116.3867689, 39.9056529 ], [ 116.3866577, 39.9056496 ], [ 116.3865275, 39.9056457 ], [ 116.3865302, 39.9056113 ], [ 116.3865383, 39.9055062 ], [ 116.3858516, 39.9054836 ], [ 116.3857926, 39.9054692 ], [ 116.3857497, 39.9054506 ], [ 116.3857256, 39.9054301 ], [ 116.3857122, 39.9053972 ], [ 116.3857665, 39.9043045 ], [ 116.3857926, 39.9037799 ], [ 116.3856519, 39.9037758 ], [ 116.3856758, 39.9033029 ], [ 116.3856822, 39.9031769 ], [ 116.3858168, 39.9031832 ], [ 116.3858329, 39.9029281 ], [ 116.3858509, 39.9024892 ], [ 116.3858677, 39.9020783 ], [ 116.3858879, 39.9020268 ], [ 116.3859339, 39.9019952 ], [ 116.3860944, 39.9018847 ], [ 116.386523, 39.901666 ], [ 116.3865864, 39.901642 ], [ 116.386663, 39.9016131 ], [ 116.3867918, 39.9015761 ], [ 116.3869055, 39.9015529 ], [ 116.3870019, 39.9015435 ], [ 116.3871096, 39.901533 ], [ 116.3877856, 39.9015523 ], [ 116.3881934, 39.9015642 ], [ 116.3884856, 39.9015721 ], [ 116.3884842, 39.9015883 ], [ 116.3884802, 39.9016368 ], [ 116.3884465, 39.9017116 ], [ 116.3884366, 39.9017336 ], [ 116.3883199, 39.9017305 ], [ 116.3882996, 39.9017506 ] ] ] } },
{ "type": "Feature", "properties": { "index": 705, "color": "#3b4cc0", "label": "Designated", "@osmId": "way/1076099204" }, "geometry": { "type": "Polygon", "coordinates": [ [ [ 116.3698194, 39.9062369 ], [ 116.3698225, 39.9063455 ], [ 116.3697516, 39.9063467 ], [ 116.3697486, 39.906238 ], [ 116.3697822, 39.9062375 ], [ 116.3698194, 39.9062369 ] ] ] } },
{ "type": "Feature", "properties": { "index": 706, "color": "#3b4cc0", "label": "Designated", "@osmId": "way/1075553889" }, "geometry": { "type": "Polygon", "coordinates": [ [ [ 116.3692973, 39.9073279 ], [ 116.369164, 39.9073205 ], [ 116.3690384, 39.9072855 ], [ 116.3689301, 39.9072255 ], [ 116.368891, 39.9071875 ], [ 116.3688473, 39.907145 ], [ 116.3688163, 39.9070875 ], [ 116.3687963, 39.9070503 ], [ 116.3687823, 39.9069572 ], [ 116.368781, 39.9069484 ], [ 116.3688026, 39.9068473 ], [ 116.3688594, 39.9067545 ], [ 116.3689471, 39.9066772 ], [ 116.369075, 39.9066151 ], [ 116.369158, 39.9065949 ], [ 116.3692489, 39.9065861 ], [ 116.3694042, 39.9066015 ], [ 116.3695317, 39.9066472 ], [ 116.3695908, 39.9066871 ], [ 116.369632, 39.906715 ], [ 116.3697044, 39.9068011 ], [ 116.3697433, 39.9068992 ], [ 116.3697458, 39.9070017 ], [ 116.3697256, 39.9070601 ], [ 116.3697116, 39.9071008 ], [ 116.3696435, 39.9071889 ], [ 116.3695465, 39.9072595 ], [ 116.3694281, 39.907307 ], [ 116.3693701, 39.9073163 ], [ 116.3692973, 39.9073279 ] ] ] } },
{ "type": "Feature", "properties": { "index": 707, "color": "#3b4cc0", "label": "Designated", "@osmId": "way/921899100" }, "geometry": { "type": "Polygon", "coordinates": [ [ [ 116.3681194, 39.9123244 ], [ 116.3680836, 39.9132255 ], [ 116.3679527, 39.913226 ], [ 116.3679746, 39.9124931 ], [ 116.3679786, 39.9123259 ], [ 116.3681194, 39.9123244 ] ] ] } }
]
}
